sample	sequence_name	vdj	cdr3	subset	blood	variable	value	complexity	equality	complexity_lvl
1	h9C12-Q97A_HC	0	0	run1	TRUE	h9C12-Q97A	1	1	equal	single
1	h9C12-Q97A_HC	6.0344827586206895	0	run4	TRUE	h9C12-Q97A	1	1	equal	single
1	h9C12-Q97A_HC	20.689655172413794	0	run2	TRUE	h9C12-Q97A	1	1	equal	single
1	h9C12-Q97A_HC	19.82758620689655	0	run3	TRUE	h9C12-Q97A	1	1	equal	single
10	h9C12-WT_HC	95.72649572649573	100	run2	TRUE	h9C12-WT	10	1	equal	single
10	h9C12-WT_HC	0	0	run1	TRUE	h9C12-WT	10	1	equal	single
10	h9C12-WT_HC	68.37606837606837	69.23076923076923	run3	TRUE	h9C12-WT	10	1	equal	single
10	h9C12-WT_HC	33.33333333333333	76.92307692307693	run4	TRUE	h9C12-WT	10	1	equal	single
11	Brimab_HC	96.52173913043478	80	run2	TRUE	Brimab	10	1	equal	single
11	Brimab_HC	96.52173913043478	80	run1	TRUE	Brimab	10	1	equal	single
11	Brimab_HC	74.78260869565217	0	run3	TRUE	Brimab	10	1	equal	single
11	Brimab_HC	53.91304347826087	0	run4	TRUE	Brimab	10	1	equal	single
12	Umab_HC	33.61344537815126	78.57142857142857	run4	TRUE	Umab	10	1	equal	single
12	Umab_HC	47.05882352941176	78.57142857142857	run1	TRUE	Umab	10	1	equal	single
12	Umab_HC	92.43697478991596	100	run2	TRUE	Umab	10	1	equal	single
12	Umab_HC	39.49579831932773	71.42857142857143	run3	TRUE	Umab	10	1	equal	single
13	PGT121_HC	63.63636363636363	0	run2	TRUE	PGT121	10	1	equal	single
13	PGT121_HC	61.36363636363637	10.714285714285714	run1	TRUE	PGT121	10	1	equal	single
13	PGT121_HC	44.696969696969695	10.714285714285714	run4	TRUE	PGT121	10	1	equal	single
13	PGT121_HC	43.18181818181818	10.714285714285714	run3	TRUE	PGT121	10	1	equal	single
14	PGDM1400_HC	12.056737588652481	0	run2	TRUE	PGDM1400	10	1	equal	single
14	PGDM1400_HC	0	0	run1	TRUE	PGDM1400	10	1	equal	single
14	PGDM1400_HC	39.71631205673759	0	run4	TRUE	PGDM1400	10	1	equal	single
14	PGDM1400_HC	50.35460992907801	27.77777777777778	run3	TRUE	PGDM1400	10	1	equal	single
15	h9C12-Q97A_HC	30.17241379310345	0	run4	TRUE	h9C12-Q97A	10	2	equal	multiple
15	h9C12-Q97A_HC	56.896551724137936	76.92307692307693	run3	TRUE	h9C12-Q97A	10	2	equal	multiple
15	h9C12-Q97A_HC	87.93103448275862	100	run2	TRUE	h9C12-Q97A	10	2	equal	multiple
15	h9C12-Q97A_HC	33.62068965517241	0	run1	TRUE	h9C12-Q97A	10	2	equal	multiple
15	h9C12-WT_HC	33.33333333333333	0	run1	TRUE	h9C12-WT	10	2	equal	multiple
15	h9C12-WT_HC	29.914529914529915	0	run4	TRUE	h9C12-WT	10	2	equal	multiple
15	h9C12-WT_HC	56.41025641025641	69.23076923076923	run3	TRUE	h9C12-WT	10	2	equal	multiple
15	h9C12-WT_HC	88.03418803418803	100	run2	TRUE	h9C12-WT	10	2	equal	multiple
16	Brimab_HC	75.65217391304347	0	run2	TRUE	Brimab	10	6	equal	multiple
16	Brimab_HC	77.39130434782608	0	run1	TRUE	Brimab	10	6	equal	multiple
16	Brimab_HC	65.21739130434783	0	run4	TRUE	Brimab	10	6	equal	multiple
16	Brimab_HC	74.78260869565217	0	run3	TRUE	Brimab	10	6	equal	multiple
16	h9C12-Q97A_HC	87.93103448275862	100	run2	TRUE	h9C12-Q97A	10	6	equal	multiple
16	h9C12-Q97A_HC	22.413793103448278	0	run1	TRUE	h9C12-Q97A	10	6	equal	multiple
16	h9C12-Q97A_HC	56.896551724137936	76.92307692307693	run4	TRUE	h9C12-Q97A	10	6	equal	multiple
16	h9C12-Q97A_HC	68.96551724137932	76.92307692307693	run3	TRUE	h9C12-Q97A	10	6	equal	multiple
16	h9C12-WT_HC	69.23076923076923	76.92307692307693	run3	TRUE	h9C12-WT	10	6	equal	multiple
16	h9C12-WT_HC	88.03418803418803	100	run2	TRUE	h9C12-WT	10	6	equal	multiple
16	h9C12-WT_HC	22.22222222222222	0	run1	TRUE	h9C12-WT	10	6	equal	multiple
16	h9C12-WT_HC	40.17094017094017	0	run4	TRUE	h9C12-WT	10	6	equal	multiple
16	PGDM1400_HC	54.60992907801418	0	run3	TRUE	PGDM1400	10	6	equal	multiple
16	PGDM1400_HC	0	0	run1	TRUE	PGDM1400	10	6	equal	multiple
16	PGDM1400_HC	12.056737588652481	0	run2	TRUE	PGDM1400	10	6	equal	multiple
16	PGDM1400_HC	29.78723404255319	0	run4	TRUE	PGDM1400	10	6	equal	multiple
16	PGT121_HC	58.333333333333336	10.714285714285714	run1	TRUE	PGT121	10	6	equal	multiple
16	PGT121_HC	40.909090909090914	0	run4	TRUE	PGT121	10	6	equal	multiple
16	PGT121_HC	50.75757575757576	0	run3	TRUE	PGT121	10	6	equal	multiple
16	PGT121_HC	69.6969696969697	0	run2	TRUE	PGT121	10	6	equal	multiple
16	Umab_HC	42.857142857142854	100	run1	TRUE	Umab	10	6	equal	multiple
16	Umab_HC	92.43697478991596	100	run2	TRUE	Umab	10	6	equal	multiple
16	Umab_HC	29.411764705882355	0	run4	TRUE	Umab	10	6	equal	multiple
16	Umab_HC	26.05042016806723	21.428571428571427	run3	TRUE	Umab	10	6	equal	multiple
17	h9C12-Q97A_HC	73.27586206896551	76.92307692307693	run1	TRUE	h9C12-Q97A	100	1	equal	single
17	h9C12-Q97A_HC	96.55172413793103	100	run3	TRUE	h9C12-Q97A	100	1	equal	single
17	h9C12-Q97A_HC	100	100	run2	TRUE	h9C12-Q97A	100	1	equal	single
17	h9C12-Q97A_HC	64.65517241379311	76.92307692307693	run4	TRUE	h9C12-Q97A	100	1	equal	single
18	h9C12-WT_HC	100	100	run2	TRUE	h9C12-WT	100	1	equal	single
18	h9C12-WT_HC	93.16239316239316	76.92307692307693	run1	TRUE	h9C12-WT	100	1	equal	single
18	h9C12-WT_HC	96.58119658119658	100	run3	TRUE	h9C12-WT	100	1	equal	single
18	h9C12-WT_HC	76.92307692307693	76.92307692307693	run4	TRUE	h9C12-WT	100	1	equal	single
19	Brimab_HC	80.8695652173913	0	run3	TRUE	Brimab	100	1	equal	single
19	Brimab_HC	84.34782608695653	80	run2	TRUE	Brimab	100	1	equal	single
19	Brimab_HC	78.26086956521739	0	run1	TRUE	Brimab	100	1	equal	single
19	Brimab_HC	61.73913043478261	0	run4	TRUE	Brimab	100	1	equal	single
2	h9C12-WT_HC	11.965811965811966	0	run1	TRUE	h9C12-WT	1	1	equal	single
2	h9C12-WT_HC	5.982905982905983	0	run4	TRUE	h9C12-WT	1	1	equal	single
2	h9C12-WT_HC	34.18803418803419	0	run2	TRUE	h9C12-WT	1	1	equal	single
2	h9C12-WT_HC	28.205128205128204	0	run3	TRUE	h9C12-WT	1	1	equal	single
20	Umab_HC	33.61344537815126	78.57142857142857	run1	TRUE	Umab	100	1	equal	single
20	Umab_HC	100	100	run3	TRUE	Umab	100	1	equal	single
20	Umab_HC	63.86554621848739	78.57142857142857	run4	TRUE	Umab	100	1	equal	single
20	Umab_HC	100	100	run2	TRUE	Umab	100	1	equal	single
21	PGT121_HC	71.96969696969697	10.714285714285714	run2	TRUE	PGT121	100	1	equal	single
21	PGT121_HC	59.84848484848485	10.714285714285714	run1	TRUE	PGT121	100	1	equal	single
21	PGT121_HC	58.333333333333336	10.714285714285714	run4	TRUE	PGT121	100	1	equal	single
21	PGT121_HC	58.333333333333336	10.714285714285714	run3	TRUE	PGT121	100	1	equal	single
22	PGDM1400_HC	67.37588652482269	8.333333333333332	run1	TRUE	PGDM1400	100	1	equal	single
22	PGDM1400_HC	43.262411347517734	0	run4	TRUE	PGDM1400	100	1	equal	single
22	PGDM1400_HC	87.94326241134752	86.11111111111111	run3	TRUE	PGDM1400	100	1	equal	single
22	PGDM1400_HC	30.49645390070922	0	run2	TRUE	PGDM1400	100	1	equal	single
23	h9C12-Q97A_HC	100	100	run2	TRUE	h9C12-Q97A	100	2	equal	multiple
23	h9C12-Q97A_HC	84.48275862068965	76.92307692307693	run1	TRUE	h9C12-Q97A	100	2	equal	multiple
23	h9C12-Q97A_HC	68.96551724137932	76.92307692307693	run4	TRUE	h9C12-Q97A	100	2	equal	multiple
23	h9C12-Q97A_HC	96.55172413793103	100	run3	TRUE	h9C12-Q97A	100	2	equal	multiple
23	h9C12-WT_HC	96.58119658119658	100	run3	TRUE	h9C12-WT	100	2	equal	multiple
23	h9C12-WT_HC	100	100	run2	TRUE	h9C12-WT	100	2	equal	multiple
23	h9C12-WT_HC	84.61538461538461	76.92307692307693	run1	TRUE	h9C12-WT	100	2	equal	multiple
23	h9C12-WT_HC	69.23076923076923	76.92307692307693	run4	TRUE	h9C12-WT	100	2	equal	multiple
24	Brimab_HC	98.26086956521739	100	run2	TRUE	Brimab	100	6	equal	multiple
24	Brimab_HC	88.69565217391305	80	run1	TRUE	Brimab	100	6	equal	multiple
24	Brimab_HC	84.34782608695653	80	run4	TRUE	Brimab	100	6	equal	multiple
24	Brimab_HC	98.26086956521739	80	run3	TRUE	Brimab	100	6	equal	multiple
24	h9C12-Q97A_HC	96.55172413793103	100	run4	TRUE	h9C12-Q97A	100	6	equal	multiple
24	h9C12-Q97A_HC	96.55172413793103	100	run3	TRUE	h9C12-Q97A	100	6	equal	multiple
24	h9C12-Q97A_HC	96.55172413793103	100	run2	TRUE	h9C12-Q97A	100	6	equal	multiple
24	h9C12-Q97A_HC	96.55172413793103	100	run1	TRUE	h9C12-Q97A	100	6	equal	multiple
24	h9C12-WT_HC	96.58119658119658	100	run2	TRUE	h9C12-WT	100	6	equal	multiple
24	h9C12-WT_HC	96.58119658119658	100	run1	TRUE	h9C12-WT	100	6	equal	multiple
24	h9C12-WT_HC	96.58119658119658	100	run4	TRUE	h9C12-WT	100	6	equal	multiple
24	h9C12-WT_HC	96.58119658119658	100	run3	TRUE	h9C12-WT	100	6	equal	multiple
24	PGDM1400_HC	12.056737588652481	0	run2	TRUE	PGDM1400	100	6	equal	multiple
24	PGDM1400_HC	79.43262411347519	44.44444444444444	run3	TRUE	PGDM1400	100	6	equal	multiple
24	PGDM1400_HC	43.262411347517734	0	run4	TRUE	PGDM1400	100	6	equal	multiple
24	PGDM1400_HC	68.08510638297872	8.333333333333332	run1	TRUE	PGDM1400	100	6	equal	multiple
24	PGT121_HC	71.96969696969697	10.714285714285714	run1	TRUE	PGT121	100	6	equal	multiple
24	PGT121_HC	71.96969696969697	10.714285714285714	run2	TRUE	PGT121	100	6	equal	multiple
24	PGT121_HC	56.81818181818182	10.714285714285714	run4	TRUE	PGT121	100	6	equal	multiple
24	PGT121_HC	71.96969696969697	10.714285714285714	run3	TRUE	PGT121	100	6	equal	multiple
24	Umab_HC	47.05882352941176	78.57142857142857	run1	TRUE	Umab	100	6	equal	multiple
24	Umab_HC	95.7983193277311	100	run2	TRUE	Umab	100	6	equal	multiple
24	Umab_HC	59.66386554621849	78.57142857142857	run4	TRUE	Umab	100	6	equal	multiple
24	Umab_HC	100	100	run3	TRUE	Umab	100	6	equal	multiple
25	h9C12-Q97A_HC	100	100	run1	TRUE	h9C12-Q97A	1000	1	equal	single
25	h9C12-Q97A_HC	100	100	run3	TRUE	h9C12-Q97A	1000	1	equal	single
25	h9C12-Q97A_HC	96.55172413793103	100	run2	TRUE	h9C12-Q97A	1000	1	equal	single
25	h9C12-Q97A_HC	95.6896551724138	100	run4	TRUE	h9C12-Q97A	1000	1	equal	single
26	h9C12-WT_HC	100	100	run1	TRUE	h9C12-WT	1000	1	equal	single
26	h9C12-WT_HC	100	100	run3	TRUE	h9C12-WT	1000	1	equal	single
26	h9C12-WT_HC	100	100	run4	TRUE	h9C12-WT	1000	1	equal	single
26	h9C12-WT_HC	100	100	run2	TRUE	h9C12-WT	1000	1	equal	single
27	Brimab_HC	98.26086956521739	100	run1	TRUE	Brimab	1000	1	equal	single
27	Brimab_HC	98.26086956521739	100	run2	TRUE	Brimab	1000	1	equal	single
27	Brimab_HC	78.26086956521739	80	run4	TRUE	Brimab	1000	1	equal	single
27	Brimab_HC	96.52173913043478	80	run3	TRUE	Brimab	1000	1	equal	single
28	Umab_HC	100	100	run1	TRUE	Umab	1000	1	equal	single
28	Umab_HC	89.07563025210085	100	run4	TRUE	Umab	1000	1	equal	single
28	Umab_HC	100	100	run2	TRUE	Umab	1000	1	equal	single
28	Umab_HC	100	100	run3	TRUE	Umab	1000	1	equal	single
29	PGT121_HC	81.06060606060606	10.714285714285714	run1	TRUE	PGT121	1000	1	equal	single
29	PGT121_HC	79.54545454545455	10.714285714285714	run2	TRUE	PGT121	1000	1	equal	single
29	PGT121_HC	78.03030303030303	39.285714285714285	run4	TRUE	PGT121	1000	1	equal	single
29	PGT121_HC	58.333333333333336	10.714285714285714	run3	TRUE	PGT121	1000	1	equal	single
3	Brimab_HC	84.34782608695653	0	run1	TRUE	Brimab	1	1	equal	single
3	Brimab_HC	64.34782608695652	0	run3	TRUE	Brimab	1	1	equal	single
3	Brimab_HC	75.65217391304347	0	run2	TRUE	Brimab	1	1	equal	single
3	Brimab_HC	58.26086956521739	0	run4	TRUE	Brimab	1	1	equal	single
30	PGDM1400_HC	85.81560283687944	44.44444444444444	run1	TRUE	PGDM1400	1000	1	equal	single
30	PGDM1400_HC	35.46099290780142	2.7777777777777777	run2	TRUE	PGDM1400	1000	1	equal	single
30	PGDM1400_HC	91.48936170212765	86.11111111111111	run3	TRUE	PGDM1400	1000	1	equal	single
30	PGDM1400_HC	78.01418439716312	19.444444444444446	run4	TRUE	PGDM1400	1000	1	equal	single
31	Brimab_HC	73.91304347826086	0	run1	TRUE	Brimab	1	4	equal	multiple
31	Brimab_HC	61.73913043478261	0	run3	TRUE	Brimab	1	4	equal	multiple
31	Brimab_HC	50.43478260869565	0	run2	TRUE	Brimab	1	4	equal	multiple
31	Brimab_HC	57.391304347826086	0	run4	TRUE	Brimab	1	4	equal	multiple
31	PGDM1400_HC	85.1063829787234	44.44444444444444	run1	TRUE	PGDM1400	1000	4	equal	multiple
31	PGDM1400_HC	28.368794326241137	8.333333333333332	run2	TRUE	PGDM1400	1000	4	equal	multiple
31	PGDM1400_HC	91.48936170212765	86.11111111111111	run3	TRUE	PGDM1400	1000	4	equal	multiple
31	PGDM1400_HC	73.04964539007092	19.444444444444446	run4	TRUE	PGDM1400	1000	4	equal	multiple
31	PGT121_HC	79.54545454545455	39.285714285714285	run2	TRUE	PGT121	1000	4	equal	multiple
31	PGT121_HC	59.84848484848485	10.714285714285714	run3	TRUE	PGT121	1000	4	equal	multiple
31	PGT121_HC	76.51515151515152	39.285714285714285	run4	TRUE	PGT121	1000	4	equal	multiple
31	PGT121_HC	81.06060606060606	10.714285714285714	run1	TRUE	PGT121	1000	4	equal	multiple
31	Umab_HC	0	0	run2	TRUE	Umab	1	4	equal	multiple
31	Umab_HC	46.21848739495798	71.42857142857143	run3	TRUE	Umab	1	4	equal	multiple
31	Umab_HC	22.689075630252102	21.428571428571427	run1	TRUE	Umab	1	4	equal	multiple
31	Umab_HC	15.966386554621847	0	run4	TRUE	Umab	1	4	equal	multiple
32	Brimab_HC	86.95652173913044	80	run2	TRUE	Brimab	100	4	equal	multiple
32	Brimab_HC	80	0	run3	TRUE	Brimab	100	4	equal	multiple
32	Brimab_HC	60.86956521739131	0	run4	TRUE	Brimab	100	4	equal	multiple
32	Brimab_HC	86.95652173913044	80	run1	TRUE	Brimab	100	4	equal	multiple
32	PGDM1400_HC	39.71631205673759	2.7777777777777777	run2	TRUE	PGDM1400	1000	4	equal	multiple
32	PGDM1400_HC	85.1063829787234	66.66666666666666	run3	TRUE	PGDM1400	1000	4	equal	multiple
32	PGDM1400_HC	84.39716312056737	44.44444444444444	run1	TRUE	PGDM1400	1000	4	equal	multiple
32	PGDM1400_HC	65.24822695035462	0	run4	TRUE	PGDM1400	1000	4	equal	multiple
32	PGT121_HC	80.3030303030303	42.857142857142854	run1	TRUE	PGT121	1000	4	equal	multiple
32	PGT121_HC	59.84848484848485	10.714285714285714	run3	TRUE	PGT121	1000	4	equal	multiple
32	PGT121_HC	82.57575757575758	53.57142857142857	run2	TRUE	PGT121	1000	4	equal	multiple
32	PGT121_HC	76.51515151515152	39.285714285714285	run4	TRUE	PGT121	1000	4	equal	multiple
32	Umab_HC	84.87394957983193	100	run2	TRUE	Umab	100	4	equal	multiple
32	Umab_HC	89.07563025210085	100	run3	TRUE	Umab	100	4	equal	multiple
32	Umab_HC	83.19327731092437	100	run1	TRUE	Umab	100	4	equal	multiple
32	Umab_HC	63.86554621848739	78.57142857142857	run4	TRUE	Umab	100	4	equal	multiple
33	Brimab_HC	98.26086956521739	100	run2	TRUE	Brimab	1000	4	equal	multiple
33	Brimab_HC	96.52173913043478	80	run3	TRUE	Brimab	1000	4	equal	multiple
33	Brimab_HC	96.52173913043478	80	run1	TRUE	Brimab	1000	4	equal	multiple
33	Brimab_HC	86.95652173913044	80	run4	TRUE	Brimab	1000	4	equal	multiple
33	PGDM1400_HC	73.04964539007092	0	run4	TRUE	PGDM1400	1000	4	equal	multiple
33	PGDM1400_HC	84.39716312056737	44.44444444444444	run1	TRUE	PGDM1400	1000	4	equal	multiple
33	PGDM1400_HC	39.71631205673759	2.7777777777777777	run2	TRUE	PGDM1400	1000	4	equal	multiple
33	PGDM1400_HC	89.36170212765957	86.11111111111111	run3	TRUE	PGDM1400	1000	4	equal	multiple
33	PGT121_HC	55.3030303030303	0	run1	TRUE	PGT121	1000	4	equal	multiple
33	PGT121_HC	85.60606060606061	39.285714285714285	run2	TRUE	PGT121	1000	4	equal	multiple
33	PGT121_HC	79.54545454545455	39.285714285714285	run4	TRUE	PGT121	1000	4	equal	multiple
33	PGT121_HC	70.45454545454545	10.714285714285714	run3	TRUE	PGT121	1000	4	equal	multiple
33	Umab_HC	100	100	run4	TRUE	Umab	1000	4	equal	multiple
33	Umab_HC	100	100	run2	TRUE	Umab	1000	4	equal	multiple
33	Umab_HC	100	100	run1	TRUE	Umab	1000	4	equal	multiple
33	Umab_HC	100	100	run3	TRUE	Umab	1000	4	equal	multiple
34	h9C12-Q97A_HC	100	100	run2	TRUE	h9C12-Q97A	1000	2	equal	multiple
34	h9C12-Q97A_HC	100	100	run4	TRUE	h9C12-Q97A	1000	2	equal	multiple
34	h9C12-Q97A_HC	96.55172413793103	100	run3	TRUE	h9C12-Q97A	1000	2	equal	multiple
34	h9C12-Q97A_HC	100	100	run1	TRUE	h9C12-Q97A	1000	2	equal	multiple
34	h9C12-WT_HC	96.58119658119658	100	run3	TRUE	h9C12-WT	1000	2	equal	multiple
34	h9C12-WT_HC	100	100	run4	TRUE	h9C12-WT	1000	2	equal	multiple
34	h9C12-WT_HC	100	100	run1	TRUE	h9C12-WT	1000	2	equal	multiple
34	h9C12-WT_HC	100	100	run2	TRUE	h9C12-WT	1000	2	equal	multiple
35	Brimab_HC	98.26086956521739	100	run2	TRUE	Brimab	1000	6	equal	multiple
35	Brimab_HC	96.52173913043478	80	run1	TRUE	Brimab	1000	6	equal	multiple
35	Brimab_HC	74.78260869565217	80	run4	TRUE	Brimab	1000	6	equal	multiple
35	Brimab_HC	94.78260869565217	80	run3	TRUE	Brimab	1000	6	equal	multiple
35	h9C12-Q97A_HC	100	100	run1	TRUE	h9C12-Q97A	1000	6	equal	multiple
35	h9C12-Q97A_HC	96.55172413793103	100	run2	TRUE	h9C12-Q97A	1000	6	equal	multiple
35	h9C12-Q97A_HC	97.41379310344827	76.92307692307693	run4	TRUE	h9C12-Q97A	1000	6	equal	multiple
35	h9C12-Q97A_HC	100	100	run3	TRUE	h9C12-Q97A	1000	6	equal	multiple
35	h9C12-WT_HC	97.43589743589743	76.92307692307693	run4	TRUE	h9C12-WT	1000	6	equal	multiple
35	h9C12-WT_HC	100	100	run3	TRUE	h9C12-WT	1000	6	equal	multiple
35	h9C12-WT_HC	96.58119658119658	100	run2	TRUE	h9C12-WT	1000	6	equal	multiple
35	h9C12-WT_HC	100	100	run1	TRUE	h9C12-WT	1000	6	equal	multiple
35	PGDM1400_HC	39.71631205673759	8.333333333333332	run2	TRUE	PGDM1400	1000	6	equal	multiple
35	PGDM1400_HC	67.37588652482269	0	run4	TRUE	PGDM1400	1000	6	equal	multiple
35	PGDM1400_HC	75.88652482269504	66.66666666666666	run3	TRUE	PGDM1400	1000	6	equal	multiple
35	PGDM1400_HC	84.39716312056737	44.44444444444444	run1	TRUE	PGDM1400	1000	6	equal	multiple
35	PGT121_HC	81.06060606060606	10.714285714285714	run1	TRUE	PGT121	1000	6	equal	multiple
35	PGT121_HC	85.60606060606061	39.285714285714285	run2	TRUE	PGT121	1000	6	equal	multiple
35	PGT121_HC	76.51515151515152	39.285714285714285	run4	TRUE	PGT121	1000	6	equal	multiple
35	PGT121_HC	58.333333333333336	10.714285714285714	run3	TRUE	PGT121	1000	6	equal	multiple
35	Umab_HC	90.75630252100841	100	run4	TRUE	Umab	1000	6	equal	multiple
35	Umab_HC	100	100	run1	TRUE	Umab	1000	6	equal	multiple
35	Umab_HC	100	100	run2	TRUE	Umab	1000	6	equal	multiple
35	Umab_HC	100	100	run3	TRUE	Umab	1000	6	equal	multiple
36	h9C12-WT_HC	67.52136752136752	100	run2	FALSE	h9C12-WT	1	1	equal	single
36	h9C12-WT_HC	0	0	run4	FALSE	h9C12-WT	1	1	equal	single
36	h9C12-WT_HC	49.572649572649574	76.92307692307693	run1	FALSE	h9C12-WT	1	1	equal	single
36	h9C12-WT_HC	21.367521367521366	0	run3	FALSE	h9C12-WT	1	1	equal	single
37	h9C12-WT_HC	91.45299145299145	100	run2	FALSE	h9C12-WT	10	1	equal	single
37	h9C12-WT_HC	10.256410256410255	0	run4	FALSE	h9C12-WT	10	1	equal	single
37	h9C12-WT_HC	81.19658119658119	100	run1	FALSE	h9C12-WT	10	1	equal	single
37	h9C12-WT_HC	50.427350427350426	76.92307692307693	run3	FALSE	h9C12-WT	10	1	equal	single
38	h9C12-WT_HC	96.58119658119658	100	run2	FALSE	h9C12-WT	100	1	equal	single
38	h9C12-WT_HC	96.58119658119658	100	run3	FALSE	h9C12-WT	100	1	equal	single
38	h9C12-WT_HC	81.19658119658119	76.92307692307693	run4	FALSE	h9C12-WT	100	1	equal	single
38	h9C12-WT_HC	100	100	run1	FALSE	h9C12-WT	100	1	equal	single
39	h9C12-WT_HC	96.58119658119658	100	run2	FALSE	h9C12-WT	1000	1	equal	single
39	h9C12-WT_HC	100	100	run1	FALSE	h9C12-WT	1000	1	equal	single
39	h9C12-WT_HC	96.58119658119658	100	run3	FALSE	h9C12-WT	1000	1	equal	single
39	h9C12-WT_HC	96.58119658119658	76.92307692307693	run4	FALSE	h9C12-WT	1000	1	equal	single
4	Umab_HC	25.210084033613445	21.428571428571427	run1	TRUE	Umab	1	1	equal	single
4	Umab_HC	15.966386554621847	0	run4	TRUE	Umab	1	1	equal	single
4	Umab_HC	31.092436974789916	21.428571428571427	run2	TRUE	Umab	1	1	equal	single
4	Umab_HC	36.134453781512605	21.428571428571427	run3	TRUE	Umab	1	1	equal	single
40	Umab_HC	15.966386554621847	0	run4	FALSE	Umab	1	1	equal	single
40	Umab_HC	70.58823529411765	78.57142857142857	run2	FALSE	Umab	1	1	equal	single
40	Umab_HC	49.57983193277311	78.57142857142857	run1	FALSE	Umab	1	1	equal	single
40	Umab_HC	42.857142857142854	0	run3	FALSE	Umab	1	1	equal	single
41	Umab_HC	100	100	run2	FALSE	Umab	10	1	equal	single
41	Umab_HC	84.87394957983193	78.57142857142857	run1	FALSE	Umab	10	1	equal	single
41	Umab_HC	28.57142857142857	0	run4	FALSE	Umab	10	1	equal	single
41	Umab_HC	68.0672268907563	78.57142857142857	run3	FALSE	Umab	10	1	equal	single
42	Umab_HC	95.7983193277311	100	run4	FALSE	Umab	100	1	equal	single
42	Umab_HC	100	100	run3	FALSE	Umab	100	1	equal	single
42	Umab_HC	88.23529411764706	100	run1	FALSE	Umab	100	1	equal	single
42	Umab_HC	100	100	run2	FALSE	Umab	100	1	equal	single
43	Umab_HC	100	100	run3	FALSE	Umab	1000	1	equal	single
43	Umab_HC	100	100	run4	FALSE	Umab	1000	1	equal	single
43	Umab_HC	100	100	run2	FALSE	Umab	1000	1	equal	single
43	Umab_HC	92.43697478991596	100	run1	FALSE	Umab	1000	1	equal	single
44	PGDM1400_HC	18.439716312056735	0	run3	FALSE	PGDM1400	1	1	equal	single
44	PGDM1400_HC	7.092198581560284	0	run4	FALSE	PGDM1400	1	1	equal	single
44	PGDM1400_HC	0	0	run1	FALSE	PGDM1400	1	1	equal	single
44	PGDM1400_HC	12.056737588652481	0	run2	FALSE	PGDM1400	1	1	equal	single
45	PGDM1400_HC	21.98581560283688	0	run2	FALSE	PGDM1400	10	1	equal	single
45	PGDM1400_HC	47.5177304964539	8.333333333333332	run3	FALSE	PGDM1400	10	1	equal	single
45	PGDM1400_HC	30.49645390070922	0	run4	FALSE	PGDM1400	10	1	equal	single
45	PGDM1400_HC	7.092198581560284	0	run1	FALSE	PGDM1400	10	1	equal	single
46	PGDM1400_HC	50.35460992907801	0	run4	FALSE	PGDM1400	100	1	equal	single
46	PGDM1400_HC	30.49645390070922	0	run2	FALSE	PGDM1400	100	1	equal	single
46	PGDM1400_HC	63.12056737588653	8.333333333333332	run3	FALSE	PGDM1400	100	1	equal	single
46	PGDM1400_HC	60.99290780141844	0	run1	FALSE	PGDM1400	100	1	equal	single
47	PGDM1400_HC	85.1063829787234	66.66666666666666	run3	FALSE	PGDM1400	1000	1	equal	single
47	PGDM1400_HC	60.99290780141844	0	run4	FALSE	PGDM1400	1000	1	equal	single
47	PGDM1400_HC	51.06382978723404	30.555555555555557	run2	FALSE	PGDM1400	1000	1	equal	single
47	PGDM1400_HC	76.59574468085107	8.333333333333332	run1	FALSE	PGDM1400	1000	1	equal	single
48	h9C12-Q97A_HC	98.27586206896551	84.61538461538461	run2	FALSE	h9C12-Q97A	1	2	unequal	multiple
48	h9C12-Q97A_HC	89.65517241379311	7.6923076923076925	run4	FALSE	h9C12-Q97A	1	2	unequal	multiple
48	h9C12-Q97A_HC	88.79310344827587	30.76923076923077	run1	FALSE	h9C12-Q97A	1	2	unequal	multiple
48	h9C12-Q97A_HC	90.51724137931035	46.15384615384615	run3	FALSE	h9C12-Q97A	1	2	unequal	multiple
48	h9C12-WT_HC	96.58119658119658	100	run1	FALSE	h9C12-WT	1000	2	equal	multiple
48	h9C12-WT_HC	100	100	run2	FALSE	h9C12-WT	1000	2	equal	multiple
48	h9C12-WT_HC	97.43589743589743	76.92307692307693	run4	FALSE	h9C12-WT	1000	2	equal	multiple
48	h9C12-WT_HC	96.58119658119658	100	run3	FALSE	h9C12-WT	1000	2	equal	multiple
49	h9C12-Q97A_HC	92.24137931034483	30.76923076923077	run1	FALSE	h9C12-Q97A	10	2	unequal	multiple
49	h9C12-Q97A_HC	90.51724137931035	46.15384615384615	run3	FALSE	h9C12-Q97A	10	2	unequal	multiple
49	h9C12-Q97A_HC	85.34482758620689	7.6923076923076925	run4	FALSE	h9C12-Q97A	10	2	unequal	multiple
49	h9C12-Q97A_HC	100	100	run2	FALSE	h9C12-Q97A	10	2	unequal	multiple
49	h9C12-WT_HC	100	100	run2	FALSE	h9C12-WT	1000	2	equal	multiple
49	h9C12-WT_HC	100	100	run1	FALSE	h9C12-WT	1000	2	equal	multiple
49	h9C12-WT_HC	96.58119658119658	100	run3	FALSE	h9C12-WT	1000	2	equal	multiple
49	h9C12-WT_HC	93.16239316239316	76.92307692307693	run4	FALSE	h9C12-WT	1000	2	equal	multiple
5	PGT121_HC	0	0	run4	TRUE	PGT121	1	1	equal	single
5	PGT121_HC	19.696969696969695	0	run1	TRUE	PGT121	1	1	equal	single
5	PGT121_HC	18.939393939393938	0	run2	TRUE	PGT121	1	1	equal	single
5	PGT121_HC	0	0	run3	TRUE	PGT121	1	1	equal	single
50	h9C12-Q97A_HC	92.24137931034483	30.76923076923077	run4	FALSE	h9C12-Q97A	100	2	unequal	multiple
50	h9C12-Q97A_HC	96.55172413793103	100	run2	FALSE	h9C12-Q97A	100	2	unequal	multiple
50	h9C12-Q97A_HC	100	100	run1	FALSE	h9C12-Q97A	100	2	unequal	multiple
50	h9C12-Q97A_HC	100	100	run3	FALSE	h9C12-Q97A	100	2	unequal	multiple
50	h9C12-WT_HC	100	100	run1	FALSE	h9C12-WT	1000	2	equal	multiple
50	h9C12-WT_HC	100	100	run4	FALSE	h9C12-WT	1000	2	equal	multiple
50	h9C12-WT_HC	96.58119658119658	100	run2	FALSE	h9C12-WT	1000	2	equal	multiple
50	h9C12-WT_HC	100	100	run3	FALSE	h9C12-WT	1000	2	equal	multiple
51	h9C12-Q97A_HC	88.79310344827587	76.92307692307693	run4	FALSE	h9C12-Q97A	1000	2	unequal	multiple
51	h9C12-Q97A_HC	100	100	run1	FALSE	h9C12-Q97A	1000	2	unequal	multiple
51	h9C12-Q97A_HC	100	100	run2	FALSE	h9C12-Q97A	1000	2	unequal	multiple
51	h9C12-Q97A_HC	96.55172413793103	100	run3	FALSE	h9C12-Q97A	1000	2	unequal	multiple
51	h9C12-WT_HC	100	100	run1	FALSE	h9C12-WT	1	2	equal	multiple
51	h9C12-WT_HC	81.19658119658119	7.6923076923076925	run4	FALSE	h9C12-WT	1	2	equal	multiple
51	h9C12-WT_HC	96.58119658119658	100	run3	FALSE	h9C12-WT	1	2	equal	multiple
51	h9C12-WT_HC	100	100	run2	FALSE	h9C12-WT	1	2	equal	multiple
52	h9C12-Q97A_HC	96.55172413793103	100	run3	FALSE	h9C12-Q97A	1000	2	unequal	multiple
52	h9C12-Q97A_HC	100	100	run1	FALSE	h9C12-Q97A	1000	2	unequal	multiple
52	h9C12-Q97A_HC	96.55172413793103	100	run2	FALSE	h9C12-Q97A	1000	2	unequal	multiple
52	h9C12-Q97A_HC	88.79310344827587	76.92307692307693	run4	FALSE	h9C12-Q97A	1000	2	unequal	multiple
52	h9C12-WT_HC	100	100	run1	FALSE	h9C12-WT	10	2	equal	multiple
52	h9C12-WT_HC	96.58119658119658	100	run3	FALSE	h9C12-WT	10	2	equal	multiple
52	h9C12-WT_HC	81.19658119658119	7.6923076923076925	run4	FALSE	h9C12-WT	10	2	equal	multiple
52	h9C12-WT_HC	96.58119658119658	100	run2	FALSE	h9C12-WT	10	2	equal	multiple
53	h9C12-Q97A_HC	96.55172413793103	100	run3	FALSE	h9C12-Q97A	1000	2	unequal	multiple
53	h9C12-Q97A_HC	96.55172413793103	100	run2	FALSE	h9C12-Q97A	1000	2	unequal	multiple
53	h9C12-Q97A_HC	100	100	run1	FALSE	h9C12-Q97A	1000	2	unequal	multiple
53	h9C12-Q97A_HC	88.79310344827587	76.92307692307693	run4	FALSE	h9C12-Q97A	1000	2	unequal	multiple
53	h9C12-WT_HC	96.58119658119658	100	run2	FALSE	h9C12-WT	100	2	equal	multiple
53	h9C12-WT_HC	96.58119658119658	100	run3	FALSE	h9C12-WT	100	2	equal	multiple
53	h9C12-WT_HC	88.88888888888889	76.92307692307693	run4	FALSE	h9C12-WT	100	2	equal	multiple
53	h9C12-WT_HC	100	100	run1	FALSE	h9C12-WT	100	2	equal	multiple
54	h9C12-Q97A_HC	100	100	run2	FALSE	h9C12-Q97A	1000	2	unequal	multiple
54	h9C12-Q97A_HC	96.55172413793103	100	run3	FALSE	h9C12-Q97A	1000	2	unequal	multiple
54	h9C12-Q97A_HC	100	100	run1	FALSE	h9C12-Q97A	1000	2	unequal	multiple
54	h9C12-Q97A_HC	97.41379310344827	76.92307692307693	run4	FALSE	h9C12-Q97A	1000	2	unequal	multiple
54	h9C12-WT_HC	100	100	run2	FALSE	h9C12-WT	1000	2	equal	multiple
54	h9C12-WT_HC	97.43589743589743	76.92307692307693	run4	FALSE	h9C12-WT	1000	2	equal	multiple
54	h9C12-WT_HC	96.58119658119658	100	run3	FALSE	h9C12-WT	1000	2	equal	multiple
54	h9C12-WT_HC	100	100	run1	FALSE	h9C12-WT	1000	2	equal	multiple
55	Brimab_HC	38.26086956521739	0	run2	FALSE	Brimab	1	6	equal	multiple
55	Brimab_HC	13.91304347826087	0	run1	FALSE	Brimab	1	6	equal	multiple
55	Brimab_HC	0	0	run3	FALSE	Brimab	1	6	equal	multiple
55	Brimab_HC	0	0	run4	FALSE	Brimab	1	6	equal	multiple
55	h9C12-Q97A_HC	12.068965517241379	0	run1	FALSE	h9C12-Q97A	1	6	equal	multiple
55	h9C12-Q97A_HC	87.06896551724138	100	run2	FALSE	h9C12-Q97A	1	6	equal	multiple
55	h9C12-Q97A_HC	0	0	run4	FALSE	h9C12-Q97A	1	6	equal	multiple
55	h9C12-Q97A_HC	57.758620689655174	0	run3	FALSE	h9C12-Q97A	1	6	equal	multiple
55	h9C12-WT_HC	57.26495726495726	0	run3	FALSE	h9C12-WT	1	6	equal	multiple
55	h9C12-WT_HC	11.965811965811966	0	run1	FALSE	h9C12-WT	1	6	equal	multiple
55	h9C12-WT_HC	87.17948717948718	100	run2	FALSE	h9C12-WT	1	6	equal	multiple
55	h9C12-WT_HC	0	0	run4	FALSE	h9C12-WT	1	6	equal	multiple
55	PGDM1400_HC	12.056737588652481	0	run2	FALSE	PGDM1400	1	6	equal	multiple
55	PGDM1400_HC	0	0	run4	FALSE	PGDM1400	1	6	equal	multiple
55	PGDM1400_HC	0	0	run1	FALSE	PGDM1400	1	6	equal	multiple
55	PGDM1400_HC	21.98581560283688	0	run3	FALSE	PGDM1400	1	6	equal	multiple
55	PGT121_HC	21.96969696969697	0	run4	FALSE	PGT121	1	6	equal	multiple
55	PGT121_HC	18.939393939393938	0	run3	FALSE	PGT121	1	6	equal	multiple
55	PGT121_HC	0	0	run1	FALSE	PGT121	1	6	equal	multiple
55	PGT121_HC	56.060606060606055	10.714285714285714	run2	FALSE	PGT121	1	6	equal	multiple
55	Umab_HC	30.252100840336134	78.57142857142857	run4	FALSE	Umab	1	6	equal	multiple
55	Umab_HC	52.94117647058824	78.57142857142857	run2	FALSE	Umab	1	6	equal	multiple
55	Umab_HC	42.857142857142854	0	run3	FALSE	Umab	1	6	equal	multiple
55	Umab_HC	49.57983193277311	78.57142857142857	run1	FALSE	Umab	1	6	equal	multiple
56	Brimab_HC	0	0	run4	FALSE	Brimab	10	6	equal	multiple
56	Brimab_HC	8.695652173913043	0	run3	FALSE	Brimab	10	6	equal	multiple
56	Brimab_HC	68.69565217391305	100	run1	FALSE	Brimab	10	6	equal	multiple
56	Brimab_HC	38.26086956521739	0	run2	FALSE	Brimab	10	6	equal	multiple
56	h9C12-Q97A_HC	21.551724137931032	0	run4	FALSE	h9C12-Q97A	10	6	equal	multiple
56	h9C12-Q97A_HC	84.48275862068965	30.76923076923077	run1	FALSE	h9C12-Q97A	10	6	equal	multiple
56	h9C12-Q97A_HC	93.10344827586206	100	run2	FALSE	h9C12-Q97A	10	6	equal	multiple
56	h9C12-Q97A_HC	80.17241379310344	92.3076923076923	run3	FALSE	h9C12-Q97A	10	6	equal	multiple
56	h9C12-WT_HC	71.7948717948718	23.076923076923077	run3	FALSE	h9C12-WT	10	6	equal	multiple
56	h9C12-WT_HC	21.367521367521366	0	run4	FALSE	h9C12-WT	10	6	equal	multiple
56	h9C12-WT_HC	92.3076923076923	100	run1	FALSE	h9C12-WT	10	6	equal	multiple
56	h9C12-WT_HC	93.16239316239316	100	run2	FALSE	h9C12-WT	10	6	equal	multiple
56	PGDM1400_HC	36.87943262411347	0	run3	FALSE	PGDM1400	10	6	equal	multiple
56	PGDM1400_HC	7.092198581560284	0	run4	FALSE	PGDM1400	10	6	equal	multiple
56	PGDM1400_HC	12.056737588652481	0	run2	FALSE	PGDM1400	10	6	equal	multiple
56	PGDM1400_HC	0	0	run1	FALSE	PGDM1400	10	6	equal	multiple
56	PGT121_HC	58.333333333333336	10.714285714285714	run2	FALSE	PGT121	10	6	equal	multiple
56	PGT121_HC	58.333333333333336	10.714285714285714	run1	FALSE	PGT121	10	6	equal	multiple
56	PGT121_HC	56.81818181818182	10.714285714285714	run4	FALSE	PGT121	10	6	equal	multiple
56	PGT121_HC	44.696969696969695	10.714285714285714	run3	FALSE	PGT121	10	6	equal	multiple
56	Umab_HC	100	100	run2	FALSE	Umab	10	6	equal	multiple
56	Umab_HC	59.66386554621849	78.57142857142857	run4	FALSE	Umab	10	6	equal	multiple
56	Umab_HC	52.94117647058824	0	run3	FALSE	Umab	10	6	equal	multiple
56	Umab_HC	84.87394957983193	100	run1	FALSE	Umab	10	6	equal	multiple
57	Brimab_HC	67.82608695652173	80	run2	FALSE	Brimab	100	6	equal	multiple
57	Brimab_HC	13.91304347826087	0	run4	FALSE	Brimab	100	6	equal	multiple
57	Brimab_HC	13.91304347826087	0	run1	FALSE	Brimab	100	6	equal	multiple
57	Brimab_HC	78.26086956521739	80	run3	FALSE	Brimab	100	6	equal	multiple
57	h9C12-Q97A_HC	74.13793103448276	76.92307692307693	run1	FALSE	h9C12-Q97A	100	6	equal	multiple
57	h9C12-Q97A_HC	96.55172413793103	100	run2	FALSE	h9C12-Q97A	100	6	equal	multiple
57	h9C12-Q97A_HC	61.206896551724135	7.6923076923076925	run4	FALSE	h9C12-Q97A	100	6	equal	multiple
57	h9C12-Q97A_HC	96.55172413793103	100	run3	FALSE	h9C12-Q97A	100	6	equal	multiple
57	h9C12-WT_HC	69.23076923076923	76.92307692307693	run4	FALSE	h9C12-WT	100	6	equal	multiple
57	h9C12-WT_HC	74.35897435897436	76.92307692307693	run1	FALSE	h9C12-WT	100	6	equal	multiple
57	h9C12-WT_HC	96.58119658119658	100	run2	FALSE	h9C12-WT	100	6	equal	multiple
57	h9C12-WT_HC	96.58119658119658	100	run3	FALSE	h9C12-WT	100	6	equal	multiple
57	PGDM1400_HC	21.98581560283688	0	run2	FALSE	PGDM1400	100	6	equal	multiple
57	PGDM1400_HC	40.42553191489361	0	run4	FALSE	PGDM1400	100	6	equal	multiple
57	PGDM1400_HC	46.09929078014184	0	run1	FALSE	PGDM1400	100	6	equal	multiple
57	PGDM1400_HC	48.226950354609926	27.77777777777778	run3	FALSE	PGDM1400	100	6	equal	multiple
57	PGT121_HC	73.48484848484848	10.714285714285714	run2	FALSE	PGT121	100	6	equal	multiple
57	PGT121_HC	44.696969696969695	10.714285714285714	run3	FALSE	PGT121	100	6	equal	multiple
57	PGT121_HC	58.333333333333336	10.714285714285714	run4	FALSE	PGT121	100	6	equal	multiple
57	PGT121_HC	21.96969696969697	0	run1	FALSE	PGT121	100	6	equal	multiple
57	Umab_HC	100	100	run2	FALSE	Umab	100	6	equal	multiple
57	Umab_HC	75.63025210084034	78.57142857142857	run1	FALSE	Umab	100	6	equal	multiple
57	Umab_HC	89.07563025210085	100	run3	FALSE	Umab	100	6	equal	multiple
57	Umab_HC	47.05882352941176	78.57142857142857	run4	FALSE	Umab	100	6	equal	multiple
58	Brimab_HC	58.26086956521739	80	run4	FALSE	Brimab	1000	6	equal	multiple
58	Brimab_HC	90.43478260869566	80	run3	FALSE	Brimab	1000	6	equal	multiple
58	Brimab_HC	93.04347826086956	100	run2	FALSE	Brimab	1000	6	equal	multiple
58	Brimab_HC	26.956521739130434	0	run1	FALSE	Brimab	1000	6	equal	multiple
58	h9C12-Q97A_HC	100	100	run4	FALSE	h9C12-Q97A	1000	6	equal	multiple
58	h9C12-Q97A_HC	100	100	run2	FALSE	h9C12-Q97A	1000	6	equal	multiple
58	h9C12-Q97A_HC	100	100	run1	FALSE	h9C12-Q97A	1000	6	equal	multiple
58	h9C12-Q97A_HC	96.55172413793103	100	run3	FALSE	h9C12-Q97A	1000	6	equal	multiple
58	h9C12-WT_HC	100	100	run2	FALSE	h9C12-WT	1000	6	equal	multiple
58	h9C12-WT_HC	100	100	run1	FALSE	h9C12-WT	1000	6	equal	multiple
58	h9C12-WT_HC	100	100	run4	FALSE	h9C12-WT	1000	6	equal	multiple
58	h9C12-WT_HC	96.58119658119658	100	run3	FALSE	h9C12-WT	1000	6	equal	multiple
58	PGDM1400_HC	36.17021276595745	2.7777777777777777	run2	FALSE	PGDM1400	1000	6	equal	multiple
58	PGDM1400_HC	68.08510638297872	8.333333333333332	run1	FALSE	PGDM1400	1000	6	equal	multiple
58	PGDM1400_HC	75.88652482269504	58.333333333333336	run3	FALSE	PGDM1400	1000	6	equal	multiple
58	PGDM1400_HC	60.28368794326241	0	run4	FALSE	PGDM1400	1000	6	equal	multiple
58	PGT121_HC	63.63636363636363	35.714285714285715	run3	FALSE	PGT121	1000	6	equal	multiple
58	PGT121_HC	79.54545454545455	39.285714285714285	run4	FALSE	PGT121	1000	6	equal	multiple
58	PGT121_HC	71.96969696969697	10.714285714285714	run1	FALSE	PGT121	1000	6	equal	multiple
58	PGT121_HC	79.54545454545455	39.285714285714285	run2	FALSE	PGT121	1000	6	equal	multiple
58	Umab_HC	84.03361344537815	100	run4	FALSE	Umab	1000	6	equal	multiple
58	Umab_HC	95.7983193277311	100	run2	FALSE	Umab	1000	6	equal	multiple
58	Umab_HC	88.23529411764706	100	run1	FALSE	Umab	1000	6	equal	multiple
58	Umab_HC	100	100	run3	FALSE	Umab	1000	6	equal	multiple
59	Brimab_HC	37.391304347826086	20	run2	FALSE	Brimab	1	6	equal	multiple
59	Brimab_HC	0	0	run3	FALSE	Brimab	1	6	equal	multiple
59	Brimab_HC	7.82608695652174	0	run4	FALSE	Brimab	1	6	equal	multiple
59	Brimab_HC	0	0	run1	FALSE	Brimab	1	6	equal	multiple
59	h9C12-Q97A_HC	96.55172413793103	100	run2	FALSE	h9C12-Q97A	1	6	unequal	multiple
59	h9C12-Q97A_HC	87.93103448275862	30.76923076923077	run4	FALSE	h9C12-Q97A	1	6	unequal	multiple
59	h9C12-Q97A_HC	88.79310344827587	30.76923076923077	run3	FALSE	h9C12-Q97A	1	6	unequal	multiple
59	h9C12-Q97A_HC	92.24137931034483	30.76923076923077	run1	FALSE	h9C12-Q97A	1	6	unequal	multiple
59	h9C12-WT_HC	96.58119658119658	100	run2	FALSE	h9C12-WT	1000	6	equal	multiple
59	h9C12-WT_HC	100	100	run1	FALSE	h9C12-WT	1000	6	equal	multiple
59	h9C12-WT_HC	96.58119658119658	100	run3	FALSE	h9C12-WT	1000	6	equal	multiple
59	h9C12-WT_HC	95.72649572649573	100	run4	FALSE	h9C12-WT	1000	6	equal	multiple
59	PGDM1400_HC	83.68794326241135	36.11111111111111	run1	FALSE	PGDM1400	1000	6	equal	multiple
59	PGDM1400_HC	60.99290780141844	0	run4	FALSE	PGDM1400	1000	6	equal	multiple
59	PGDM1400_HC	36.17021276595745	2.7777777777777777	run2	FALSE	PGDM1400	1000	6	equal	multiple
59	PGDM1400_HC	78.01418439716312	66.66666666666666	run3	FALSE	PGDM1400	1000	6	equal	multiple
59	PGT121_HC	45.45454545454545	10.714285714285714	run1	FALSE	PGT121	1	6	equal	multiple
59	PGT121_HC	0	0	run4	FALSE	PGT121	1	6	equal	multiple
59	PGT121_HC	35.60606060606061	0	run2	FALSE	PGT121	1	6	equal	multiple
59	PGT121_HC	0	0	run3	FALSE	PGT121	1	6	equal	multiple
59	Umab_HC	92.43697478991596	100	run1	FALSE	Umab	1000	6	equal	multiple
59	Umab_HC	100	100	run3	FALSE	Umab	1000	6	equal	multiple
59	Umab_HC	100	100	run2	FALSE	Umab	1000	6	equal	multiple
59	Umab_HC	79.83193277310924	100	run4	FALSE	Umab	1000	6	equal	multiple
6	PGDM1400_HC	7.092198581560284	0	run1	TRUE	PGDM1400	1	1	equal	single
6	PGDM1400_HC	7.801418439716312	0	run4	TRUE	PGDM1400	1	1	equal	single
6	PGDM1400_HC	0	0	run2	TRUE	PGDM1400	1	1	equal	single
6	PGDM1400_HC	17.02127659574468	0	run3	TRUE	PGDM1400	1	1	equal	single
60	Brimab_HC	58.26086956521739	80	run1	FALSE	Brimab	1000	6	equal	multiple
60	Brimab_HC	50.43478260869565	80	run4	FALSE	Brimab	1000	6	equal	multiple
60	Brimab_HC	98.26086956521739	100	run2	FALSE	Brimab	1000	6	equal	multiple
60	Brimab_HC	95.65217391304348	80	run3	FALSE	Brimab	1000	6	equal	multiple
60	h9C12-Q97A_HC	89.65517241379311	76.92307692307693	run1	FALSE	h9C12-Q97A	1000	6	unequal	multiple
60	h9C12-Q97A_HC	93.96551724137932	76.92307692307693	run4	FALSE	h9C12-Q97A	1000	6	unequal	multiple
60	h9C12-Q97A_HC	96.55172413793103	100	run2	FALSE	h9C12-Q97A	1000	6	unequal	multiple
60	h9C12-Q97A_HC	96.55172413793103	100	run3	FALSE	h9C12-Q97A	1000	6	unequal	multiple
60	h9C12-WT_HC	86.32478632478633	7.6923076923076925	run4	FALSE	h9C12-WT	1	6	equal	multiple
60	h9C12-WT_HC	82.05128205128204	7.6923076923076925	run1	FALSE	h9C12-WT	1	6	equal	multiple
60	h9C12-WT_HC	96.58119658119658	100	run2	FALSE	h9C12-WT	1	6	equal	multiple
60	h9C12-WT_HC	96.58119658119658	100	run3	FALSE	h9C12-WT	1	6	equal	multiple
60	PGDM1400_HC	0	0	run4	FALSE	PGDM1400	1	6	equal	multiple
60	PGDM1400_HC	0	0	run1	FALSE	PGDM1400	1	6	equal	multiple
60	PGDM1400_HC	0	0	run2	FALSE	PGDM1400	1	6	equal	multiple
60	PGDM1400_HC	14.184397163120568	0	run3	FALSE	PGDM1400	1	6	equal	multiple
60	PGT121_HC	71.21212121212122	0	run1	FALSE	PGT121	1000	6	equal	multiple
60	PGT121_HC	85.60606060606061	39.285714285714285	run2	FALSE	PGT121	1000	6	equal	multiple
60	PGT121_HC	53.78787878787878	53.57142857142857	run3	FALSE	PGT121	1000	6	equal	multiple
60	PGT121_HC	78.03030303030303	39.285714285714285	run4	FALSE	PGT121	1000	6	equal	multiple
60	Umab_HC	8.403361344537815	7.142857142857142	run1	FALSE	Umab	1	6	equal	multiple
60	Umab_HC	17.647058823529413	78.57142857142857	run3	FALSE	Umab	1	6	equal	multiple
60	Umab_HC	8.403361344537815	7.142857142857142	run2	FALSE	Umab	1	6	equal	multiple
60	Umab_HC	8.403361344537815	7.142857142857142	run4	FALSE	Umab	1	6	equal	multiple
61	Brimab_HC	91.30434782608695	100	run2	FALSE	Brimab	10	6	equal	multiple
61	Brimab_HC	0	0	run3	FALSE	Brimab	10	6	equal	multiple
61	Brimab_HC	13.91304347826087	0	run1	FALSE	Brimab	10	6	equal	multiple
61	Brimab_HC	7.82608695652174	0	run4	FALSE	Brimab	10	6	equal	multiple
61	h9C12-Q97A_HC	92.24137931034483	30.76923076923077	run1	FALSE	h9C12-Q97A	10	6	unequal	multiple
61	h9C12-Q97A_HC	96.55172413793103	100	run2	FALSE	h9C12-Q97A	10	6	unequal	multiple
61	h9C12-Q97A_HC	90.51724137931035	46.15384615384615	run3	FALSE	h9C12-Q97A	10	6	unequal	multiple
61	h9C12-Q97A_HC	92.24137931034483	30.76923076923077	run4	FALSE	h9C12-Q97A	10	6	unequal	multiple
61	h9C12-WT_HC	96.58119658119658	100	run2	FALSE	h9C12-WT	1000	6	equal	multiple
61	h9C12-WT_HC	100	100	run1	FALSE	h9C12-WT	1000	6	equal	multiple
61	h9C12-WT_HC	96.58119658119658	100	run3	FALSE	h9C12-WT	1000	6	equal	multiple
61	h9C12-WT_HC	100	100	run4	FALSE	h9C12-WT	1000	6	equal	multiple
61	PGDM1400_HC	31.914893617021278	0	run2	FALSE	PGDM1400	1000	6	equal	multiple
61	PGDM1400_HC	90.0709219858156	66.66666666666666	run1	FALSE	PGDM1400	1000	6	equal	multiple
61	PGDM1400_HC	79.43262411347519	44.44444444444444	run3	FALSE	PGDM1400	1000	6	equal	multiple
61	PGDM1400_HC	58.86524822695035	0	run4	FALSE	PGDM1400	1000	6	equal	multiple
61	PGT121_HC	39.39393939393939	0	run3	FALSE	PGT121	10	6	equal	multiple
61	PGT121_HC	70.45454545454545	10.714285714285714	run1	FALSE	PGT121	10	6	equal	multiple
61	PGT121_HC	57.57575757575758	0	run2	FALSE	PGT121	10	6	equal	multiple
61	PGT121_HC	18.939393939393938	0	run4	FALSE	PGT121	10	6	equal	multiple
61	Umab_HC	100	100	run1	FALSE	Umab	1000	6	equal	multiple
61	Umab_HC	100	100	run3	FALSE	Umab	1000	6	equal	multiple
61	Umab_HC	100	100	run2	FALSE	Umab	1000	6	equal	multiple
61	Umab_HC	72.26890756302521	100	run4	FALSE	Umab	1000	6	equal	multiple
62	Brimab_HC	60.86956521739131	80	run4	FALSE	Brimab	1000	6	equal	multiple
62	Brimab_HC	93.04347826086956	100	run1	FALSE	Brimab	1000	6	equal	multiple
62	Brimab_HC	97.3913043478261	100	run2	FALSE	Brimab	1000	6	equal	multiple
62	Brimab_HC	96.52173913043478	80	run3	FALSE	Brimab	1000	6	equal	multiple
62	h9C12-Q97A_HC	96.55172413793103	100	run2	FALSE	h9C12-Q97A	1000	6	unequal	multiple
62	h9C12-Q97A_HC	100	100	run1	FALSE	h9C12-Q97A	1000	6	unequal	multiple
62	h9C12-Q97A_HC	96.55172413793103	100	run3	FALSE	h9C12-Q97A	1000	6	unequal	multiple
62	h9C12-Q97A_HC	81.03448275862068	76.92307692307693	run4	FALSE	h9C12-Q97A	1000	6	unequal	multiple
62	h9C12-WT_HC	96.58119658119658	100	run2	FALSE	h9C12-WT	10	6	equal	multiple
62	h9C12-WT_HC	92.3076923076923	30.76923076923077	run1	FALSE	h9C12-WT	10	6	equal	multiple
62	h9C12-WT_HC	96.58119658119658	100	run3	FALSE	h9C12-WT	10	6	equal	multiple
62	h9C12-WT_HC	73.50427350427351	7.6923076923076925	run4	FALSE	h9C12-WT	10	6	equal	multiple
62	PGDM1400_HC	0	0	run2	FALSE	PGDM1400	10	6	equal	multiple
62	PGDM1400_HC	0	0	run1	FALSE	PGDM1400	10	6	equal	multiple
62	PGDM1400_HC	7.092198581560284	0	run4	FALSE	PGDM1400	10	6	equal	multiple
62	PGDM1400_HC	7.092198581560284	0	run3	FALSE	PGDM1400	10	6	equal	multiple
62	PGT121_HC	84.84848484848484	64.28571428571429	run2	FALSE	PGT121	1000	6	equal	multiple
62	PGT121_HC	88.63636363636364	53.57142857142857	run1	FALSE	PGT121	1000	6	equal	multiple
62	PGT121_HC	64.39393939393939	10.714285714285714	run4	FALSE	PGT121	1000	6	equal	multiple
62	PGT121_HC	58.333333333333336	10.714285714285714	run3	FALSE	PGT121	1000	6	equal	multiple
62	Umab_HC	8.403361344537815	7.142857142857142	run4	FALSE	Umab	10	6	equal	multiple
62	Umab_HC	0	0	run3	FALSE	Umab	10	6	equal	multiple
62	Umab_HC	10.084033613445378	0	run2	FALSE	Umab	10	6	equal	multiple
62	Umab_HC	24.369747899159663	7.142857142857142	run1	FALSE	Umab	10	6	equal	multiple
63	Brimab_HC	42.608695652173914	0	run3	FALSE	Brimab	100	6	equal	multiple
63	Brimab_HC	93.04347826086956	100	run2	FALSE	Brimab	100	6	equal	multiple
63	Brimab_HC	13.91304347826087	0	run1	FALSE	Brimab	100	6	equal	multiple
63	Brimab_HC	0	0	run4	FALSE	Brimab	100	6	equal	multiple
63	h9C12-Q97A_HC	92.24137931034483	30.76923076923077	run1	FALSE	h9C12-Q97A	100	6	unequal	multiple
63	h9C12-Q97A_HC	96.55172413793103	100	run4	FALSE	h9C12-Q97A	100	6	unequal	multiple
63	h9C12-Q97A_HC	96.55172413793103	100	run3	FALSE	h9C12-Q97A	100	6	unequal	multiple
63	h9C12-Q97A_HC	88.79310344827587	100	run2	FALSE	h9C12-Q97A	100	6	unequal	multiple
63	h9C12-WT_HC	88.88888888888889	100	run2	FALSE	h9C12-WT	1000	6	equal	multiple
63	h9C12-WT_HC	100	100	run1	FALSE	h9C12-WT	1000	6	equal	multiple
63	h9C12-WT_HC	96.58119658119658	100	run4	FALSE	h9C12-WT	1000	6	equal	multiple
63	h9C12-WT_HC	96.58119658119658	100	run3	FALSE	h9C12-WT	1000	6	equal	multiple
63	PGDM1400_HC	38.297872340425535	2.7777777777777777	run2	FALSE	PGDM1400	1000	6	equal	multiple
63	PGDM1400_HC	85.1063829787234	44.44444444444444	run1	FALSE	PGDM1400	1000	6	equal	multiple
63	PGDM1400_HC	65.24822695035462	0	run4	FALSE	PGDM1400	1000	6	equal	multiple
63	PGDM1400_HC	85.1063829787234	66.66666666666666	run3	FALSE	PGDM1400	1000	6	equal	multiple
63	PGT121_HC	44.696969696969695	10.714285714285714	run3	FALSE	PGT121	100	6	equal	multiple
63	PGT121_HC	23.484848484848484	10.714285714285714	run1	FALSE	PGT121	100	6	equal	multiple
63	PGT121_HC	73.48484848484848	10.714285714285714	run2	FALSE	PGT121	100	6	equal	multiple
63	PGT121_HC	44.696969696969695	10.714285714285714	run4	FALSE	PGT121	100	6	equal	multiple
63	Umab_HC	100	100	run1	FALSE	Umab	1000	6	equal	multiple
63	Umab_HC	100	100	run4	FALSE	Umab	1000	6	equal	multiple
63	Umab_HC	100	100	run3	FALSE	Umab	1000	6	equal	multiple
63	Umab_HC	100	100	run2	FALSE	Umab	1000	6	equal	multiple
64	Brimab_HC	96.52173913043478	100	run2	FALSE	Brimab	1000	6	equal	multiple
64	Brimab_HC	93.04347826086956	100	run1	FALSE	Brimab	1000	6	equal	multiple
64	Brimab_HC	96.52173913043478	80	run3	FALSE	Brimab	1000	6	equal	multiple
64	Brimab_HC	0	0	run4	FALSE	Brimab	1000	6	equal	multiple
64	h9C12-Q97A_HC	100	100	run1	FALSE	h9C12-Q97A	1000	6	unequal	multiple
64	h9C12-Q97A_HC	100	100	run2	FALSE	h9C12-Q97A	1000	6	unequal	multiple
64	h9C12-Q97A_HC	88.79310344827587	76.92307692307693	run4	FALSE	h9C12-Q97A	1000	6	unequal	multiple
64	h9C12-Q97A_HC	96.55172413793103	100	run3	FALSE	h9C12-Q97A	1000	6	unequal	multiple
64	h9C12-WT_HC	92.3076923076923	30.76923076923077	run1	FALSE	h9C12-WT	100	6	equal	multiple
64	h9C12-WT_HC	96.58119658119658	100	run3	FALSE	h9C12-WT	100	6	equal	multiple
64	h9C12-WT_HC	100	100	run2	FALSE	h9C12-WT	100	6	equal	multiple
64	h9C12-WT_HC	71.7948717948718	0	run4	FALSE	h9C12-WT	100	6	equal	multiple
64	PGDM1400_HC	51.06382978723404	27.77777777777778	run3	FALSE	PGDM1400	100	6	equal	multiple
64	PGDM1400_HC	28.368794326241137	0	run2	FALSE	PGDM1400	100	6	equal	multiple
64	PGDM1400_HC	43.97163120567376	0	run1	FALSE	PGDM1400	100	6	equal	multiple
64	PGDM1400_HC	26.95035460992908	0	run4	FALSE	PGDM1400	100	6	equal	multiple
64	PGT121_HC	82.57575757575758	53.57142857142857	run1	FALSE	PGT121	1000	6	equal	multiple
64	PGT121_HC	59.84848484848485	10.714285714285714	run3	FALSE	PGT121	1000	6	equal	multiple
64	PGT121_HC	64.39393939393939	39.285714285714285	run4	FALSE	PGT121	1000	6	equal	multiple
64	PGT121_HC	85.60606060606061	39.285714285714285	run2	FALSE	PGT121	1000	6	equal	multiple
64	Umab_HC	84.87394957983193	100	run2	FALSE	Umab	100	6	equal	multiple
64	Umab_HC	59.66386554621849	78.57142857142857	run1	FALSE	Umab	100	6	equal	multiple
64	Umab_HC	33.61344537815126	78.57142857142857	run4	FALSE	Umab	100	6	equal	multiple
64	Umab_HC	78.15126050420169	100	run3	FALSE	Umab	100	6	equal	multiple
65	Brimab_HC	12.173913043478262	0	run3	TRUE	Brimab	1000	6	equal	multiple
65	Brimab_HC	21.73913043478261	0	run2	TRUE	Brimab	1000	6	equal	multiple
65	Brimab_HC	26.08695652173913	0	run1	TRUE	Brimab	1000	6	equal	multiple
65	Brimab_HC	7.82608695652174	0	run4	TRUE	Brimab	1000	6	equal	multiple
65	h9C12-Q97A_HC	96.55172413793103	100	run1	TRUE	h9C12-Q97A	1000	6	equal	multiple
65	h9C12-Q97A_HC	95.6896551724138	100	run4	TRUE	h9C12-Q97A	1000	6	equal	multiple
65	h9C12-Q97A_HC	35.3448275862069	0	run3	TRUE	h9C12-Q97A	1000	6	equal	multiple
65	h9C12-Q97A_HC	81.03448275862068	100	run2	TRUE	h9C12-Q97A	1000	6	equal	multiple
65	h9C12-WT_HC	81.19658119658119	100	run2	TRUE	h9C12-WT	1000	6	equal	multiple
65	h9C12-WT_HC	88.88888888888889	30.76923076923077	run1	TRUE	h9C12-WT	1000	6	equal	multiple
65	h9C12-WT_HC	78.63247863247864	23.076923076923077	run4	TRUE	h9C12-WT	1000	6	equal	multiple
65	h9C12-WT_HC	35.04273504273504	0	run3	TRUE	h9C12-WT	1000	6	equal	multiple
65	PGDM1400_HC	43.262411347517734	0	run4	TRUE	PGDM1400	1000	6	equal	multiple
65	PGDM1400_HC	28.368794326241137	0	run3	TRUE	PGDM1400	1000	6	equal	multiple
65	PGDM1400_HC	12.056737588652481	0	run2	TRUE	PGDM1400	1000	6	equal	multiple
65	PGDM1400_HC	67.37588652482269	8.333333333333332	run1	TRUE	PGDM1400	1000	6	equal	multiple
65	PGT121_HC	59.84848484848485	10.714285714285714	run2	TRUE	PGT121	1000	6	equal	multiple
65	PGT121_HC	70.45454545454545	10.714285714285714	run1	TRUE	PGT121	1000	6	equal	multiple
65	PGT121_HC	44.696969696969695	10.714285714285714	run4	TRUE	PGT121	1000	6	equal	multiple
65	PGT121_HC	25.757575757575758	0	run3	TRUE	PGT121	1000	6	equal	multiple
65	Umab_HC	100	100	run2	TRUE	Umab	1000	6	equal	multiple
65	Umab_HC	68.90756302521008	100	run1	TRUE	Umab	1000	6	equal	multiple
65	Umab_HC	15.966386554621847	0	run4	TRUE	Umab	1000	6	equal	multiple
65	Umab_HC	46.21848739495798	78.57142857142857	run3	TRUE	Umab	1000	6	equal	multiple
66	Brimab_HC	13.91304347826087	0	run1	FALSE	Brimab	1000	6	equal	multiple
66	Brimab_HC	29.565217391304348	80	run2	FALSE	Brimab	1000	6	equal	multiple
66	Brimab_HC	0	0	run4	FALSE	Brimab	1000	6	equal	multiple
66	Brimab_HC	7.82608695652174	0	run3	FALSE	Brimab	1000	6	equal	multiple
66	h9C12-Q97A_HC	78.44827586206897	76.92307692307693	run2	FALSE	h9C12-Q97A	1000	6	equal	multiple
66	h9C12-Q97A_HC	59.48275862068966	0	run3	FALSE	h9C12-Q97A	1000	6	equal	multiple
66	h9C12-Q97A_HC	52.58620689655172	0	run4	FALSE	h9C12-Q97A	1000	6	equal	multiple
66	h9C12-Q97A_HC	73.27586206896551	76.92307692307693	run1	FALSE	h9C12-Q97A	1000	6	equal	multiple
66	h9C12-WT_HC	65.8119658119658	7.6923076923076925	run1	FALSE	h9C12-WT	1000	6	equal	multiple
66	h9C12-WT_HC	61.53846153846154	0	run2	FALSE	h9C12-WT	1000	6	equal	multiple
66	h9C12-WT_HC	52.13675213675214	0	run4	FALSE	h9C12-WT	1000	6	equal	multiple
66	h9C12-WT_HC	58.97435897435898	0	run3	FALSE	h9C12-WT	1000	6	equal	multiple
66	PGDM1400_HC	60.28368794326241	8.333333333333332	run1	FALSE	PGDM1400	1000	6	equal	multiple
66	PGDM1400_HC	30.49645390070922	0	run3	FALSE	PGDM1400	1000	6	equal	multiple
66	PGDM1400_HC	0	0	run2	FALSE	PGDM1400	1000	6	equal	multiple
66	PGDM1400_HC	40.42553191489361	0	run4	FALSE	PGDM1400	1000	6	equal	multiple
66	PGT121_HC	71.96969696969697	10.714285714285714	run1	FALSE	PGT121	1000	6	equal	multiple
66	PGT121_HC	43.18181818181818	10.714285714285714	run3	FALSE	PGT121	1000	6	equal	multiple
66	PGT121_HC	44.696969696969695	10.714285714285714	run4	FALSE	PGT121	1000	6	equal	multiple
66	PGT121_HC	58.333333333333336	10.714285714285714	run2	FALSE	PGT121	1000	6	equal	multiple
66	Umab_HC	68.90756302521008	100	run1	FALSE	Umab	1000	6	equal	multiple
66	Umab_HC	89.07563025210085	100	run2	FALSE	Umab	1000	6	equal	multiple
66	Umab_HC	33.61344537815126	78.57142857142857	run4	FALSE	Umab	1000	6	equal	multiple
66	Umab_HC	73.94957983193278	78.57142857142857	run3	FALSE	Umab	1000	6	equal	multiple
69	Brimab_HC	71.30434782608695	0	run1	TRUE	Brimab	1	6	equal	multiple
69	Brimab_HC	74.78260869565217	0	run2	TRUE	Brimab	1	6	equal	multiple
69	Brimab_HC	74.78260869565217	0	run3	TRUE	Brimab	1	6	equal	multiple
69	Brimab_HC	71.30434782608695	0	run4	TRUE	Brimab	1	6	equal	multiple
69	h9C12-Q97A_HC	77.58620689655173	30.76923076923077	run1	TRUE	h9C12-Q97A	1	6	equal	multiple
69	h9C12-Q97A_HC	6.0344827586206895	0	run4	TRUE	h9C12-Q97A	1	6	equal	multiple
69	h9C12-Q97A_HC	31.896551724137932	0	run2	TRUE	h9C12-Q97A	1	6	equal	multiple
69	h9C12-Q97A_HC	39.6551724137931	100	run3	TRUE	h9C12-Q97A	1	6	equal	multiple
69	h9C12-WT_HC	85.47008547008546	100	run1	TRUE	h9C12-WT	1	6	equal	multiple
69	h9C12-WT_HC	32.47863247863248	0	run2	TRUE	h9C12-WT	1	6	equal	multiple
69	h9C12-WT_HC	6.837606837606838	0	run4	TRUE	h9C12-WT	1	6	equal	multiple
69	h9C12-WT_HC	39.31623931623932	100	run3	TRUE	h9C12-WT	1	6	equal	multiple
69	PGDM1400_HC	7.092198581560284	0	run1	TRUE	PGDM1400	1	6	equal	multiple
69	PGDM1400_HC	0	0	run3	TRUE	PGDM1400	1	6	equal	multiple
69	PGDM1400_HC	25.53191489361702	16.666666666666664	run2	TRUE	PGDM1400	1	6	equal	multiple
69	PGDM1400_HC	9.219858156028367	8.333333333333332	run4	TRUE	PGDM1400	1	6	equal	multiple
69	PGT121_HC	16.666666666666664	0	run1	TRUE	PGT121	1	6	equal	multiple
69	PGT121_HC	5.303030303030303	0	run2	TRUE	PGT121	1	6	equal	multiple
69	PGT121_HC	6.0606060606060606	0	run3	TRUE	PGT121	1	6	equal	multiple
69	PGT121_HC	0	0	run4	TRUE	PGT121	1	6	equal	multiple
69	Umab_HC	44.537815126050425	21.428571428571427	run2	TRUE	Umab	1	6	equal	multiple
69	Umab_HC	51.26050420168067	78.57142857142857	run3	TRUE	Umab	1	6	equal	multiple
69	Umab_HC	21.84873949579832	0	run4	TRUE	Umab	1	6	equal	multiple
69	Umab_HC	32.773109243697476	71.42857142857143	run1	TRUE	Umab	1	6	equal	multiple
7	h9C12-Q97A_HC	6.0344827586206895	0	run4	TRUE	h9C12-Q97A	1	2	equal	multiple
7	h9C12-Q97A_HC	27.586206896551722	0	run1	TRUE	h9C12-Q97A	1	2	equal	multiple
7	h9C12-Q97A_HC	41.37931034482759	92.3076923076923	run2	TRUE	h9C12-Q97A	1	2	equal	multiple
7	h9C12-Q97A_HC	29.310344827586203	0	run3	TRUE	h9C12-Q97A	1	2	equal	multiple
7	h9C12-WT_HC	28.205128205128204	0	run1	TRUE	h9C12-WT	1	2	equal	multiple
7	h9C12-WT_HC	29.914529914529915	0	run2	TRUE	h9C12-WT	1	2	equal	multiple
7	h9C12-WT_HC	29.914529914529915	0	run3	TRUE	h9C12-WT	1	2	equal	multiple
7	h9C12-WT_HC	5.982905982905983	0	run4	TRUE	h9C12-WT	1	2	equal	multiple
70	Brimab_HC	88.69565217391305	80	run2	TRUE	Brimab	1000	6	equal	multiple
70	Brimab_HC	73.04347826086956	0	run3	TRUE	Brimab	1000	6	equal	multiple
70	Brimab_HC	74.78260869565217	0	run1	TRUE	Brimab	1000	6	equal	multiple
70	Brimab_HC	76.52173913043478	0	run4	TRUE	Brimab	1000	6	equal	multiple
70	h9C12-Q97A_HC	89.65517241379311	76.92307692307693	run2	TRUE	h9C12-Q97A	1000	6	equal	multiple
70	h9C12-Q97A_HC	75.86206896551724	100	run3	TRUE	h9C12-Q97A	1000	6	equal	multiple
70	h9C12-Q97A_HC	78.44827586206897	76.92307692307693	run1	TRUE	h9C12-Q97A	1000	6	equal	multiple
70	h9C12-Q97A_HC	81.03448275862068	76.92307692307693	run4	TRUE	h9C12-Q97A	1000	6	equal	multiple
70	h9C12-WT_HC	82.05128205128204	7.6923076923076925	run2	TRUE	h9C12-WT	1000	6	equal	multiple
70	h9C12-WT_HC	75.21367521367522	100	run3	TRUE	h9C12-WT	1000	6	equal	multiple
70	h9C12-WT_HC	81.19658119658119	76.92307692307693	run4	TRUE	h9C12-WT	1000	6	equal	multiple
70	h9C12-WT_HC	78.63247863247864	76.92307692307693	run1	TRUE	h9C12-WT	1000	6	equal	multiple
70	PGDM1400_HC	12.056737588652481	0	run1	TRUE	PGDM1400	1000	6	equal	multiple
70	PGDM1400_HC	29.78723404255319	27.77777777777778	run3	TRUE	PGDM1400	1000	6	equal	multiple
70	PGDM1400_HC	36.87943262411347	36.11111111111111	run2	TRUE	PGDM1400	1000	6	equal	multiple
70	PGDM1400_HC	18.439716312056735	8.333333333333332	run4	TRUE	PGDM1400	1000	6	equal	multiple
70	PGT121_HC	77.27272727272727	28.57142857142857	run2	TRUE	PGT121	1000	6	equal	multiple
70	PGT121_HC	43.18181818181818	10.714285714285714	run3	TRUE	PGT121	1000	6	equal	multiple
70	PGT121_HC	86.36363636363636	42.857142857142854	run1	TRUE	PGT121	1000	6	equal	multiple
70	PGT121_HC	44.696969696969695	28.57142857142857	run4	TRUE	PGT121	1000	6	equal	multiple
70	Umab_HC	53.78151260504202	21.428571428571427	run2	TRUE	Umab	1000	6	equal	multiple
70	Umab_HC	40.33613445378151	78.57142857142857	run3	TRUE	Umab	1000	6	equal	multiple
70	Umab_HC	46.21848739495798	78.57142857142857	run1	TRUE	Umab	1000	6	equal	multiple
70	Umab_HC	36.97478991596639	7.142857142857142	run4	TRUE	Umab	1000	6	equal	multiple
8	Brimab_HC	79.13043478260869	0	run2	TRUE	Brimab	1	6	equal	multiple
8	Brimab_HC	72.17391304347827	0	run1	TRUE	Brimab	1	6	equal	multiple
8	Brimab_HC	73.04347826086956	0	run3	TRUE	Brimab	1	6	equal	multiple
8	Brimab_HC	61.73913043478261	0	run4	TRUE	Brimab	1	6	equal	multiple
8	h9C12-Q97A_HC	10.344827586206897	0	run1	TRUE	h9C12-Q97A	1	6	equal	multiple
8	h9C12-Q97A_HC	15.517241379310345	0	run3	TRUE	h9C12-Q97A	1	6	equal	multiple
8	h9C12-Q97A_HC	32.758620689655174	92.3076923076923	run2	TRUE	h9C12-Q97A	1	6	equal	multiple
8	h9C12-Q97A_HC	0	0	run4	TRUE	h9C12-Q97A	1	6	equal	multiple
8	h9C12-WT_HC	10.256410256410255	0	run1	TRUE	h9C12-WT	1	6	equal	multiple
8	h9C12-WT_HC	21.367521367521366	0	run2	TRUE	h9C12-WT	1	6	equal	multiple
8	h9C12-WT_HC	16.23931623931624	0	run3	TRUE	h9C12-WT	1	6	equal	multiple
8	h9C12-WT_HC	0	0	run4	TRUE	h9C12-WT	1	6	equal	multiple
8	PGDM1400_HC	0	0	run2	TRUE	PGDM1400	1	6	equal	multiple
8	PGDM1400_HC	14.184397163120568	0	run3	TRUE	PGDM1400	1	6	equal	multiple
8	PGDM1400_HC	14.184397163120568	0	run1	TRUE	PGDM1400	1	6	equal	multiple
8	PGDM1400_HC	0	0	run4	TRUE	PGDM1400	1	6	equal	multiple
8	PGT121_HC	19.696969696969695	0	run2	TRUE	PGT121	1	6	equal	multiple
8	PGT121_HC	53.78787878787878	0	run1	TRUE	PGT121	1	6	equal	multiple
8	PGT121_HC	30.303030303030305	0	run3	TRUE	PGT121	1	6	equal	multiple
8	PGT121_HC	10.606060606060606	0	run4	TRUE	PGT121	1	6	equal	multiple
8	Umab_HC	26.05042016806723	21.428571428571427	run3	TRUE	Umab	1	6	equal	multiple
8	Umab_HC	49.57983193277311	21.428571428571427	run1	TRUE	Umab	1	6	equal	multiple
8	Umab_HC	15.966386554621847	0	run2	TRUE	Umab	1	6	equal	multiple
8	Umab_HC	15.966386554621847	0	run4	TRUE	Umab	1	6	equal	multiple
9	h9C12-Q97A_HC	12.068965517241379	0	run1	TRUE	h9C12-Q97A	10	1	equal	single
9	h9C12-Q97A_HC	80.17241379310344	76.92307692307693	run3	TRUE	h9C12-Q97A	10	1	equal	single
9	h9C12-Q97A_HC	34.48275862068966	0	run2	TRUE	h9C12-Q97A	10	1	equal	single
9	h9C12-Q97A_HC	11.206896551724139	0	run4	TRUE	h9C12-Q97A	10	1	equal	single
