Sample_number	Sample	Peptide	Score	Tool	Overlap	Sequence_name	Sample_info	has_blood	has_GingisKHAN	h9C12-Q97A	h9C12-Q97A_HC	h9C12_LC	concentration_h9C12-Q97A	h9C12-WT	h9C12-WT_HC	concentration_h9C12-WT	Brimab	Brimab_HC	Brimab_LC	concentration_Brimab	PGDM1400	PGDM1400_HC	PGDM1400_LC	concentration_PGDM1400	PGT121	PGT121_HC	PGT121_LC	concentration_PGT121	Umab	Umab_HC	Umab_LC	concentration_Umab	n_abs
1	EH4855_211022133232	GTLVTVSAASTK	0.7494594958896768	Instanovo	8	h9C12-WT_HC	1000 ng blood-isolated hIgG1 + 1 ng h9C12 Q97A hIgG1 in 100 μL of 0.1M Ammonium bicarbonate.	TRUE	FALSE	TRUE	TRUE	TRUE	1	FALSE	FALSE	0	FALSE	FALSE	FALSE	0	FALSE	FALSE	FALSE	0	FALSE	FALSE	FALSE	0	FALSE	FALSE	FALSE	0	1
1	EH4855_211022133232	GTLVTVSAASTK	0.7494594958896768	Instanovo	8	h9C12-Q97A_HC	1000 ng blood-isolated hIgG1 + 1 ng h9C12 Q97A hIgG1 in 100 μL of 0.1M Ammonium bicarbonate.	TRUE	FALSE	TRUE	TRUE	TRUE	1	FALSE	FALSE	0	FALSE	FALSE	FALSE	0	FALSE	FALSE	FALSE	0	FALSE	FALSE	FALSE	0	FALSE	FALSE	FALSE	0	1
2	EH4859	ASQSVTNDAAWYQK	0.9062822003449712	Casanovo	14	h9C12_LC	1000 ng blood-isolated hIgG1 + 1 ng h9C12 WT hIgG1 in 100 μL of 0.1M Ammonium bicarbonate.	TRUE	FALSE	FALSE	FALSE	TRUE	0	TRUE	TRUE	1	FALSE	FALSE	FALSE	0	FALSE	FALSE	FALSE	0	FALSE	FALSE	FALSE	0	FALSE	FALSE	FALSE	0	1
39	EH5034	WGQGTLVTVSAASTK	0.825160976174756	Instanovo	11	h9C12-WT_HC	1000 ng h9C12 WT hIgG1 in 100 μL of 0.1M Ammonium bicarbonate.	FALSE	FALSE	FALSE	FALSE	FALSE	0	TRUE	TRUE	1000	FALSE	FALSE	FALSE	0	FALSE	FALSE	FALSE	0	FALSE	FALSE	FALSE	0	FALSE	FALSE	FALSE	0	1
39	EH5034	TTDYNAVFMSR	0.7491280860487803	Instanovo	11	h9C12-WT_HC	1000 ng h9C12 WT hIgG1 in 100 μL of 0.1M Ammonium bicarbonate.	FALSE	FALSE	FALSE	FALSE	FALSE	0	TRUE	TRUE	1000	FALSE	FALSE	FALSE	0	FALSE	FALSE	FALSE	0	FALSE	FALSE	FALSE	0	FALSE	FALSE	FALSE	0	1
39	EH5034	QSGPGLLQPSQR	0.23510736014932582	Instanovo	12	h9C12-WT_HC	1000 ng h9C12 WT hIgG1 in 100 μL of 0.1M Ammonium bicarbonate.	FALSE	FALSE	FALSE	FALSE	FALSE	0	TRUE	TRUE	1000	FALSE	FALSE	FALSE	0	FALSE	FALSE	FALSE	0	FALSE	FALSE	FALSE	0	FALSE	FALSE	FALSE	0	1
39	EH5034	GGTTDYNAVFMSR	0.4320016355083688	Instanovo	13	h9C12-WT_HC	1000 ng h9C12 WT hIgG1 in 100 μL of 0.1M Ammonium bicarbonate.	FALSE	FALSE	FALSE	FALSE	FALSE	0	TRUE	TRUE	1000	FALSE	FALSE	FALSE	0	FALSE	FALSE	FALSE	0	FALSE	FALSE	FALSE	0	FALSE	FALSE	FALSE	0	1
39	EH5034	GGTTDYNAVFMSR	0.232213399417524	Instanovo	13	h9C12-WT_HC	1000 ng h9C12 WT hIgG1 in 100 μL of 0.1M Ammonium bicarbonate.	FALSE	FALSE	FALSE	FALSE	FALSE	0	TRUE	TRUE	1000	FALSE	FALSE	FALSE	0	FALSE	FALSE	FALSE	0	FALSE	FALSE	FALSE	0	FALSE	FALSE	FALSE	0	1
39	EH5034	SQVFFTMN	0.9300377329334388	Instanovo	8	h9C12-WT_HC	1000 ng h9C12 WT hIgG1 in 100 μL of 0.1M Ammonium bicarbonate.	FALSE	FALSE	FALSE	FALSE	FALSE	0	TRUE	TRUE	1000	FALSE	FALSE	FALSE	0	FALSE	FALSE	FALSE	0	FALSE	FALSE	FALSE	0	FALSE	FALSE	FALSE	0	1
39	EH5034	GTTDYNAVFMSR	0.9410917201129694	Instanovo	12	h9C12-WT_HC	1000 ng h9C12 WT hIgG1 in 100 μL of 0.1M Ammonium bicarbonate.	FALSE	FALSE	FALSE	FALSE	FALSE	0	TRUE	TRUE	1000	FALSE	FALSE	FALSE	0	FALSE	FALSE	FALSE	0	FALSE	FALSE	FALSE	0	FALSE	FALSE	FALSE	0	1
39	EH5034	QSGPGLLQPSQR	0.2729589394976954	Instanovo	12	h9C12-WT_HC	1000 ng h9C12 WT hIgG1 in 100 μL of 0.1M Ammonium bicarbonate.	FALSE	FALSE	FALSE	FALSE	FALSE	0	TRUE	TRUE	1000	FALSE	FALSE	FALSE	0	FALSE	FALSE	FALSE	0	FALSE	FALSE	FALSE	0	FALSE	FALSE	FALSE	0	1
39	EH5034	QSGPGLLQPSQR	0.2084423399423477	Instanovo	12	h9C12-WT_HC	1000 ng h9C12 WT hIgG1 in 100 μL of 0.1M Ammonium bicarbonate.	FALSE	FALSE	FALSE	FALSE	FALSE	0	TRUE	TRUE	1000	FALSE	FALSE	FALSE	0	FALSE	FALSE	FALSE	0	FALSE	FALSE	FALSE	0	FALSE	FALSE	FALSE	0	1
39	EH5034	SQVFFTMN	0.008732483331166512	Instanovo	8	h9C12-WT_HC	1000 ng h9C12 WT hIgG1 in 100 μL of 0.1M Ammonium bicarbonate.	FALSE	FALSE	FALSE	FALSE	FALSE	0	TRUE	TRUE	1000	FALSE	FALSE	FALSE	0	FALSE	FALSE	FALSE	0	FALSE	FALSE	FALSE	0	FALSE	FALSE	FALSE	0	1
39	EH5034	QSGPGLLQPSQR	0.9171179203937452	Casanovo	12	h9C12-WT_HC	1000 ng h9C12 WT hIgG1 in 100 μL of 0.1M Ammonium bicarbonate.	FALSE	FALSE	FALSE	FALSE	FALSE	0	TRUE	TRUE	1000	FALSE	FALSE	FALSE	0	FALSE	FALSE	FALSE	0	FALSE	FALSE	FALSE	0	FALSE	FALSE	FALSE	0	1
39	EH5034	QSGPGLLQPSQR	0.9230682539443176	Casanovo	12	h9C12-WT_HC	1000 ng h9C12 WT hIgG1 in 100 μL of 0.1M Ammonium bicarbonate.	FALSE	FALSE	FALSE	FALSE	FALSE	0	TRUE	TRUE	1000	FALSE	FALSE	FALSE	0	FALSE	FALSE	FALSE	0	FALSE	FALSE	FALSE	0	FALSE	FALSE	FALSE	0	1
39	EH5034	QSGPGLLQPSQR	0.9122437126934528	Casanovo	12	h9C12-WT_HC	1000 ng h9C12 WT hIgG1 in 100 μL of 0.1M Ammonium bicarbonate.	FALSE	FALSE	FALSE	FALSE	FALSE	0	TRUE	TRUE	1000	FALSE	FALSE	FALSE	0	FALSE	FALSE	FALSE	0	FALSE	FALSE	FALSE	0	FALSE	FALSE	FALSE	0	1
39	EH5034	TVSGFSLGR	0.965698540210724	Casanovo	9	h9C12-WT_HC	1000 ng h9C12 WT hIgG1 in 100 μL of 0.1M Ammonium bicarbonate.	FALSE	FALSE	FALSE	FALSE	FALSE	0	TRUE	TRUE	1000	FALSE	FALSE	FALSE	0	FALSE	FALSE	FALSE	0	FALSE	FALSE	FALSE	0	FALSE	FALSE	FALSE	0	1
39	EH5034	QSGPGLLQPSQR	0.9332728110826932	Casanovo	12	h9C12-WT_HC	1000 ng h9C12 WT hIgG1 in 100 μL of 0.1M Ammonium bicarbonate.	FALSE	FALSE	FALSE	FALSE	FALSE	0	TRUE	TRUE	1000	FALSE	FALSE	FALSE	0	FALSE	FALSE	FALSE	0	FALSE	FALSE	FALSE	0	FALSE	FALSE	FALSE	0	1
39	EH5034	GGTTDYNAVFMSR	0.9632764687904944	Casanovo	13	h9C12-WT_HC	1000 ng h9C12 WT hIgG1 in 100 μL of 0.1M Ammonium bicarbonate.	FALSE	FALSE	FALSE	FALSE	FALSE	0	TRUE	TRUE	1000	FALSE	FALSE	FALSE	0	FALSE	FALSE	FALSE	0	FALSE	FALSE	FALSE	0	FALSE	FALSE	FALSE	0	1
39	EH5034	QSGPGLLQPSQR	0.8887705840170383	Casanovo	12	h9C12-WT_HC	1000 ng h9C12 WT hIgG1 in 100 μL of 0.1M Ammonium bicarbonate.	FALSE	FALSE	FALSE	FALSE	FALSE	0	TRUE	TRUE	1000	FALSE	FALSE	FALSE	0	FALSE	FALSE	FALSE	0	FALSE	FALSE	FALSE	0	FALSE	FALSE	FALSE	0	1
39	EH5034	WGQGTLVTVSAASTK	0.9963432192802428	Casanovo	11	h9C12-WT_HC	1000 ng h9C12 WT hIgG1 in 100 μL of 0.1M Ammonium bicarbonate.	FALSE	FALSE	FALSE	FALSE	FALSE	0	TRUE	TRUE	1000	FALSE	FALSE	FALSE	0	FALSE	FALSE	FALSE	0	FALSE	FALSE	FALSE	0	FALSE	FALSE	FALSE	0	1
39	EH5034	GGTTDYNAVFMSR	0.14290361553287173	Instanovo	13	h9C12-WT_HC	1000 ng h9C12 WT hIgG1 in 100 μL of 0.1M Ammonium bicarbonate.	FALSE	FALSE	FALSE	FALSE	FALSE	0	TRUE	TRUE	1000	FALSE	FALSE	FALSE	0	FALSE	FALSE	FALSE	0	FALSE	FALSE	FALSE	0	FALSE	FALSE	FALSE	0	1
39	EH5034	SQVFFTMN	0.9252894893288612	Casanovo	8	h9C12-WT_HC	1000 ng h9C12 WT hIgG1 in 100 μL of 0.1M Ammonium bicarbonate.	FALSE	FALSE	FALSE	FALSE	FALSE	0	TRUE	TRUE	1000	FALSE	FALSE	FALSE	0	FALSE	FALSE	FALSE	0	FALSE	FALSE	FALSE	0	FALSE	FALSE	FALSE	0	1
39	EH5034	GTTDYNAVFMSR	0.9834691286087036	Casanovo	12	h9C12-WT_HC	1000 ng h9C12 WT hIgG1 in 100 μL of 0.1M Ammonium bicarbonate.	FALSE	FALSE	FALSE	FALSE	FALSE	0	TRUE	TRUE	1000	FALSE	FALSE	FALSE	0	FALSE	FALSE	FALSE	0	FALSE	FALSE	FALSE	0	FALSE	FALSE	FALSE	0	1
39	EH5034	TVSGFSLGR	0.871622078147577	Instanovo	9	h9C12-WT_HC	1000 ng h9C12 WT hIgG1 in 100 μL of 0.1M Ammonium bicarbonate.	FALSE	FALSE	FALSE	FALSE	FALSE	0	TRUE	TRUE	1000	FALSE	FALSE	FALSE	0	FALSE	FALSE	FALSE	0	FALSE	FALSE	FALSE	0	FALSE	FALSE	FALSE	0	1
39	EH5034	GGTTDYNAVFMSR	0.892380796420646	Instanovo	13	h9C12-WT_HC	1000 ng h9C12 WT hIgG1 in 100 μL of 0.1M Ammonium bicarbonate.	FALSE	FALSE	FALSE	FALSE	FALSE	0	TRUE	TRUE	1000	FALSE	FALSE	FALSE	0	FALSE	FALSE	FALSE	0	FALSE	FALSE	FALSE	0	FALSE	FALSE	FALSE	0	1
39	EH5034	FPLAYWGQGTLVTVSAASTK	0.922058057785034	Casanovo	16	h9C12-WT_HC	1000 ng h9C12 WT hIgG1 in 100 μL of 0.1M Ammonium bicarbonate.	FALSE	FALSE	FALSE	FALSE	FALSE	0	TRUE	TRUE	1000	FALSE	FALSE	FALSE	0	FALSE	FALSE	FALSE	0	FALSE	FALSE	FALSE	0	FALSE	FALSE	FALSE	0	1
39	EH5034	QGSNFPLAYWGQGTLVTVSAASTK	0.9218591625491778	Casanovo	20	h9C12-WT_HC	1000 ng h9C12 WT hIgG1 in 100 μL of 0.1M Ammonium bicarbonate.	FALSE	FALSE	FALSE	FALSE	FALSE	0	TRUE	TRUE	1000	FALSE	FALSE	FALSE	0	FALSE	FALSE	FALSE	0	FALSE	FALSE	FALSE	0	FALSE	FALSE	FALSE	0	1
39	EH5034	QGSNFPLAYWGQGTLVTVSAASTK	0.8587887287139893	Casanovo	20	h9C12-WT_HC	1000 ng h9C12 WT hIgG1 in 100 μL of 0.1M Ammonium bicarbonate.	FALSE	FALSE	FALSE	FALSE	FALSE	0	TRUE	TRUE	1000	FALSE	FALSE	FALSE	0	FALSE	FALSE	FALSE	0	FALSE	FALSE	FALSE	0	FALSE	FALSE	FALSE	0	1
39	EH5034	QGSNFPLAYWGQGTLVTVSAASTK	0.950564886132876	Casanovo	20	h9C12-WT_HC	1000 ng h9C12 WT hIgG1 in 100 μL of 0.1M Ammonium bicarbonate.	FALSE	FALSE	FALSE	FALSE	FALSE	0	TRUE	TRUE	1000	FALSE	FALSE	FALSE	0	FALSE	FALSE	FALSE	0	FALSE	FALSE	FALSE	0	FALSE	FALSE	FALSE	0	1
39	EH5034	QGSNFPLAYWGQGTLVTVSAASTK	0.9184867478907108	Casanovo	20	h9C12-WT_HC	1000 ng h9C12 WT hIgG1 in 100 μL of 0.1M Ammonium bicarbonate.	FALSE	FALSE	FALSE	FALSE	FALSE	0	TRUE	TRUE	1000	FALSE	FALSE	FALSE	0	FALSE	FALSE	FALSE	0	FALSE	FALSE	FALSE	0	FALSE	FALSE	FALSE	0	1
39	EH5034	QGSNFPLAYWGQGTLVTVSAASTK	0.8843641203641891	Casanovo	20	h9C12-WT_HC	1000 ng h9C12 WT hIgG1 in 100 μL of 0.1M Ammonium bicarbonate.	FALSE	FALSE	FALSE	FALSE	FALSE	0	TRUE	TRUE	1000	FALSE	FALSE	FALSE	0	FALSE	FALSE	FALSE	0	FALSE	FALSE	FALSE	0	FALSE	FALSE	FALSE	0	1
39	EH5034	QGSNFPLAYWGQGTLVTVSAASTK	0.9227705945571264	Casanovo	20	h9C12-WT_HC	1000 ng h9C12 WT hIgG1 in 100 μL of 0.1M Ammonium bicarbonate.	FALSE	FALSE	FALSE	FALSE	FALSE	0	TRUE	TRUE	1000	FALSE	FALSE	FALSE	0	FALSE	FALSE	FALSE	0	FALSE	FALSE	FALSE	0	FALSE	FALSE	FALSE	0	1
39	EH5034	QGSNFPLAYWGQGTLVTVSAASTK	0.922601230442524	Casanovo	20	h9C12-WT_HC	1000 ng h9C12 WT hIgG1 in 100 μL of 0.1M Ammonium bicarbonate.	FALSE	FALSE	FALSE	FALSE	FALSE	0	TRUE	TRUE	1000	FALSE	FALSE	FALSE	0	FALSE	FALSE	FALSE	0	FALSE	FALSE	FALSE	0	FALSE	FALSE	FALSE	0	1
39	EH5034	TTDYNAVFMSR	0.9710420044985684	Casanovo	11	h9C12-WT_HC	1000 ng h9C12 WT hIgG1 in 100 μL of 0.1M Ammonium bicarbonate.	FALSE	FALSE	FALSE	FALSE	FALSE	0	TRUE	TRUE	1000	FALSE	FALSE	FALSE	0	FALSE	FALSE	FALSE	0	FALSE	FALSE	FALSE	0	FALSE	FALSE	FALSE	0	1
39	EH5034	QSGPGLLQPSQR	0.2729589394976954	Instanovo	12	h9C12-Q97A_HC	1000 ng h9C12 WT hIgG1 in 100 μL of 0.1M Ammonium bicarbonate.	FALSE	FALSE	FALSE	FALSE	FALSE	0	TRUE	TRUE	1000	FALSE	FALSE	FALSE	0	FALSE	FALSE	FALSE	0	FALSE	FALSE	FALSE	0	FALSE	FALSE	FALSE	0	1
39	EH5034	QSGPGLLQPSQR	0.2084423399423477	Instanovo	12	h9C12-Q97A_HC	1000 ng h9C12 WT hIgG1 in 100 μL of 0.1M Ammonium bicarbonate.	FALSE	FALSE	FALSE	FALSE	FALSE	0	TRUE	TRUE	1000	FALSE	FALSE	FALSE	0	FALSE	FALSE	FALSE	0	FALSE	FALSE	FALSE	0	FALSE	FALSE	FALSE	0	1
39	EH5034	AYWGQGTLVTVSAASTK	0.9692242916892556	Casanovo	13	h9C12-WT_HC	1000 ng h9C12 WT hIgG1 in 100 μL of 0.1M Ammonium bicarbonate.	FALSE	FALSE	FALSE	FALSE	FALSE	0	TRUE	TRUE	1000	FALSE	FALSE	FALSE	0	FALSE	FALSE	FALSE	0	FALSE	FALSE	FALSE	0	FALSE	FALSE	FALSE	0	1
39	EH5034	SQVFFTMN	0.8472938388586044	Casanovo	8	h9C12-WT_HC	1000 ng h9C12 WT hIgG1 in 100 μL of 0.1M Ammonium bicarbonate.	FALSE	FALSE	FALSE	FALSE	FALSE	0	TRUE	TRUE	1000	FALSE	FALSE	FALSE	0	FALSE	FALSE	FALSE	0	FALSE	FALSE	FALSE	0	FALSE	FALSE	FALSE	0	1
39	EH5034	QSGPGLLQPSQR	0.23510736014932582	Instanovo	12	h9C12-Q97A_HC	1000 ng h9C12 WT hIgG1 in 100 μL of 0.1M Ammonium bicarbonate.	FALSE	FALSE	FALSE	FALSE	FALSE	0	TRUE	TRUE	1000	FALSE	FALSE	FALSE	0	FALSE	FALSE	FALSE	0	FALSE	FALSE	FALSE	0	FALSE	FALSE	FALSE	0	1
39	EH5034	WGQGTLVTVSAASTK	0.825160976174756	Instanovo	11	h9C12-Q97A_HC	1000 ng h9C12 WT hIgG1 in 100 μL of 0.1M Ammonium bicarbonate.	FALSE	FALSE	FALSE	FALSE	FALSE	0	TRUE	TRUE	1000	FALSE	FALSE	FALSE	0	FALSE	FALSE	FALSE	0	FALSE	FALSE	FALSE	0	FALSE	FALSE	FALSE	0	1
39	EH5034	TTDYNAVFMSR	0.7491280860487803	Instanovo	11	h9C12-Q97A_HC	1000 ng h9C12 WT hIgG1 in 100 μL of 0.1M Ammonium bicarbonate.	FALSE	FALSE	FALSE	FALSE	FALSE	0	TRUE	TRUE	1000	FALSE	FALSE	FALSE	0	FALSE	FALSE	FALSE	0	FALSE	FALSE	FALSE	0	FALSE	FALSE	FALSE	0	1
39	EH5034	SQVFFTMN	0.9300377329334388	Instanovo	8	h9C12-Q97A_HC	1000 ng h9C12 WT hIgG1 in 100 μL of 0.1M Ammonium bicarbonate.	FALSE	FALSE	FALSE	FALSE	FALSE	0	TRUE	TRUE	1000	FALSE	FALSE	FALSE	0	FALSE	FALSE	FALSE	0	FALSE	FALSE	FALSE	0	FALSE	FALSE	FALSE	0	1
39	EH5034	GTTDYNAVFMSR	0.9410917201129694	Instanovo	12	h9C12-Q97A_HC	1000 ng h9C12 WT hIgG1 in 100 μL of 0.1M Ammonium bicarbonate.	FALSE	FALSE	FALSE	FALSE	FALSE	0	TRUE	TRUE	1000	FALSE	FALSE	FALSE	0	FALSE	FALSE	FALSE	0	FALSE	FALSE	FALSE	0	FALSE	FALSE	FALSE	0	1
39	EH5034	GGTTDYNAVFMSR	0.4320016355083688	Instanovo	13	h9C12-Q97A_HC	1000 ng h9C12 WT hIgG1 in 100 μL of 0.1M Ammonium bicarbonate.	FALSE	FALSE	FALSE	FALSE	FALSE	0	TRUE	TRUE	1000	FALSE	FALSE	FALSE	0	FALSE	FALSE	FALSE	0	FALSE	FALSE	FALSE	0	FALSE	FALSE	FALSE	0	1
39	EH5034	GGTTDYNAVFMSR	0.232213399417524	Instanovo	13	h9C12-Q97A_HC	1000 ng h9C12 WT hIgG1 in 100 μL of 0.1M Ammonium bicarbonate.	FALSE	FALSE	FALSE	FALSE	FALSE	0	TRUE	TRUE	1000	FALSE	FALSE	FALSE	0	FALSE	FALSE	FALSE	0	FALSE	FALSE	FALSE	0	FALSE	FALSE	FALSE	0	1
39	EH5034	SQVFFTMN	0.008732483331166512	Instanovo	8	h9C12-Q97A_HC	1000 ng h9C12 WT hIgG1 in 100 μL of 0.1M Ammonium bicarbonate.	FALSE	FALSE	FALSE	FALSE	FALSE	0	TRUE	TRUE	1000	FALSE	FALSE	FALSE	0	FALSE	FALSE	FALSE	0	FALSE	FALSE	FALSE	0	FALSE	FALSE	FALSE	0	1
39	EH5034	GGTTDYNAVFMSR	0.14290361553287173	Instanovo	13	h9C12-Q97A_HC	1000 ng h9C12 WT hIgG1 in 100 μL of 0.1M Ammonium bicarbonate.	FALSE	FALSE	FALSE	FALSE	FALSE	0	TRUE	TRUE	1000	FALSE	FALSE	FALSE	0	FALSE	FALSE	FALSE	0	FALSE	FALSE	FALSE	0	FALSE	FALSE	FALSE	0	1
39	EH5034	FPLAYWGQGTLVTVSAASTK	0.248910156180094	Instanovo	16	h9C12-Q97A_HC	1000 ng h9C12 WT hIgG1 in 100 μL of 0.1M Ammonium bicarbonate.	FALSE	FALSE	FALSE	FALSE	FALSE	0	TRUE	TRUE	1000	FALSE	FALSE	FALSE	0	FALSE	FALSE	FALSE	0	FALSE	FALSE	FALSE	0	FALSE	FALSE	FALSE	0	1
39	EH5034	FPLAYWGQGTLVTVSAASTK	0.248910156180094	Instanovo	16	h9C12-WT_HC	1000 ng h9C12 WT hIgG1 in 100 μL of 0.1M Ammonium bicarbonate.	FALSE	FALSE	FALSE	FALSE	FALSE	0	TRUE	TRUE	1000	FALSE	FALSE	FALSE	0	FALSE	FALSE	FALSE	0	FALSE	FALSE	FALSE	0	FALSE	FALSE	FALSE	0	1
39	EH5034	TVSGFSLGR	0.871622078147577	Instanovo	9	h9C12-Q97A_HC	1000 ng h9C12 WT hIgG1 in 100 μL of 0.1M Ammonium bicarbonate.	FALSE	FALSE	FALSE	FALSE	FALSE	0	TRUE	TRUE	1000	FALSE	FALSE	FALSE	0	FALSE	FALSE	FALSE	0	FALSE	FALSE	FALSE	0	FALSE	FALSE	FALSE	0	1
39	EH5034	GGTTDYNAVFMSR	0.892380796420646	Instanovo	13	h9C12-Q97A_HC	1000 ng h9C12 WT hIgG1 in 100 μL of 0.1M Ammonium bicarbonate.	FALSE	FALSE	FALSE	FALSE	FALSE	0	TRUE	TRUE	1000	FALSE	FALSE	FALSE	0	FALSE	FALSE	FALSE	0	FALSE	FALSE	FALSE	0	FALSE	FALSE	FALSE	0	1
39	EH5034	QSGPGLLQPSQR	0.9171179203937452	Casanovo	12	h9C12-Q97A_HC	1000 ng h9C12 WT hIgG1 in 100 μL of 0.1M Ammonium bicarbonate.	FALSE	FALSE	FALSE	FALSE	FALSE	0	TRUE	TRUE	1000	FALSE	FALSE	FALSE	0	FALSE	FALSE	FALSE	0	FALSE	FALSE	FALSE	0	FALSE	FALSE	FALSE	0	1
39	EH5034	QSGPGLLQPSQR	0.9230682539443176	Casanovo	12	h9C12-Q97A_HC	1000 ng h9C12 WT hIgG1 in 100 μL of 0.1M Ammonium bicarbonate.	FALSE	FALSE	FALSE	FALSE	FALSE	0	TRUE	TRUE	1000	FALSE	FALSE	FALSE	0	FALSE	FALSE	FALSE	0	FALSE	FALSE	FALSE	0	FALSE	FALSE	FALSE	0	1
39	EH5034	QSGPGLLQPSQR	0.9122437126934528	Casanovo	12	h9C12-Q97A_HC	1000 ng h9C12 WT hIgG1 in 100 μL of 0.1M Ammonium bicarbonate.	FALSE	FALSE	FALSE	FALSE	FALSE	0	TRUE	TRUE	1000	FALSE	FALSE	FALSE	0	FALSE	FALSE	FALSE	0	FALSE	FALSE	FALSE	0	FALSE	FALSE	FALSE	0	1
39	EH5034	TVSGFSLGR	0.965698540210724	Casanovo	9	h9C12-Q97A_HC	1000 ng h9C12 WT hIgG1 in 100 μL of 0.1M Ammonium bicarbonate.	FALSE	FALSE	FALSE	FALSE	FALSE	0	TRUE	TRUE	1000	FALSE	FALSE	FALSE	0	FALSE	FALSE	FALSE	0	FALSE	FALSE	FALSE	0	FALSE	FALSE	FALSE	0	1
39	EH5034	QSGPGLLQPSQR	0.9332728110826932	Casanovo	12	h9C12-Q97A_HC	1000 ng h9C12 WT hIgG1 in 100 μL of 0.1M Ammonium bicarbonate.	FALSE	FALSE	FALSE	FALSE	FALSE	0	TRUE	TRUE	1000	FALSE	FALSE	FALSE	0	FALSE	FALSE	FALSE	0	FALSE	FALSE	FALSE	0	FALSE	FALSE	FALSE	0	1
39	EH5034	GGTTDYNAVFMSR	0.9632764687904944	Casanovo	13	h9C12-Q97A_HC	1000 ng h9C12 WT hIgG1 in 100 μL of 0.1M Ammonium bicarbonate.	FALSE	FALSE	FALSE	FALSE	FALSE	0	TRUE	TRUE	1000	FALSE	FALSE	FALSE	0	FALSE	FALSE	FALSE	0	FALSE	FALSE	FALSE	0	FALSE	FALSE	FALSE	0	1
39	EH5034	QSGPGLLQPSQR	0.8887705840170383	Casanovo	12	h9C12-Q97A_HC	1000 ng h9C12 WT hIgG1 in 100 μL of 0.1M Ammonium bicarbonate.	FALSE	FALSE	FALSE	FALSE	FALSE	0	TRUE	TRUE	1000	FALSE	FALSE	FALSE	0	FALSE	FALSE	FALSE	0	FALSE	FALSE	FALSE	0	FALSE	FALSE	FALSE	0	1
39	EH5034	WGQGTLVTVSAASTK	0.9963432192802428	Casanovo	11	h9C12-Q97A_HC	1000 ng h9C12 WT hIgG1 in 100 μL of 0.1M Ammonium bicarbonate.	FALSE	FALSE	FALSE	FALSE	FALSE	0	TRUE	TRUE	1000	FALSE	FALSE	FALSE	0	FALSE	FALSE	FALSE	0	FALSE	FALSE	FALSE	0	FALSE	FALSE	FALSE	0	1
39	EH5034	TTDYNAVFMSR	0.9710420044985684	Casanovo	11	h9C12-Q97A_HC	1000 ng h9C12 WT hIgG1 in 100 μL of 0.1M Ammonium bicarbonate.	FALSE	FALSE	FALSE	FALSE	FALSE	0	TRUE	TRUE	1000	FALSE	FALSE	FALSE	0	FALSE	FALSE	FALSE	0	FALSE	FALSE	FALSE	0	FALSE	FALSE	FALSE	0	1
39	EH5034	SQVFFTMN	0.9252894893288612	Casanovo	8	h9C12-Q97A_HC	1000 ng h9C12 WT hIgG1 in 100 μL of 0.1M Ammonium bicarbonate.	FALSE	FALSE	FALSE	FALSE	FALSE	0	TRUE	TRUE	1000	FALSE	FALSE	FALSE	0	FALSE	FALSE	FALSE	0	FALSE	FALSE	FALSE	0	FALSE	FALSE	FALSE	0	1
39	EH5034	GTTDYNAVFMSR	0.9834691286087036	Casanovo	12	h9C12-Q97A_HC	1000 ng h9C12 WT hIgG1 in 100 μL of 0.1M Ammonium bicarbonate.	FALSE	FALSE	FALSE	FALSE	FALSE	0	TRUE	TRUE	1000	FALSE	FALSE	FALSE	0	FALSE	FALSE	FALSE	0	FALSE	FALSE	FALSE	0	FALSE	FALSE	FALSE	0	1
39	EH5034	AYWGQGTLVTVSAASTK	0.9692242916892556	Casanovo	13	h9C12-Q97A_HC	1000 ng h9C12 WT hIgG1 in 100 μL of 0.1M Ammonium bicarbonate.	FALSE	FALSE	FALSE	FALSE	FALSE	0	TRUE	TRUE	1000	FALSE	FALSE	FALSE	0	FALSE	FALSE	FALSE	0	FALSE	FALSE	FALSE	0	FALSE	FALSE	FALSE	0	1
39	EH5034	SQVFFTMN	0.8472938388586044	Casanovo	8	h9C12-Q97A_HC	1000 ng h9C12 WT hIgG1 in 100 μL of 0.1M Ammonium bicarbonate.	FALSE	FALSE	FALSE	FALSE	FALSE	0	TRUE	TRUE	1000	FALSE	FALSE	FALSE	0	FALSE	FALSE	FALSE	0	FALSE	FALSE	FALSE	0	FALSE	FALSE	FALSE	0	1
39	EH5034	FPLAYWGQGTLVTVSAASTK	0.922058057785034	Casanovo	16	h9C12-Q97A_HC	1000 ng h9C12 WT hIgG1 in 100 μL of 0.1M Ammonium bicarbonate.	FALSE	FALSE	FALSE	FALSE	FALSE	0	TRUE	TRUE	1000	FALSE	FALSE	FALSE	0	FALSE	FALSE	FALSE	0	FALSE	FALSE	FALSE	0	FALSE	FALSE	FALSE	0	1
39	EH5034	YTGVPDR	0.9768968388585563	Instanovo	7	h9C12_LC	1000 ng h9C12 WT hIgG1 in 100 μL of 0.1M Ammonium bicarbonate.	FALSE	FALSE	FALSE	FALSE	FALSE	0	TRUE	TRUE	1000	FALSE	FALSE	FALSE	0	FALSE	FALSE	FALSE	0	FALSE	FALSE	FALSE	0	FALSE	FALSE	FALSE	0	1
39	EH5034	YTGVPDR	0.9756933614470911	Instanovo	7	h9C12_LC	1000 ng h9C12 WT hIgG1 in 100 μL of 0.1M Ammonium bicarbonate.	FALSE	FALSE	FALSE	FALSE	FALSE	0	TRUE	TRUE	1000	FALSE	FALSE	FALSE	0	FALSE	FALSE	FALSE	0	FALSE	FALSE	FALSE	0	FALSE	FALSE	FALSE	0	1
39	EH5034	YTGVPDR	0.6040936427879718	Instanovo	7	h9C12_LC	1000 ng h9C12 WT hIgG1 in 100 μL of 0.1M Ammonium bicarbonate.	FALSE	FALSE	FALSE	FALSE	FALSE	0	TRUE	TRUE	1000	FALSE	FALSE	FALSE	0	FALSE	FALSE	FALSE	0	FALSE	FALSE	FALSE	0	FALSE	FALSE	FALSE	0	1
39	EH5034	DAAWYQK	0.9947316267555419	Instanovo	7	h9C12_LC	1000 ng h9C12 WT hIgG1 in 100 μL of 0.1M Ammonium bicarbonate.	FALSE	FALSE	FALSE	FALSE	FALSE	0	TRUE	TRUE	1000	FALSE	FALSE	FALSE	0	FALSE	FALSE	FALSE	0	FALSE	FALSE	FALSE	0	FALSE	FALSE	FALSE	0	1
39	EH5034	YTGVPDR	0.8341023340230859	Instanovo	7	h9C12_LC	1000 ng h9C12 WT hIgG1 in 100 μL of 0.1M Ammonium bicarbonate.	FALSE	FALSE	FALSE	FALSE	FALSE	0	TRUE	TRUE	1000	FALSE	FALSE	FALSE	0	FALSE	FALSE	FALSE	0	FALSE	FALSE	FALSE	0	FALSE	FALSE	FALSE	0	1
39	EH5034	YTGVPDR	0.8244630021298249	Instanovo	7	h9C12_LC	1000 ng h9C12 WT hIgG1 in 100 μL of 0.1M Ammonium bicarbonate.	FALSE	FALSE	FALSE	FALSE	FALSE	0	TRUE	TRUE	1000	FALSE	FALSE	FALSE	0	FALSE	FALSE	FALSE	0	FALSE	FALSE	FALSE	0	FALSE	FALSE	FALSE	0	1
39	EH5034	ASQSVTNDAAWYQK	0.09645563077339217	Instanovo	14	h9C12_LC	1000 ng h9C12 WT hIgG1 in 100 μL of 0.1M Ammonium bicarbonate.	FALSE	FALSE	FALSE	FALSE	FALSE	0	TRUE	TRUE	1000	FALSE	FALSE	FALSE	0	FALSE	FALSE	FALSE	0	FALSE	FALSE	FALSE	0	FALSE	FALSE	FALSE	0	1
39	EH5034	ASQSVTNDAAWYQK	0.11759896615987893	Instanovo	14	h9C12_LC	1000 ng h9C12 WT hIgG1 in 100 μL of 0.1M Ammonium bicarbonate.	FALSE	FALSE	FALSE	FALSE	FALSE	0	TRUE	TRUE	1000	FALSE	FALSE	FALSE	0	FALSE	FALSE	FALSE	0	FALSE	FALSE	FALSE	0	FALSE	FALSE	FALSE	0	1
39	EH5034	QGSNFPLAYWGQGTLVTVSAASTK	0.9118255561590196	Casanovo	20	h9C12-WT_HC	1000 ng h9C12 WT hIgG1 in 100 μL of 0.1M Ammonium bicarbonate.	FALSE	FALSE	FALSE	FALSE	FALSE	0	TRUE	TRUE	1000	FALSE	FALSE	FALSE	0	FALSE	FALSE	FALSE	0	FALSE	FALSE	FALSE	0	FALSE	FALSE	FALSE	0	1
39	EH5034	YTGVPDR	0.9787509100777764	Casanovo	7	h9C12_LC	1000 ng h9C12 WT hIgG1 in 100 μL of 0.1M Ammonium bicarbonate.	FALSE	FALSE	FALSE	FALSE	FALSE	0	TRUE	TRUE	1000	FALSE	FALSE	FALSE	0	FALSE	FALSE	FALSE	0	FALSE	FALSE	FALSE	0	FALSE	FALSE	FALSE	0	1
39	EH5034	YTGVPDR	0.9989066294261388	Casanovo	7	h9C12_LC	1000 ng h9C12 WT hIgG1 in 100 μL of 0.1M Ammonium bicarbonate.	FALSE	FALSE	FALSE	FALSE	FALSE	0	TRUE	TRUE	1000	FALSE	FALSE	FALSE	0	FALSE	FALSE	FALSE	0	FALSE	FALSE	FALSE	0	FALSE	FALSE	FALSE	0	1
39	EH5034	YTGVPDR	0.9575618164879935	Casanovo	7	h9C12_LC	1000 ng h9C12 WT hIgG1 in 100 μL of 0.1M Ammonium bicarbonate.	FALSE	FALSE	FALSE	FALSE	FALSE	0	TRUE	TRUE	1000	FALSE	FALSE	FALSE	0	FALSE	FALSE	FALSE	0	FALSE	FALSE	FALSE	0	FALSE	FALSE	FALSE	0	1
39	EH5034	DAAWYQK	0.991135469504765	Casanovo	7	h9C12_LC	1000 ng h9C12 WT hIgG1 in 100 μL of 0.1M Ammonium bicarbonate.	FALSE	FALSE	FALSE	FALSE	FALSE	0	TRUE	TRUE	1000	FALSE	FALSE	FALSE	0	FALSE	FALSE	FALSE	0	FALSE	FALSE	FALSE	0	FALSE	FALSE	FALSE	0	1
39	EH5034	YTGVPDR	0.9820272752216884	Casanovo	7	h9C12_LC	1000 ng h9C12 WT hIgG1 in 100 μL of 0.1M Ammonium bicarbonate.	FALSE	FALSE	FALSE	FALSE	FALSE	0	TRUE	TRUE	1000	FALSE	FALSE	FALSE	0	FALSE	FALSE	FALSE	0	FALSE	FALSE	FALSE	0	FALSE	FALSE	FALSE	0	1
39	EH5034	YTGVPDR	0.9823427711214338	Casanovo	7	h9C12_LC	1000 ng h9C12 WT hIgG1 in 100 μL of 0.1M Ammonium bicarbonate.	FALSE	FALSE	FALSE	FALSE	FALSE	0	TRUE	TRUE	1000	FALSE	FALSE	FALSE	0	FALSE	FALSE	FALSE	0	FALSE	FALSE	FALSE	0	FALSE	FALSE	FALSE	0	1
39	EH5034	ASQSVTNDAAWYQK	0.9395766471113476	Casanovo	14	h9C12_LC	1000 ng h9C12 WT hIgG1 in 100 μL of 0.1M Ammonium bicarbonate.	FALSE	FALSE	FALSE	FALSE	FALSE	0	TRUE	TRUE	1000	FALSE	FALSE	FALSE	0	FALSE	FALSE	FALSE	0	FALSE	FALSE	FALSE	0	FALSE	FALSE	FALSE	0	1
39	EH5034	ASQSVTNDAAWYQK	0.9332248653684344	Casanovo	14	h9C12_LC	1000 ng h9C12 WT hIgG1 in 100 μL of 0.1M Ammonium bicarbonate.	FALSE	FALSE	FALSE	FALSE	FALSE	0	TRUE	TRUE	1000	FALSE	FALSE	FALSE	0	FALSE	FALSE	FALSE	0	FALSE	FALSE	FALSE	0	FALSE	FALSE	FALSE	0	1
39	EH5034	ASQSVTNDAAWYQK	0.9813302499907356	Casanovo	14	h9C12_LC	1000 ng h9C12 WT hIgG1 in 100 μL of 0.1M Ammonium bicarbonate.	FALSE	FALSE	FALSE	FALSE	FALSE	0	TRUE	TRUE	1000	FALSE	FALSE	FALSE	0	FALSE	FALSE	FALSE	0	FALSE	FALSE	FALSE	0	FALSE	FALSE	FALSE	0	1
3	EH4863	MVTVSSASTK	0.9870488593272667	Instanovo	6	Brimab_HC	1000 ng blood-isolated hIgG1 + 1 ng Briakinumab hIgG1 in 100 μL of 0.1M Ammonium bicarbonate.	TRUE	FALSE	FALSE	FALSE	FALSE	0	FALSE	FALSE	0	TRUE	TRUE	TRUE	1	FALSE	FALSE	FALSE	0	FALSE	FALSE	FALSE	0	FALSE	FALSE	FALSE	0	1
3	EH4863	GTMVTVSSASTK	0.869095946899461	Instanovo	8	Brimab_HC	1000 ng blood-isolated hIgG1 + 1 ng Briakinumab hIgG1 in 100 μL of 0.1M Ammonium bicarbonate.	TRUE	FALSE	FALSE	FALSE	FALSE	0	FALSE	FALSE	0	TRUE	TRUE	TRUE	1	FALSE	FALSE	FALSE	0	FALSE	FALSE	FALSE	0	FALSE	FALSE	FALSE	0	1
3	EH4863	QVQLVESGGGVVQPGR	0.9942165543051328	Casanovo	16	Brimab_HC	1000 ng blood-isolated hIgG1 + 1 ng Briakinumab hIgG1 in 100 μL of 0.1M Ammonium bicarbonate.	TRUE	FALSE	FALSE	FALSE	FALSE	0	FALSE	FALSE	0	TRUE	TRUE	TRUE	1	FALSE	FALSE	FALSE	0	FALSE	FALSE	FALSE	0	FALSE	FALSE	FALSE	0	1
3	EH4863	NTLYLQMNSLR	0.9512902389873158	Casanovo	11	Brimab_HC	1000 ng blood-isolated hIgG1 + 1 ng Briakinumab hIgG1 in 100 μL of 0.1M Ammonium bicarbonate.	TRUE	FALSE	FALSE	FALSE	FALSE	0	FALSE	FALSE	0	TRUE	TRUE	TRUE	1	FALSE	FALSE	FALSE	0	FALSE	FALSE	FALSE	0	FALSE	FALSE	FALSE	0	1
3	EH4863	MVTVSSASTK	0.9958636045455932	Casanovo	6	Brimab_HC	1000 ng blood-isolated hIgG1 + 1 ng Briakinumab hIgG1 in 100 μL of 0.1M Ammonium bicarbonate.	TRUE	FALSE	FALSE	FALSE	FALSE	0	FALSE	FALSE	0	TRUE	TRUE	TRUE	1	FALSE	FALSE	FALSE	0	FALSE	FALSE	FALSE	0	FALSE	FALSE	FALSE	0	1
3	EH4863	LYLQMNSLR	0.9534152878655328	Casanovo	9	Brimab_HC	1000 ng blood-isolated hIgG1 + 1 ng Briakinumab hIgG1 in 100 μL of 0.1M Ammonium bicarbonate.	TRUE	FALSE	FALSE	FALSE	FALSE	0	FALSE	FALSE	0	TRUE	TRUE	TRUE	1	FALSE	FALSE	FALSE	0	FALSE	FALSE	FALSE	0	FALSE	FALSE	FALSE	0	1
3	EH4863	DNSKNTLYLQMNSLR	0.2907423767865927	Instanovo	15	Brimab_HC	1000 ng blood-isolated hIgG1 + 1 ng Briakinumab hIgG1 in 100 μL of 0.1M Ammonium bicarbonate.	TRUE	FALSE	FALSE	FALSE	FALSE	0	FALSE	FALSE	0	TRUE	TRUE	TRUE	1	FALSE	FALSE	FALSE	0	FALSE	FALSE	FALSE	0	FALSE	FALSE	FALSE	0	1
3	EH4863	NTLYLQMNSLR	0.8725034133954481	Casanovo	11	Brimab_HC	1000 ng blood-isolated hIgG1 + 1 ng Briakinumab hIgG1 in 100 μL of 0.1M Ammonium bicarbonate.	TRUE	FALSE	FALSE	FALSE	FALSE	0	FALSE	FALSE	0	TRUE	TRUE	TRUE	1	FALSE	FALSE	FALSE	0	FALSE	FALSE	FALSE	0	FALSE	FALSE	FALSE	0	1
3	EH4863	LVESGGGVVQPGR	0.7924302878683085	Instanovo	13	Brimab_HC	1000 ng blood-isolated hIgG1 + 1 ng Briakinumab hIgG1 in 100 μL of 0.1M Ammonium bicarbonate.	TRUE	FALSE	FALSE	FALSE	FALSE	0	FALSE	FALSE	0	TRUE	TRUE	TRUE	1	FALSE	FALSE	FALSE	0	FALSE	FALSE	FALSE	0	FALSE	FALSE	FALSE	0	1
3	EH4863	NTLYLQMNSLR	0.42378007295407955	Instanovo	11	Brimab_HC	1000 ng blood-isolated hIgG1 + 1 ng Briakinumab hIgG1 in 100 μL of 0.1M Ammonium bicarbonate.	TRUE	FALSE	FALSE	FALSE	FALSE	0	FALSE	FALSE	0	TRUE	TRUE	TRUE	1	FALSE	FALSE	FALSE	0	FALSE	FALSE	FALSE	0	FALSE	FALSE	FALSE	0	1
3	EH4863	RPSGVPDRFSGSK	0.04328739606838268	Instanovo	13	Brimab_LC	1000 ng blood-isolated hIgG1 + 1 ng Briakinumab hIgG1 in 100 μL of 0.1M Ammonium bicarbonate.	TRUE	FALSE	FALSE	FALSE	FALSE	0	FALSE	FALSE	0	TRUE	TRUE	TRUE	1	FALSE	FALSE	FALSE	0	FALSE	FALSE	FALSE	0	FALSE	FALSE	FALSE	0	1
3	EH4863	NTLYLQMN	0.4071115749587078	Instanovo	8	Brimab_HC	1000 ng blood-isolated hIgG1 + 1 ng Briakinumab hIgG1 in 100 μL of 0.1M Ammonium bicarbonate.	TRUE	FALSE	FALSE	FALSE	FALSE	0	FALSE	FALSE	0	TRUE	TRUE	TRUE	1	FALSE	FALSE	FALSE	0	FALSE	FALSE	FALSE	0	FALSE	FALSE	FALSE	0	1
3	EH4863	LYLQMNSLR	0.6583141707081769	Instanovo	9	Brimab_HC	1000 ng blood-isolated hIgG1 + 1 ng Briakinumab hIgG1 in 100 μL of 0.1M Ammonium bicarbonate.	TRUE	FALSE	FALSE	FALSE	FALSE	0	FALSE	FALSE	0	TRUE	TRUE	TRUE	1	FALSE	FALSE	FALSE	0	FALSE	FALSE	FALSE	0	FALSE	FALSE	FALSE	0	1
4	EH4867	LQSGVPSR	0.9900947734713554	Casanovo	8	Umab_LC	1000 ng blood-isolated hIgG1 + 1 ng Ustekinumab hIgG1 in 100 μL of 0.1M Ammonium bicarbonate.	TRUE	FALSE	FALSE	FALSE	FALSE	0	FALSE	FALSE	0	FALSE	FALSE	FALSE	0	FALSE	FALSE	FALSE	0	FALSE	FALSE	FALSE	0	TRUE	TRUE	TRUE	1	1
4	EH4867	YWLGWVR	0.7057709772239948	Instanovo	7	Umab_HC	1000 ng blood-isolated hIgG1 + 1 ng Ustekinumab hIgG1 in 100 μL of 0.1M Ammonium bicarbonate.	TRUE	FALSE	FALSE	FALSE	FALSE	0	FALSE	FALSE	0	FALSE	FALSE	FALSE	0	FALSE	FALSE	FALSE	0	FALSE	FALSE	FALSE	0	TRUE	TRUE	TRUE	1	1
4	EH4867	LVQSGAEVK	0.9929070472717284	Casanovo	9	Umab_HC	1000 ng blood-isolated hIgG1 + 1 ng Ustekinumab hIgG1 in 100 μL of 0.1M Ammonium bicarbonate.	TRUE	FALSE	FALSE	FALSE	FALSE	0	FALSE	FALSE	0	FALSE	FALSE	FALSE	0	FALSE	FALSE	FALSE	0	FALSE	FALSE	FALSE	0	TRUE	TRUE	TRUE	1	1
4	EH4867	YWLGWVR	0.9273468681744168	Casanovo	7	Umab_HC	1000 ng blood-isolated hIgG1 + 1 ng Ustekinumab hIgG1 in 100 μL of 0.1M Ammonium bicarbonate.	TRUE	FALSE	FALSE	FALSE	FALSE	0	FALSE	FALSE	0	FALSE	FALSE	FALSE	0	FALSE	FALSE	FALSE	0	FALSE	FALSE	FALSE	0	TRUE	TRUE	TRUE	1	1
4	EH4867	LQSGVPSR	0.9886736346709992	Instanovo	8	Umab_LC	1000 ng blood-isolated hIgG1 + 1 ng Ustekinumab hIgG1 in 100 μL of 0.1M Ammonium bicarbonate.	TRUE	FALSE	FALSE	FALSE	FALSE	0	FALSE	FALSE	0	FALSE	FALSE	FALSE	0	FALSE	FALSE	FALSE	0	FALSE	FALSE	FALSE	0	TRUE	TRUE	TRUE	1	1
4	EH4867	LVQSGAEVK	0.5766500103144342	Instanovo	9	Umab_HC	1000 ng blood-isolated hIgG1 + 1 ng Ustekinumab hIgG1 in 100 μL of 0.1M Ammonium bicarbonate.	TRUE	FALSE	FALSE	FALSE	FALSE	0	FALSE	FALSE	0	FALSE	FALSE	FALSE	0	FALSE	FALSE	FALSE	0	FALSE	FALSE	FALSE	0	TRUE	TRUE	TRUE	1	1
43	EH5049	ASDTAMYYCAR	0.9925714406100188	Casanovo	11	Umab_HC	1000 ng Ustekinumab hIgG1 in 100 μL of 0.1M Ammonium bicarbonate.	FALSE	FALSE	FALSE	FALSE	FALSE	0	FALSE	FALSE	0	FALSE	FALSE	FALSE	0	FALSE	FALSE	FALSE	0	FALSE	FALSE	FALSE	0	TRUE	TRUE	TRUE	1000	1
43	EH5049	GSGYSFTTYWLGWVR	0.91675058243964	Instanovo	15	Umab_HC	1000 ng Ustekinumab hIgG1 in 100 μL of 0.1M Ammonium bicarbonate.	FALSE	FALSE	FALSE	FALSE	FALSE	0	FALSE	FALSE	0	FALSE	FALSE	FALSE	0	FALSE	FALSE	FALSE	0	FALSE	FALSE	FALSE	0	TRUE	TRUE	TRUE	1000	1
43	EH5049	EVQLVQSGAEVK	0.7113396477584526	Instanovo	12	Umab_HC	1000 ng Ustekinumab hIgG1 in 100 μL of 0.1M Ammonium bicarbonate.	FALSE	FALSE	FALSE	FALSE	FALSE	0	FALSE	FALSE	0	FALSE	FALSE	FALSE	0	FALSE	FALSE	FALSE	0	FALSE	FALSE	FALSE	0	TRUE	TRUE	TRUE	1000	1
43	EH5049	ASDTAMYYCAR	0.83063070044412	Instanovo	11	Umab_HC	1000 ng Ustekinumab hIgG1 in 100 μL of 0.1M Ammonium bicarbonate.	FALSE	FALSE	FALSE	FALSE	FALSE	0	FALSE	FALSE	0	FALSE	FALSE	FALSE	0	FALSE	FALSE	FALSE	0	FALSE	FALSE	FALSE	0	TRUE	TRUE	TRUE	1000	1
43	EH5049	GSGYSFTTYWLGWVR	0.9886517643928528	Casanovo	15	Umab_HC	1000 ng Ustekinumab hIgG1 in 100 μL of 0.1M Ammonium bicarbonate.	FALSE	FALSE	FALSE	FALSE	FALSE	0	FALSE	FALSE	0	FALSE	FALSE	FALSE	0	FALSE	FALSE	FALSE	0	FALSE	FALSE	FALSE	0	TRUE	TRUE	TRUE	1000	1
5	EH4871	SGDTNYSPSLK	0.9864280223846436	Casanovo	11	PGT121_HC	1000 ng blood-isolated hIgG1 + 1 ng PGT121 hIgG1 in 100 μL of 0.1M Ammonium bicarbonate.	TRUE	FALSE	FALSE	FALSE	FALSE	0	FALSE	FALSE	0	FALSE	FALSE	FALSE	0	FALSE	FALSE	FALSE	0	TRUE	TRUE	TRUE	1	FALSE	FALSE	FALSE	0	1
5	EH4871	SGDTNYSPSLK	0.6971198430980218	Instanovo	11	PGT121_HC	1000 ng blood-isolated hIgG1 + 1 ng PGT121 hIgG1 in 100 μL of 0.1M Ammonium bicarbonate.	TRUE	FALSE	FALSE	FALSE	FALSE	0	FALSE	FALSE	0	FALSE	FALSE	FALSE	0	FALSE	FALSE	FALSE	0	TRUE	TRUE	TRUE	1	FALSE	FALSE	FALSE	0	1
5	EH4871	WVFGGGTTLTVLGQPK	0.9444880054789815	Instanovo	12	PGT121_LC	1000 ng blood-isolated hIgG1 + 1 ng PGT121 hIgG1 in 100 μL of 0.1M Ammonium bicarbonate.	TRUE	FALSE	FALSE	FALSE	FALSE	0	FALSE	FALSE	0	FALSE	FALSE	FALSE	0	FALSE	FALSE	FALSE	0	TRUE	TRUE	TRUE	1	FALSE	FALSE	FALSE	0	1
5	EH4871	WVFGGGTTLTVLGQPK	0.9494260158389808	Casanovo	12	PGT121_LC	1000 ng blood-isolated hIgG1 + 1 ng PGT121 hIgG1 in 100 μL of 0.1M Ammonium bicarbonate.	TRUE	FALSE	FALSE	FALSE	FALSE	0	FALSE	FALSE	0	FALSE	FALSE	FALSE	0	FALSE	FALSE	FALSE	0	TRUE	TRUE	TRUE	1	FALSE	FALSE	FALSE	0	1
47	EH5064	WGQGTAVTVSSASTK	0.9013006262481212	Casanovo	11	PGDM1400_HC	1000 ng PGDM1400 hIgG1 in 100 μL of 0.1M Ammonium bicarbonate.	FALSE	FALSE	FALSE	FALSE	FALSE	0	FALSE	FALSE	0	FALSE	FALSE	FALSE	0	TRUE	TRUE	TRUE	1000	FALSE	FALSE	FALSE	0	FALSE	FALSE	FALSE	0	1
47	EH5064	QLVQSGPEVR	0.9955205808986316	Casanovo	10	PGDM1400_HC	1000 ng PGDM1400 hIgG1 in 100 μL of 0.1M Ammonium bicarbonate.	FALSE	FALSE	FALSE	FALSE	FALSE	0	FALSE	FALSE	0	FALSE	FALSE	FALSE	0	TRUE	TRUE	TRUE	1000	FALSE	FALSE	FALSE	0	FALSE	FALSE	FALSE	0	1
47	EH5064	QAQLVQSGPEVR	0.9117515385150908	Casanovo	12	PGDM1400_HC	1000 ng PGDM1400 hIgG1 in 100 μL of 0.1M Ammonium bicarbonate.	FALSE	FALSE	FALSE	FALSE	FALSE	0	FALSE	FALSE	0	FALSE	FALSE	FALSE	0	TRUE	TRUE	TRUE	1000	FALSE	FALSE	FALSE	0	FALSE	FALSE	FALSE	0	1
47	EH5064	AWYVQKPGR	0.08765932158124526	Instanovo	9	PGDM1400_LC	1000 ng PGDM1400 hIgG1 in 100 μL of 0.1M Ammonium bicarbonate.	FALSE	FALSE	FALSE	FALSE	FALSE	0	FALSE	FALSE	0	FALSE	FALSE	FALSE	0	TRUE	TRUE	TRUE	1000	FALSE	FALSE	FALSE	0	FALSE	FALSE	FALSE	0	1
47	EH5064	YLAWYVQKPGR	0.7474140253546555	Instanovo	11	PGDM1400_LC	1000 ng PGDM1400 hIgG1 in 100 μL of 0.1M Ammonium bicarbonate.	FALSE	FALSE	FALSE	FALSE	FALSE	0	FALSE	FALSE	0	FALSE	FALSE	FALSE	0	TRUE	TRUE	TRUE	1000	FALSE	FALSE	FALSE	0	FALSE	FALSE	FALSE	0	1
47	EH5064	ESPWTFGQGTK	0.956708222894089	Instanovo	11	PGDM1400_LC	1000 ng PGDM1400 hIgG1 in 100 μL of 0.1M Ammonium bicarbonate.	FALSE	FALSE	FALSE	FALSE	FALSE	0	FALSE	FALSE	0	FALSE	FALSE	FALSE	0	TRUE	TRUE	TRUE	1000	FALSE	FALSE	FALSE	0	FALSE	FALSE	FALSE	0	1
47	EH5064	NNYLAWYVQKPGR	0.7183656325404635	Instanovo	13	PGDM1400_LC	1000 ng PGDM1400 hIgG1 in 100 μL of 0.1M Ammonium bicarbonate.	FALSE	FALSE	FALSE	FALSE	FALSE	0	FALSE	FALSE	0	FALSE	FALSE	FALSE	0	TRUE	TRUE	TRUE	1000	FALSE	FALSE	FALSE	0	FALSE	FALSE	FALSE	0	1
47	EH5064	NNYLAWYVQK	0.9974019408226014	Casanovo	10	PGDM1400_LC	1000 ng PGDM1400 hIgG1 in 100 μL of 0.1M Ammonium bicarbonate.	FALSE	FALSE	FALSE	FALSE	FALSE	0	FALSE	FALSE	0	FALSE	FALSE	FALSE	0	TRUE	TRUE	TRUE	1000	FALSE	FALSE	FALSE	0	FALSE	FALSE	FALSE	0	1
47	EH5064	NNYLAWYVQKPGR	0.8915596941300288	Instanovo	13	PGDM1400_LC	1000 ng PGDM1400 hIgG1 in 100 μL of 0.1M Ammonium bicarbonate.	FALSE	FALSE	FALSE	FALSE	FALSE	0	FALSE	FALSE	0	FALSE	FALSE	FALSE	0	TRUE	TRUE	TRUE	1000	FALSE	FALSE	FALSE	0	FALSE	FALSE	FALSE	0	1
47	EH5064	NNYLAWYVQK	0.9462980490485392	Instanovo	10	PGDM1400_LC	1000 ng PGDM1400 hIgG1 in 100 μL of 0.1M Ammonium bicarbonate.	FALSE	FALSE	FALSE	FALSE	FALSE	0	FALSE	FALSE	0	FALSE	FALSE	FALSE	0	TRUE	TRUE	TRUE	1000	FALSE	FALSE	FALSE	0	FALSE	FALSE	FALSE	0	1
47	EH5064	ESPWTFGQGTK	0.9504741701212795	Casanovo	11	PGDM1400_LC	1000 ng PGDM1400 hIgG1 in 100 μL of 0.1M Ammonium bicarbonate.	FALSE	FALSE	FALSE	FALSE	FALSE	0	FALSE	FALSE	0	FALSE	FALSE	FALSE	0	TRUE	TRUE	TRUE	1000	FALSE	FALSE	FALSE	0	FALSE	FALSE	FALSE	0	1
47	EH5064	NNYLAWYVQK	0.957022386789322	Casanovo	10	PGDM1400_LC	1000 ng PGDM1400 hIgG1 in 100 μL of 0.1M Ammonium bicarbonate.	FALSE	FALSE	FALSE	FALSE	FALSE	0	FALSE	FALSE	0	FALSE	FALSE	FALSE	0	TRUE	TRUE	TRUE	1000	FALSE	FALSE	FALSE	0	FALSE	FALSE	FALSE	0	1
70	EH5184	QLVQSGPEVR	0.8735988424582914	Casanovo	10	PGDM1400_HC	50 μg blood-isolated hIgG1 + 1000 ng PGDM1400 hIgG1 + 1000 ng PGT121 hIgG1 + 1000 ng Ustekinumab hIgG1 + 1000 ng Briakinumab hIgG1 + 1000 ng h9C12 WT hIgG1 + 1000 ng h9C12 Q97A hIgG1 in 100 μL of 0.1M Ammonium bicarbonate.	TRUE	FALSE	TRUE	TRUE	TRUE	1000	TRUE	TRUE	1000	TRUE	TRUE	TRUE	1000	TRUE	TRUE	TRUE	1000	TRUE	TRUE	TRUE	1000	TRUE	TRUE	TRUE	1000	6
70	EH5184	SGDTNYSPSLK	0.4788039367593813	Instanovo	11	PGT121_HC	50 μg blood-isolated hIgG1 + 1000 ng PGDM1400 hIgG1 + 1000 ng PGT121 hIgG1 + 1000 ng Ustekinumab hIgG1 + 1000 ng Briakinumab hIgG1 + 1000 ng h9C12 WT hIgG1 + 1000 ng h9C12 Q97A hIgG1 in 100 μL of 0.1M Ammonium bicarbonate.	TRUE	FALSE	TRUE	TRUE	TRUE	1000	TRUE	TRUE	1000	TRUE	TRUE	TRUE	1000	TRUE	TRUE	TRUE	1000	TRUE	TRUE	TRUE	1000	TRUE	TRUE	TRUE	1000	6
70	EH5184	SGDTNYSPSLK	0.7331414155276701	Instanovo	11	PGT121_HC	50 μg blood-isolated hIgG1 + 1000 ng PGDM1400 hIgG1 + 1000 ng PGT121 hIgG1 + 1000 ng Ustekinumab hIgG1 + 1000 ng Briakinumab hIgG1 + 1000 ng h9C12 WT hIgG1 + 1000 ng h9C12 Q97A hIgG1 in 100 μL of 0.1M Ammonium bicarbonate.	TRUE	FALSE	TRUE	TRUE	TRUE	1000	TRUE	TRUE	1000	TRUE	TRUE	TRUE	1000	TRUE	TRUE	TRUE	1000	TRUE	TRUE	TRUE	1000	TRUE	TRUE	TRUE	1000	6
70	EH5184	AVQWYQHR	0.9954860061407088	Casanovo	8	PGT121_LC	50 μg blood-isolated hIgG1 + 1000 ng PGDM1400 hIgG1 + 1000 ng PGT121 hIgG1 + 1000 ng Ustekinumab hIgG1 + 1000 ng Briakinumab hIgG1 + 1000 ng h9C12 WT hIgG1 + 1000 ng h9C12 Q97A hIgG1 in 100 μL of 0.1M Ammonium bicarbonate.	TRUE	FALSE	TRUE	TRUE	TRUE	1000	TRUE	TRUE	1000	TRUE	TRUE	TRUE	1000	TRUE	TRUE	TRUE	1000	TRUE	TRUE	TRUE	1000	TRUE	TRUE	TRUE	1000	6
70	EH5184	SGDTNYSPSLK	0.992739417336204	Casanovo	11	PGT121_HC	50 μg blood-isolated hIgG1 + 1000 ng PGDM1400 hIgG1 + 1000 ng PGT121 hIgG1 + 1000 ng Ustekinumab hIgG1 + 1000 ng Briakinumab hIgG1 + 1000 ng h9C12 WT hIgG1 + 1000 ng h9C12 Q97A hIgG1 in 100 μL of 0.1M Ammonium bicarbonate.	TRUE	FALSE	TRUE	TRUE	TRUE	1000	TRUE	TRUE	1000	TRUE	TRUE	TRUE	1000	TRUE	TRUE	TRUE	1000	TRUE	TRUE	TRUE	1000	TRUE	TRUE	TRUE	1000	6
70	EH5184	AVQWYQHR	0.9182929566740167	Instanovo	8	PGT121_LC	50 μg blood-isolated hIgG1 + 1000 ng PGDM1400 hIgG1 + 1000 ng PGT121 hIgG1 + 1000 ng Ustekinumab hIgG1 + 1000 ng Briakinumab hIgG1 + 1000 ng h9C12 WT hIgG1 + 1000 ng h9C12 Q97A hIgG1 in 100 μL of 0.1M Ammonium bicarbonate.	TRUE	FALSE	TRUE	TRUE	TRUE	1000	TRUE	TRUE	1000	TRUE	TRUE	TRUE	1000	TRUE	TRUE	TRUE	1000	TRUE	TRUE	TRUE	1000	TRUE	TRUE	TRUE	1000	6
70	EH5184	SGDTNYSPSLK	0.9936617450280624	Casanovo	11	PGT121_HC	50 μg blood-isolated hIgG1 + 1000 ng PGDM1400 hIgG1 + 1000 ng PGT121 hIgG1 + 1000 ng Ustekinumab hIgG1 + 1000 ng Briakinumab hIgG1 + 1000 ng h9C12 WT hIgG1 + 1000 ng h9C12 Q97A hIgG1 in 100 μL of 0.1M Ammonium bicarbonate.	TRUE	FALSE	TRUE	TRUE	TRUE	1000	TRUE	TRUE	1000	TRUE	TRUE	TRUE	1000	TRUE	TRUE	TRUE	1000	TRUE	TRUE	TRUE	1000	TRUE	TRUE	TRUE	1000	6
