Rawfilenumber	Sample	Protease	run	replicate
EH3414	1	Tryp	run1	1
EH3415	1	Tryp	run1	2
EH3416	1	Tryp	run1	3
EH3418	2	Tryp	run1	1
EH3419	2	Tryp	run1	2
EH3420	2	Tryp	run1	3
EH3422	3	Tryp	run1	1
EH3423	3	Tryp	run1	2
EH3424	3	Tryp	run1	3
EH3426	4	Tryp	run1	1
EH3427	4	Tryp	run1	2
EH3428	4	Tryp	run1	3
EH3430	5	Tryp	run1	1
EH3431	5	Tryp	run1	2
EH3432	5	Tryp	run1	3
EH3436	6	Tryp	run1	1
EH3437	6	Tryp	run1	2
EH3438	6	Tryp	run1	3
EH3440	7	Tryp	run1	1
EH3441	7	Tryp	run1	2
EH3442	7	Tryp	run1	3
EH3444	8	Tryp	run1	1
EH3445	8	Tryp	run1	2
EH3446	8	Tryp	run1	3
EH3448	9	Tryp	run1	1
EH3449	9	Tryp	run1	2
EH3450	9	Tryp	run1	3
EH3452	10	Tryp	run1	1
EH3453	10	Tryp	run1	2
EH3454	10	Tryp	run1	3
EH3458	11	Tryp	run1	1
EH3459	11	Tryp	run1	2
EH3460	11	Tryp	run1	3
EH3462	12	Tryp	run1	1
EH3463	12	Tryp	run1	2
EH3464	12	Tryp	run1	3
EH3466	13	Tryp	run1	1
EH3467	13	Tryp	run1	2
EH3468	13	Tryp	run1	3
EH3470	14	Tryp	run1	1
EH3471	14	Tryp	run1	2
EH3472	14	Tryp	run1	3
EH3474	15	Tryp	run1	1
EH3475	15	Tryp	run1	2
EH3476	15	Tryp	run1	3
EH3478	16	Tryp	run1	1
EH3479	16	Tryp	run1	2
EH3480	16	Tryp	run1	3
EH3484	17	Tryp	run1	1
EH3485	17	Tryp	run1	2
EH3486	17	Tryp	run1	3
EH3488	18	Tryp	run1	1
EH3489	18	Tryp	run1	2
EH3490	18	Tryp	run1	3
EH3492	19	Tryp	run1	1
EH3493	19	Tryp	run1	2
EH3494	19	Tryp	run1	3
EH3496	20	Tryp	run1	1
EH3497	20	Tryp	run1	2
EH3498	20	Tryp	run1	3
EH3500	21	Tryp	run1	1
EH3501	21	Tryp	run1	2
EH3502	21	Tryp	run1	3
EH3506	22	Tryp	run1	1
EH3507	22	Tryp	run1	2
EH3508	22	Tryp	run1	3
EH3510	23	Tryp	run1	1
EH3511	23	Tryp	run1	2
EH3512	23	Tryp	run1	3
EH3514	24	Tryp	run1	1
EH3515	24	Tryp	run1	2
EH3517	25	Tryp	run1	1
EH3518	25	Tryp	run1	2
EH3519	25	Tryp	run1	3
EH3523	26	Tryp	run1	1
EH3524	26	Tryp	run1	2
EH3525	26	Tryp	run1	3
EH3529	27	Tryp	run1	1
EH3530	27	Tryp	run1	2
EH3531	27	Tryp	run1	3
EH3535	28	Tryp	run1	1
EH3536	28	Tryp	run1	2
EH3537	28	Tryp	run1	3
EH3541	29	Tryp	run1	1
EH3542	29	Tryp	run1	2
EH3543	29	Tryp	run1	3
EH3547	30	Tryp	run1	1
EH3548	30	Tryp	run1	2
EH3549	30	Tryp	run1	3
EH3553	31	Tryp	run1	1
EH3554	31	Tryp	run1	2
EH3555	31	Tryp	run1	3
EH3559	32	Tryp	run1	1
EH3560	32	Tryp	run1	2
EH3561	32	Tryp	run1	3
EH3565	33	Tryp	run1	1
EH3566	33	Tryp	run1	2
EH3567	33	Tryp	run1	3
EH3571	34	Tryp	run1	1
EH3572	34	Tryp	run1	2
EH3573	34	Tryp	run1	3
EH3577	35	Tryp	run1	1
EH3578	35	Tryp	run1	2
EH3579	35	Tryp	run1	3
EH3583	36	Tryp	run1	1
EH3584	36	Tryp	run1	2
EH3585	36	Tryp	run1	3
EH3586	37	Tryp	run1	1
EH3587	37	Tryp	run1	2
EH3588	37	Tryp	run1	3
EH3589	38	Tryp	run1	1
EH3590	38	Tryp	run1	2
EH3591	38	Tryp	run1	3
EH3592	39	Tryp	run1	1
EH3593	39	Tryp	run1	2
EH3594	39	Tryp	run1	3
EH3598	40	Tryp	run1	1
EH3599	40	Tryp	run1	2
EH3600	40	Tryp	run1	3
EH3601	41	Tryp	run1	1
EH3602	41	Tryp	run1	2
EH3603	41	Tryp	run1	3
EH3604	42	Tryp	run1	1
EH3605	42	Tryp	run1	2
EH3606	42	Tryp	run1	3
EH3607	43	Tryp	run1	1
EH3608	43	Tryp	run1	2
EH3609	43	Tryp	run1	3
EH3613	44	Tryp	run1	1
EH3614	44	Tryp	run1	2
EH3615	44	Tryp	run1	3
EH3616	45	Tryp	run1	1
EH3617	45	Tryp	run1	2
EH3618	45	Tryp	run1	3
EH3619	46	Tryp	run1	1
EH3620	46	Tryp	run1	2
EH3621	46	Tryp	run1	3
EH3622	47	Tryp	run1	1
EH3623	47	Tryp	run1	2
EH3624	47	Tryp	run1	3
EH3628	48	Tryp	run1	1
EH3632	49	Tryp	run1	1
EH3633	49	Tryp	run1	2
EH3634	49	Tryp	run1	3
EH3638	50	Tryp	run1	1
EH3639	50	Tryp	run1	2
EH3640	50	Tryp	run1	3
EH3644	51	Tryp	run1	1
EH3645	51	Tryp	run1	2
EH3646	51	Tryp	run1	3
EH3650	52	Tryp	run1	1
EH3651	52	Tryp	run1	2
EH3652	52	Tryp	run1	3
EH3656	53	Tryp	run1	1
EH3657	53	Tryp	run1	2
EH3658	53	Tryp	run1	3
EH3662	54	Tryp	run1	1
EH3663	54	Tryp	run1	2
EH3664	54	Tryp	run1	3
EH3668	55	Tryp	run1	1
EH3669	55	Tryp	run1	2
EH3670	55	Tryp	run1	3
EH3671	56	Tryp	run1	1
EH3672	56	Tryp	run1	2
EH3673	56	Tryp	run1	3
EH3674	57	Tryp	run1	1
EH3675	57	Tryp	run1	2
EH3676	57	Tryp	run1	3
EH3677	58	Tryp	run1	1
EH3678	58	Tryp	run1	2
EH3679	58	Tryp	run1	3
EH3683	59	Tryp	run1	1
EH3684	59	Tryp	run1	2
EH3685	59	Tryp	run1	3
EH3689	61	Tryp	run1	1
EH3690	61	Tryp	run1	2
EH3691	61	Tryp	run1	3
EH3695	62	Tryp	run1	1
EH3696	62	Tryp	run1	2
EH3697	62	Tryp	run1	3
EH3701	63	Tryp	run1	1
EH3702	63	Tryp	run1	2
EH3703	63	Tryp	run1	3
EH3707	64	Tryp	run1	1
EH3708	64	Tryp	run1	2
EH3709	64	Tryp	run1	3
EH3713	65	Tryp	run1	1
EH3714	65	Tryp	run1	2
EH3715	65	Tryp	run1	3
EH3719	66	Tryp	run1	1
EH3720	66	Tryp	run1	2
EH3721	66	Tryp	run1	3
EH3725	67	Tryp	run1	1
EH3726	67	Tryp	run1	2
EH3727	67	Tryp	run1	3
EH3728	68	Tryp	run1	1
EH3729	68	Tryp	run1	2
EH3730	68	Tryp	run1	3
EH3734	69	Tryp	run1	1
EH3735	69	Tryp	run1	2
EH3736	69	Tryp	run1	3
EH3740	70	Tryp	run1	1
EH3741	70	Tryp	run1	2
EH3742	70	Tryp	run1	3
EH3746	1	Ct	run1	1
EH3747	1	Ct	run1	2
EH3748	1	Ct	run1	3
EH3750	2	Ct	run1	1
EH3751	2	Ct	run1	2
EH3752	2	Ct	run1	3
EH3754	3	Ct	run1	1
EH3755	3	Ct	run1	2
EH3756	3	Ct	run1	3
EH3758	4	Ct	run1	1
EH3759	4	Ct	run1	2
EH3760	4	Ct	run1	3
EH3762	5	Ct	run1	1
EH3763	5	Ct	run1	2
EH3764	5	Ct	run1	3
EH3768	6	Ct	run1	1
EH3769	6	Ct	run1	2
EH3770	6	Ct	run1	3
EH3772	7	Ct	run1	1
EH3773	7	Ct	run1	2
EH3774	7	Ct	run1	3
EH3776	8	Ct	run1	1
EH3777	8	Ct	run1	2
EH3778	8	Ct	run1	3
EH3780	9	Ct	run1	1
EH3781	9	Ct	run1	2
EH3782	9	Ct	run1	3
EH3784	10	Ct	run1	1
EH3785	10	Ct	run1	2
EH3786	10	Ct	run1	3
EH3790	11	Ct	run1	1
EH3791	11	Ct	run1	2
EH3792	11	Ct	run1	3
EH3794	12	Ct	run1	1
EH3795	12	Ct	run1	2
EH3796	12	Ct	run1	3
EH3798	13	Ct	run1	1
EH3799	13	Ct	run1	2
EH3800	13	Ct	run1	3
EH3802	14	Ct	run1	1
EH3803	14	Ct	run1	2
EH3804	14	Ct	run1	3
EH3806	15	Ct	run1	1
EH3807	15	Ct	run1	2
EH3808	15	Ct	run1	3
EH3810	16	Ct	run1	1
EH3811	16	Ct	run1	2
EH3812	16	Ct	run1	3
EH3816	17	Ct	run1	1
EH3817	17	Ct	run1	2
EH3818	17	Ct	run1	3
EH3820	18	Ct	run1	1
EH3821	18	Ct	run1	2
EH3822	18	Ct	run1	3
EH3824	19	Ct	run1	1
EH3825	19	Ct	run1	2
EH3826	19	Ct	run1	3
EH3828	20	Ct	run1	1
EH3829	20	Ct	run1	2
EH3830	20	Ct	run1	3
EH3832	21	Ct	run1	1
EH3833	21	Ct	run1	2
EH3834	21	Ct	run1	3
EH3838	22	Ct	run1	1
EH3839	22	Ct	run1	2
EH3840	22	Ct	run1	3
EH3842	23	Ct	run1	1
EH3843	23	Ct	run1	2
EH3844	23	Ct	run1	3
EH3846	24	Ct	run1	1
EH3847	24	Ct	run1	2
EH3848	24	Ct	run1	3
EH3850	25	Ct	run1	1
EH3851	25	Ct	run1	2
EH3852	25	Ct	run1	3
EH3856	26	Ct	run1	1
EH3857	26	Ct	run1	2
EH3858	26	Ct	run1	3
EH3862	27	Ct	run1	1
EH3863	27	Ct	run1	2
EH3864	27	Ct	run1	3
EH3868	28	Ct	run1	1
EH3869	28	Ct	run1	2
EH3870	28	Ct	run1	3
EH3874	29	Ct	run1	1
EH3875	29	Ct	run1	2
EH3876	29	Ct	run1	3
EH3880	30	Ct	run1	1
EH3881	30	Ct	run1	2
EH3882	30	Ct	run1	3
EH3886	31	Ct	run1	1
EH3887	31	Ct	run1	2
EH3888	31	Ct	run1	3
EH3892	32	Ct	run1	1
EH3893	32	Ct	run1	2
EH3894	32	Ct	run1	3
EH3898	33	Ct	run1	1
EH3899	33	Ct	run1	2
EH3900	33	Ct	run1	3
EH3904	34	Ct	run1	1
EH3905	34	Ct	run1	2
EH3906	34	Ct	run1	3
EH3910	35	Ct	run1	1
EH3911	35	Ct	run1	2
EH3912	35	Ct	run1	3
EH3916	36	Ct	run1	1
EH3917	36	Ct	run1	2
EH3918	36	Ct	run1	3
EH3919	37	Ct	run1	1
EH3920	37	Ct	run1	2
EH3921	37	Ct	run1	3
EH3922	38	Ct	run1	1
EH3923	38	Ct	run1	2
EH3924	38	Ct	run1	3
EH3925	39	Ct	run1	1
EH3926	39	Ct	run1	2
EH3927	39	Ct	run1	3
EH3931	40	Ct	run1	1
EH3932	40	Ct	run1	2
EH3933	40	Ct	run1	3
EH3934	41	Ct	run1	1
EH3935	41	Ct	run1	2
EH3936	41	Ct	run1	3
EH3937	42	Ct	run1	1
EH3938	42	Ct	run1	2
EH3939	42	Ct	run1	3
EH3940	43	Ct	run1	1
EH3941	43	Ct	run1	2
EH3942	43	Ct	run1	3
EH3946	44	Ct	run1	1
EH3947	44	Ct	run1	2
EH3948	44	Ct	run1	3
EH3949	45	Ct	run1	1
EH3950	45	Ct	run1	2
EH3951	45	Ct	run1	3
EH3952	46	Ct	run1	1
EH3953	46	Ct	run1	2
EH3954	46	Ct	run1	3
EH3955	47	Ct	run1	1
EH3956	47	Ct	run1	2
EH3957	47	Ct	run1	3
EH3961	48	Ct	run1	1
EH3962	48	Ct	run1	2
EH3963	48	Ct	run1	3
EH3967	49	Ct	run1	1
EH3968	49	Ct	run1	2
EH3969	49	Ct	run1	3
EH3973	50	Ct	run1	1
EH3974	50	Ct	run1	2
EH3975	50	Ct	run1	3
EH3979	51	Ct	run1	1
EH3980	51	Ct	run1	2
EH3981	51	Ct	run1	3
EH3985	52	Ct	run1	1
EH3986	52	Ct	run1	2
EH3987	52	Ct	run1	3
EH3991	53	Ct	run1	1
EH3992	53	Ct	run1	2
EH3993	53	Ct	run1	3
EH3997	54	Ct	run1	1
EH3998	54	Ct	run1	2
EH3999	54	Ct	run1	3
EH4003	55	Ct	run1	1
EH4004	55	Ct	run1	2
EH4005	55	Ct	run1	3
EH4006	56	Ct	run1	1
EH4007	56	Ct	run1	2
EH4008	56	Ct	run1	3
EH4009	57	Ct	run1	1
EH4010	57	Ct	run1	2
EH4011	57	Ct	run1	3
EH4012	58	Ct	run1	1
EH4013	58	Ct	run1	2
EH4014	58	Ct	run1	3
EH4018	59	Ct	run1	1
EH4019	59	Ct	run1	2
EH4020	59	Ct	run1	3
EH4027	60	Ct	run1	1
EH4028	60	Ct	run1	2
EH4029	60	Ct	run1	3
EH4033	61	Ct	run1	1
EH4034	61	Ct	run1	2
EH4035	61	Ct	run1	3
EH4039	62	Ct	run1	1
EH4040	62	Ct	run1	2
EH4041	62	Ct	run1	3
EH4045	63	Ct	run1	1
EH4046	63	Ct	run1	2
EH4047	63	Ct	run1	3
EH4051	64	Ct	run1	1
EH4052	64	Ct	run1	2
EH4053	64	Ct	run1	3
EH4057	65	Ct	run1	1
EH4058	65	Ct	run1	2
EH4059	65	Ct	run1	3
EH4063	66	Ct	run1	1
EH4064	66	Ct	run1	2
EH4065	66	Ct	run1	3
EH4069	67	Ct	run1	1
EH4070	67	Ct	run1	2
EH4071	67	Ct	run1	3
EH4072	68	Ct	run1	1
EH4073	68	Ct	run1	2
EH4074	68	Ct	run1	3
EH4078	69	Ct	run1	1
EH4079	69	Ct	run1	2
EH4080	69	Ct	run1	3
EH4084	70	Ct	run1	1
EH4085	70	Ct	run1	2
EH4086	70	Ct	run1	3
EH4090	1	AspN	run1	1
EH4091	1	AspN	run1	2
EH4092	1	AspN	run1	3
EH4094	2	AspN	run1	1
EH4095	2	AspN	run1	2
EH4096	2	AspN	run1	3
EH4098	3	AspN	run1	1
EH4099	3	AspN	run1	2
EH4100	3	AspN	run1	3
EH4102	4	AspN	run1	1
EH4103	4	AspN	run1	2
EH4104	4	AspN	run1	3
EH4106	5	AspN	run1	1
EH4107	5	AspN	run1	2
EH4108	5	AspN	run1	3
EH4112	6	AspN	run1	1
EH4113	6	AspN	run1	2
EH4114	6	AspN	run1	3
EH4116	7	AspN	run1	1
EH4117	7	AspN	run1	2
EH4118	7	AspN	run1	3
EH4120	8	AspN	run1	1
EH4121	8	AspN	run1	2
EH4122	8	AspN	run1	3
EH4124	9	AspN	run1	1
EH4125	9	AspN	run1	2
EH4126	9	AspN	run1	3
EH4128	10	AspN	run1	1
EH4129	10	AspN	run1	2
EH4130	10	AspN	run1	3
EH4134	11	AspN	run1	1
EH4135	11	AspN	run1	2
EH4136	11	AspN	run1	3
EH4138	12	AspN	run1	1
EH4139	12	AspN	run1	2
EH4140	12	AspN	run1	3
EH4142	13	AspN	run1	1
EH4143	13	AspN	run1	2
EH4144	13	AspN	run1	3
EH4146	14	AspN	run1	1
EH4147	14	AspN	run1	2
EH4148	14	AspN	run1	3
EH4150	15	AspN	run1	1
EH4151	15	AspN	run1	2
EH4152	15	AspN	run1	3
EH4154	16	AspN	run1	1
EH4155	16	AspN	run1	2
EH4156	16	AspN	run1	3
EH4160	17	AspN	run1	1
EH4161	17	AspN	run1	2
EH4162	17	AspN	run1	3
EH4164	18	AspN	run1	1
EH4165	18	AspN	run1	2
EH4166	18	AspN	run1	3
EH4168	19	AspN	run1	1
EH4169	19	AspN	run1	2
EH4170	19	AspN	run1	3
EH4172	20	AspN	run1	1
EH4173	20	AspN	run1	2
EH4174	20	AspN	run1	3
EH4176	21	AspN	run1	1
EH4177	21	AspN	run1	2
EH4178	21	AspN	run1	3
EH4182	22	AspN	run1	1
EH4183	22	AspN	run1	2
EH4184	22	AspN	run1	3
EH4186	23	AspN	run1	1
EH4187	23	AspN	run1	2
EH4188	23	AspN	run1	3
EH4190	24	AspN	run1	1
EH4191	24	AspN	run1	2
EH4192	24	AspN	run1	3
EH4194	25	AspN	run1	1
EH4195	25	AspN	run1	2
EH4196	25	AspN	run1	3
EH4200	26	AspN	run1	1
EH4201	26	AspN	run1	2
EH4202	26	AspN	run1	3
EH4206	27	AspN	run1	1
EH4207	27	AspN	run1	2
EH4208	27	AspN	run1	3
EH4212	28	AspN	run1	1
EH4213	28	AspN	run1	2
EH4214	28	AspN	run1	3
EH4218	29	AspN	run1	1
EH4219	29	AspN	run1	2
EH4220	29	AspN	run1	3
EH4224	30	AspN	run1	1
EH4225	30	AspN	run1	2
EH4226	30	AspN	run1	3
EH4230	31	AspN	run1	1
EH4231	31	AspN	run1	2
EH4232	31	AspN	run1	3
EH4236	32	AspN	run1	1
EH4237	32	AspN	run1	2
EH4238	32	AspN	run1	3
EH4242	33	AspN	run1	1
EH4243	33	AspN	run1	2
EH4244	33	AspN	run1	3
EH4248	34	AspN	run1	1
EH4249	34	AspN	run1	2
EH4250	34	AspN	run1	3
EH4254	35	AspN	run1	1
EH4255	35	AspN	run1	2
EH4256	35	AspN	run1	3
EH4260	36	AspN	run1	1
EH4261	36	AspN	run1	2
EH4262	36	AspN	run1	3
EH4263	37	AspN	run1	1
EH4264	37	AspN	run1	2
EH4265	37	AspN	run1	3
EH4266	38	AspN	run1	1
EH4267	38	AspN	run1	2
EH4268	38	AspN	run1	3
EH4269	39	AspN	run1	1
EH4270	39	AspN	run1	2
EH4271	39	AspN	run1	3
EH4275	40	AspN	run1	1
EH4276	40	AspN	run1	2
EH4277	40	AspN	run1	3
EH4278	41	AspN	run1	1
EH4279	41	AspN	run1	2
EH4280	41	AspN	run1	3
EH4281	42	AspN	run1	1
EH4282	42	AspN	run1	2
EH4283	42	AspN	run1	3
EH4284	43	AspN	run1	1
EH4285	43	AspN	run1	2
EH4286	43	AspN	run1	3
EH4290	44	AspN	run1	1
EH4291	44	AspN	run1	2
EH4292	44	AspN	run1	3
EH4293	45	AspN	run1	1
EH4294	45	AspN	run1	2
EH4295	45	AspN	run1	3
EH4296	46	AspN	run1	1
EH4297	46	AspN	run1	2
EH4298	46	AspN	run1	3
EH4299	47	AspN	run1	1
EH4300	47	AspN	run1	2
EH4301	47	AspN	run1	3
EH4305	48	AspN	run1	1
EH4306	48	AspN	run1	2
EH4307	48	AspN	run1	3
EH4311	49	AspN	run1	1
EH4312	49	AspN	run1	2
EH4313	49	AspN	run1	3
EH4317	50	AspN	run1	1
EH4318	50	AspN	run1	2
EH4319	50	AspN	run1	3
EH4323	51	AspN	run1	1
EH4324	51	AspN	run1	2
EH4325	51	AspN	run1	3
EH4329	52	AspN	run1	1
EH4330	52	AspN	run1	2
EH4331	52	AspN	run1	3
EH4335	53	AspN	run1	1
EH4336	53	AspN	run1	2
EH4337	53	AspN	run1	3
EH4341	54	AspN	run1	1
EH4342	54	AspN	run1	2
EH4343	54	AspN	run1	3
EH4347	55	AspN	run1	1
EH4348	55	AspN	run1	2
EH4349	55	AspN	run1	3
EH4350	56	AspN	run1	1
EH4351	56	AspN	run1	2
EH4352	56	AspN	run1	3
EH4353	57	AspN	run1	1
EH4354	57	AspN	run1	2
EH4355	57	AspN	run1	3
EH4356	58	AspN	run1	1
EH4357	58	AspN	run1	2
EH4358	58	AspN	run1	3
EH4362	59	AspN	run1	1
EH4363	59	AspN	run1	2
EH4364	59	AspN	run1	3
EH4371	60	AspN	run1	1
EH4372	60	AspN	run1	2
EH4373	60	AspN	run1	3
EH4377	61	AspN	run1	1
EH4378	61	AspN	run1	2
EH4379	61	AspN	run1	3
EH4383	62	AspN	run1	1
EH4384	62	AspN	run1	2
EH4385	62	AspN	run1	3
EH4389	63	AspN	run1	1
EH4390	63	AspN	run1	2
EH4391	63	AspN	run1	3
EH4395	64	AspN	run1	1
EH4396	64	AspN	run1	2
EH4397	64	AspN	run1	3
EH4401	65	AspN	run1	1
EH4402	65	AspN	run1	2
EH4403	65	AspN	run1	3
EH4407	66	AspN	run1	1
EH4408	66	AspN	run1	2
EH4409	66	AspN	run1	3
EH4413	67	AspN	run1	1
EH4414	67	AspN	run1	2
EH4415	67	AspN	run1	3
EH4416	68	AspN	run1	1
EH4417	68	AspN	run1	2
EH4418	68	AspN	run1	3
EH4422	69	AspN	run1	1
EH4423	69	AspN	run1	2
EH4424	69	AspN	run1	3
EH4428	70	AspN	run1	1
EH4429	70	AspN	run1	2
EH4430	70	AspN	run1	3
EH4439	1	Ct+Tryp	run1	1
EH4440	1	Ct+Tryp	run1	2
EH4441	1	Ct+Tryp	run1	3
EH4443	2	Ct+Tryp	run1	1
EH4444	2	Ct+Tryp	run1	2
EH4445	2	Ct+Tryp	run1	3
EH4447	3	Ct+Tryp	run1	1
EH4448	3	Ct+Tryp	run1	2
EH4449	3	Ct+Tryp	run1	3
EH4451	4	Ct+Tryp	run1	1
EH4452	4	Ct+Tryp	run1	2
EH4453	4	Ct+Tryp	run1	3
EH4455	5	Ct+Tryp	run1	1
EH4456	5	Ct+Tryp	run1	2
EH4457	5	Ct+Tryp	run1	3
EH4461	6	Ct+Tryp	run1	1
EH4462	6	Ct+Tryp	run1	2
EH4463	6	Ct+Tryp	run1	3
EH4465	7	Ct+Tryp	run1	1
EH4466	7	Ct+Tryp	run1	2
EH4467	7	Ct+Tryp	run1	3
EH4469	8	Ct+Tryp	run1	1
EH4470	8	Ct+Tryp	run1	2
EH4471	8	Ct+Tryp	run1	3
EH4473	9	Ct+Tryp	run1	1
EH4474	9	Ct+Tryp	run1	2
EH4475	9	Ct+Tryp	run1	3
EH4477	10	Ct+Tryp	run1	1
EH4478	10	Ct+Tryp	run1	2
EH4479	10	Ct+Tryp	run1	3
EH4483	11	Ct+Tryp	run1	1
EH4484	11	Ct+Tryp	run1	2
EH4485	11	Ct+Tryp	run1	3
EH4487	12	Ct+Tryp	run1	1
EH4488	12	Ct+Tryp	run1	2
EH4489	12	Ct+Tryp	run1	3
EH4491	13	Ct+Tryp	run1	1
EH4492	13	Ct+Tryp	run1	2
EH4493	13	Ct+Tryp	run1	3
EH4495	14	Ct+Tryp	run1	1
EH4496	14	Ct+Tryp	run1	2
EH4497	14	Ct+Tryp	run1	3
EH4499	15	Ct+Tryp	run1	1
EH4500	15	Ct+Tryp	run1	2
EH4501	15	Ct+Tryp	run1	3
EH4503	16	Ct+Tryp	run1	1
EH4504	16	Ct+Tryp	run1	2
EH4505	16	Ct+Tryp	run1	3
EH4509	17	Ct+Tryp	run1	1
EH4510	17	Ct+Tryp	run1	2
EH4511	17	Ct+Tryp	run1	3
EH4513	18	Ct+Tryp	run1	1
EH4514	18	Ct+Tryp	run1	2
EH4515	18	Ct+Tryp	run1	3
EH4517	19	Ct+Tryp	run1	1
EH4518	19	Ct+Tryp	run1	2
EH4519	19	Ct+Tryp	run1	3
EH4521	20	Ct+Tryp	run1	1
EH4522	20	Ct+Tryp	run1	2
EH4523	20	Ct+Tryp	run1	3
EH4525	21	Ct+Tryp	run1	1
EH4526	21	Ct+Tryp	run1	2
EH4527	21	Ct+Tryp	run1	3
EH4531	22	Ct+Tryp	run1	1
EH4532	22	Ct+Tryp	run1	2
EH4533	22	Ct+Tryp	run1	3
EH4535	23	Ct+Tryp	run1	1
EH4536	23	Ct+Tryp	run1	2
EH4537	23	Ct+Tryp	run1	3
EH4539	24	Ct+Tryp	run1	1
EH4540	24	Ct+Tryp	run1	2
EH4541	24	Ct+Tryp	run1	3
EH4543	25	Ct+Tryp	run1	1
EH4544	25	Ct+Tryp	run1	2
EH4545	25	Ct+Tryp	run1	3
EH4549	26	Ct+Tryp	run1	1
EH4550	26	Ct+Tryp	run1	2
EH4551	26	Ct+Tryp	run1	3
EH4555	27	Ct+Tryp	run1	1
EH4556	27	Ct+Tryp	run1	2
EH4557	27	Ct+Tryp	run1	3
EH4561	28	Ct+Tryp	run1	1
EH4562	28	Ct+Tryp	run1	2
EH4563	28	Ct+Tryp	run1	3
EH4567	29	Ct+Tryp	run1	1
EH4568	29	Ct+Tryp	run1	2
EH4569	29	Ct+Tryp	run1	3
EH4573	30	Ct+Tryp	run1	1
EH4574	30	Ct+Tryp	run1	2
EH4575	30	Ct+Tryp	run1	3
EH4579	31	Ct+Tryp	run1	1
EH4580	31	Ct+Tryp	run1	2
EH4581	31	Ct+Tryp	run1	3
EH4585	32	Ct+Tryp	run1	1
EH4586	32	Ct+Tryp	run1	2
EH4587	32	Ct+Tryp	run1	3
EH4591	33	Ct+Tryp	run1	1
EH4592	33	Ct+Tryp	run1	2
EH4593	33	Ct+Tryp	run1	3
EH4597	34	Ct+Tryp	run1	1
EH4598	34	Ct+Tryp	run1	2
EH4599	34	Ct+Tryp	run1	3
EH4603	35	Ct+Tryp	run1	1
EH4604	35	Ct+Tryp	run1	2
EH4605	35	Ct+Tryp	run1	3
EH4609	36	Ct+Tryp	run1	1
EH4610	36	Ct+Tryp	run1	2
EH4611	36	Ct+Tryp	run1	3
EH4612	37	Ct+Tryp	run1	1
EH4613	37	Ct+Tryp	run1	2
EH4614	37	Ct+Tryp	run1	3
EH4615	38	Ct+Tryp	run1	1
EH4616	38	Ct+Tryp	run1	2
EH4617	38	Ct+Tryp	run1	3
EH4618	39	Ct+Tryp	run1	1
EH4619	39	Ct+Tryp	run1	2
EH4620	39	Ct+Tryp	run1	3
EH4624	40	Ct+Tryp	run1	1
EH4625	40	Ct+Tryp	run1	2
EH4626	40	Ct+Tryp	run1	3
EH4627	41	Ct+Tryp	run1	1
EH4628	41	Ct+Tryp	run1	2
EH4629	41	Ct+Tryp	run1	3
EH4630	42	Ct+Tryp	run1	1
EH4631	42	Ct+Tryp	run1	2
EH4632	42	Ct+Tryp	run1	3
EH4633	43	Ct+Tryp	run1	1
EH4634	43	Ct+Tryp	run1	2
EH4635	43	Ct+Tryp	run1	3
EH4639	44	Ct+Tryp	run1	1
EH4640	44	Ct+Tryp	run1	2
EH4641	44	Ct+Tryp	run1	3
EH4642	45	Ct+Tryp	run1	1
EH4643	45	Ct+Tryp	run1	2
EH4644	45	Ct+Tryp	run1	3
EH4645	46	Ct+Tryp	run1	1
EH4646	46	Ct+Tryp	run1	2
EH4647	46	Ct+Tryp	run1	3
EH4648	47	Ct+Tryp	run1	1
EH4649	47	Ct+Tryp	run1	2
EH4650	47	Ct+Tryp	run1	3
EH4654	48	Ct+Tryp	run1	1
EH4655	48	Ct+Tryp	run1	2
EH4656	48	Ct+Tryp	run1	3
EH4660	49	Ct+Tryp	run1	1
EH4661	49	Ct+Tryp	run1	2
EH4662	49	Ct+Tryp	run1	3
EH4666	50	Ct+Tryp	run1	1
EH4667	50	Ct+Tryp	run1	2
EH4668	50	Ct+Tryp	run1	3
EH4672	51	Ct+Tryp	run1	1
EH4673	51	Ct+Tryp	run1	2
EH4674	51	Ct+Tryp	run1	3
EH4678	52	Ct+Tryp	run1	1
EH4679	52	Ct+Tryp	run1	2
EH4680	52	Ct+Tryp	run1	3
EH4684	53	Ct+Tryp	run1	1
EH4685	53	Ct+Tryp	run1	2
EH4686	53	Ct+Tryp	run1	3
EH4690	54	Ct+Tryp	run1	1
EH4691	54	Ct+Tryp	run1	2
EH4692	54	Ct+Tryp	run1	3
EH4696	55	Ct+Tryp	run1	1
EH4697	55	Ct+Tryp	run1	2
EH4698	55	Ct+Tryp	run1	3
EH4699	56	Ct+Tryp	run1	1
EH4700	56	Ct+Tryp	run1	2
EH4701	56	Ct+Tryp	run1	3
EH4702	57	Ct+Tryp	run1	1
EH4703	57	Ct+Tryp	run1	2
EH4704	57	Ct+Tryp	run1	3
EH4705	58	Ct+Tryp	run1	1
EH4706	58	Ct+Tryp	run1	2
EH4707	58	Ct+Tryp	run1	3
EH4711	59	Ct+Tryp	run1	1
EH4712	59	Ct+Tryp	run1	2
EH4713	59	Ct+Tryp	run1	3
EH4720	60	Ct+Tryp	run1	1
EH4721	60	Ct+Tryp	run1	2
EH4722	60	Ct+Tryp	run1	3
EH4726	61	Ct+Tryp	run1	1
EH4727	61	Ct+Tryp	run1	2
EH4728	61	Ct+Tryp	run1	3
EH4732	62	Ct+Tryp	run1	1
EH4733	62	Ct+Tryp	run1	2
EH4734	62	Ct+Tryp	run1	3
EH4738	63	Ct+Tryp	run1	1
EH4739	63	Ct+Tryp	run1	2
EH4740	63	Ct+Tryp	run1	3
EH4744	64	Ct+Tryp	run1	1
EH4745	64	Ct+Tryp	run1	2
EH4746	64	Ct+Tryp	run1	3
EH4750	65	Ct+Tryp	run1	1
EH4751	65	Ct+Tryp	run1	2
EH4752	65	Ct+Tryp	run1	3
EH4756	66	Ct+Tryp	run1	1
EH4757	66	Ct+Tryp	run1	2
EH4758	66	Ct+Tryp	run1	3
EH4762	67	Ct+Tryp	run1	1
EH4763	67	Ct+Tryp	run1	2
EH4764	67	Ct+Tryp	run1	3
EH4765	68	Ct+Tryp	run1	1
EH4766	68	Ct+Tryp	run1	2
EH4767	68	Ct+Tryp	run1	3
EH4771	69	Ct+Tryp	run1	1
EH4772	69	Ct+Tryp	run1	2
EH4773	69	Ct+Tryp	run1	3
EH4777	70	Ct+Tryp	run1	1
EH4778	70	Ct+Tryp	run1	2
EH4779	70	Ct+Tryp	run1	3
EH4855_211022133232	1	Tryp	run2	1
EH4856_211022134635	1	Tryp	run2	2
EH4857	1	Tryp	run2	3
EH4859	2	Tryp	run2	1
EH4860	2	Tryp	run2	2
EH4861	2	Tryp	run2	3
EH4863	3	Tryp	run2	1
EH4864	3	Tryp	run2	2
EH4865	3	Tryp	run2	3
EH4867	4	Tryp	run2	1
EH4868	4	Tryp	run2	2
EH4869	4	Tryp	run2	3
EH4871	5	Tryp	run2	1
EH4872	5	Tryp	run2	2
EH4873	5	Tryp	run2	3
EH4877	6	Tryp	run2	1
EH4878	6	Tryp	run2	2
EH4879	6	Tryp	run2	3
EH4881	7	Tryp	run2	1
EH4882	7	Tryp	run2	2
EH4883	7	Tryp	run2	3
EH4885	8	Tryp	run2	1
EH4886	8	Tryp	run2	2
EH4887	8	Tryp	run2	3
EH4889	9	Tryp	run2	1
EH4890	9	Tryp	run2	2
EH4891	9	Tryp	run2	3
EH4893	10	Tryp	run2	1
EH4894	10	Tryp	run2	2
EH4895	10	Tryp	run2	3
EH4899	11	Tryp	run2	1
EH4900	11	Tryp	run2	2
EH4901	11	Tryp	run2	3
EH4903	12	Tryp	run2	1
EH4904	12	Tryp	run2	2
EH4905	12	Tryp	run2	3
EH4907	13	Tryp	run2	1
EH4908	13	Tryp	run2	2
EH4909	13	Tryp	run2	3
EH4911	14	Tryp	run2	1
EH4912	14	Tryp	run2	2
EH4913	14	Tryp	run2	3
EH4915	15	Tryp	run2	1
EH4916	15	Tryp	run2	2
EH4917	15	Tryp	run2	3
EH4919	16	Tryp	run2	1
EH4920	16	Tryp	run2	2
EH4921	16	Tryp	run2	3
EH4925	17	Tryp	run2	1
EH4926	17	Tryp	run2	2
EH4927	17	Tryp	run2	3
EH4929	18	Tryp	run2	1
EH4930	18	Tryp	run2	2
EH4931	18	Tryp	run2	3
EH4933	19	Tryp	run2	1
EH4934	19	Tryp	run2	2
EH4935	19	Tryp	run2	3
EH4937	20	Tryp	run2	1
EH4938	20	Tryp	run2	2
EH4939	20	Tryp	run2	3
EH4941	21	Tryp	run2	1
EH4942	21	Tryp	run2	2
EH4943	21	Tryp	run2	3
EH4947	22	Tryp	run2	1
EH4948	22	Tryp	run2	2
EH4949	22	Tryp	run2	3
EH4951	23	Tryp	run2	1
EH4952	23	Tryp	run2	2
EH4953	23	Tryp	run2	3
EH4955	24	Tryp	run2	1
EH4956	24	Tryp	run2	2
EH4957	24	Tryp	run2	3
EH4959	25	Tryp	run2	1
EH4960	25	Tryp	run2	2
EH4961	25	Tryp	run2	3
EH4965	26	Tryp	run2	1
EH4966	26	Tryp	run2	2
EH4967	26	Tryp	run2	3
EH4971	27	Tryp	run2	1
EH4972	27	Tryp	run2	2
EH4973	27	Tryp	run2	3
EH4977	28	Tryp	run2	1
EH4978	28	Tryp	run2	2
EH4979	28	Tryp	run2	3
EH4983	29	Tryp	run2	1
EH4984	29	Tryp	run2	2
EH4985	29	Tryp	run2	3
EH4989	30	Tryp	run2	1
EH4990	30	Tryp	run2	2
EH4991	30	Tryp	run2	3
EH4995	31	Tryp	run2	1
EH4996	31	Tryp	run2	2
EH4997	31	Tryp	run2	3
EH5001	32	Tryp	run2	1
EH5002	32	Tryp	run2	2
EH5003	32	Tryp	run2	3
EH5007	33	Tryp	run2	1
EH5008	33	Tryp	run2	2
EH5009	33	Tryp	run2	3
EH5013	34	Tryp	run2	1
EH5014	34	Tryp	run2	2
EH5015	34	Tryp	run2	3
EH5019	35	Tryp	run2	1
EH5020	35	Tryp	run2	2
EH5021	35	Tryp	run2	3
EH5025	36	Tryp	run2	1
EH5026	36	Tryp	run2	2
EH5027	36	Tryp	run2	3
EH5028	37	Tryp	run2	1
EH5029	37	Tryp	run2	2
EH5030	37	Tryp	run2	3
EH5031	38	Tryp	run2	1
EH5032	38	Tryp	run2	2
EH5033	38	Tryp	run2	3
EH5034	39	Tryp	run2	1
EH5035	39	Tryp	run2	2
EH5036	39	Tryp	run2	3
EH5040	40	Tryp	run2	1
EH5041	40	Tryp	run2	2
EH5042	40	Tryp	run2	3
EH5043	41	Tryp	run2	1
EH5044	41	Tryp	run2	2
EH5045	41	Tryp	run2	3
EH5046	42	Tryp	run2	1
EH5047	42	Tryp	run2	2
EH5048	42	Tryp	run2	3
EH5049	43	Tryp	run2	1
EH5050	43	Tryp	run2	2
EH5051	43	Tryp	run2	3
EH5055	44	Tryp	run2	1
EH5056	44	Tryp	run2	2
EH5057	44	Tryp	run2	3
EH5058	45	Tryp	run2	1
EH5059	45	Tryp	run2	2
EH5060	45	Tryp	run2	3
EH5061	46	Tryp	run2	1
EH5062	46	Tryp	run2	2
EH5063	46	Tryp	run2	3
EH5064	47	Tryp	run2	1
EH5065	47	Tryp	run2	2
EH5066	47	Tryp	run2	3
EH5070	48	Tryp	run2	1
EH5071	48	Tryp	run2	2
EH5072	48	Tryp	run2	3
EH5076	49	Tryp	run2	1
EH5077	49	Tryp	run2	2
EH5078	49	Tryp	run2	3
EH5082	50	Tryp	run2	1
EH5083	50	Tryp	run2	2
EH5084	50	Tryp	run2	3
EH5088	51	Tryp	run2	1
EH5089	51	Tryp	run2	2
EH5090	51	Tryp	run2	3
EH5094	52	Tryp	run2	1
EH5095	52	Tryp	run2	2
EH5096	52	Tryp	run2	3
EH5100	53	Tryp	run2	1
EH5101	53	Tryp	run2	2
EH5102	53	Tryp	run2	3
EH5106	54	Tryp	run2	1
EH5107	54	Tryp	run2	2
EH5108	54	Tryp	run2	3
EH5112	55	Tryp	run2	1
EH5113	55	Tryp	run2	2
EH5114	55	Tryp	run2	3
EH5115	56	Tryp	run2	1
EH5116	56	Tryp	run2	2
EH5117	56	Tryp	run2	3
EH5118	57	Tryp	run2	1
EH5119	57	Tryp	run2	2
EH5120	57	Tryp	run2	3
EH5121	58	Tryp	run2	1
EH5122	58	Tryp	run2	2
EH5123	58	Tryp	run2	3
EH5127	59	Tryp	run2	1
EH5128	59	Tryp	run2	2
EH5129	59	Tryp	run2	3
EH5127_211025115617	60	Tryp	run2	1
EH5128_211025121021	60	Tryp	run2	2
EH5129_211025122424	60	Tryp	run2	3
EH5133	61	Tryp	run2	1
EH5134	61	Tryp	run2	2
EH5135	61	Tryp	run2	3
EH5139	62	Tryp	run2	1
EH5140	62	Tryp	run2	2
EH5141	62	Tryp	run2	3
EH5145	63	Tryp	run2	1
EH5146	63	Tryp	run2	2
EH5147	63	Tryp	run2	3
EH5151	64	Tryp	run2	1
EH5152	64	Tryp	run2	2
EH5153	64	Tryp	run2	3
EH5157	65	Tryp	run2	1
EH5158	65	Tryp	run2	2
EH5159	65	Tryp	run2	3
EH5163	66	Tryp	run2	1
EH5164	66	Tryp	run2	2
EH5165	66	Tryp	run2	3
EH5169	67	Tryp	run2	1
EH5170	67	Tryp	run2	2
EH5171	67	Tryp	run2	3
EH5172	68	Tryp	run2	1
EH5173	68	Tryp	run2	2
EH5174	68	Tryp	run2	3
EH5178	69	Tryp	run2	1
EH5179	69	Tryp	run2	2
EH5180	69	Tryp	run2	3
EH5184	70	Tryp	run2	1
EH5185	70	Tryp	run2	2
EH5186	70	Tryp	run2	3
EH5193	1	Ct	run2	1
EH5194	1	Ct	run2	2
EH5195	1	Ct	run2	3
EH5197	2	Ct	run2	1
EH5198	2	Ct	run2	2
EH5199	2	Ct	run2	3
EH5201	3	Ct	run2	1
EH5202	3	Ct	run2	2
EH5203	3	Ct	run2	3
EH5205	4	Ct	run2	1
EH5206	4	Ct	run2	2
EH5207	4	Ct	run2	3
EH5209	5	Ct	run2	1
EH5210	5	Ct	run2	2
EH5211	5	Ct	run2	3
EH5215	6	Ct	run2	1
EH5216	6	Ct	run2	2
EH5217	6	Ct	run2	3
EH5219	7	Ct	run2	1
EH5220	7	Ct	run2	2
EH5221	7	Ct	run2	3
EH5223	8	Ct	run2	1
EH5224	8	Ct	run2	2
EH5225	8	Ct	run2	3
EH5227	9	Ct	run2	1
EH5228	9	Ct	run2	2
EH5229	9	Ct	run2	3
EH5231	10	Ct	run2	1
EH5232	10	Ct	run2	2
EH5233	10	Ct	run2	3
EH5237	11	Ct	run2	1
EH5238	11	Ct	run2	2
EH5239	11	Ct	run2	3
EH5241	12	Ct	run2	1
EH5242	12	Ct	run2	2
EH5243	12	Ct	run2	3
EH5245	13	Ct	run2	1
EH5246	13	Ct	run2	2
EH5247	13	Ct	run2	3
EH5249	14	Ct	run2	1
EH5250	14	Ct	run2	2
EH5251	14	Ct	run2	3
EH5253	15	Ct	run2	1
EH5254	15	Ct	run2	2
EH5255	15	Ct	run2	3
EH5257	16	Ct	run2	1
EH5258	16	Ct	run2	2
EH5259	16	Ct	run2	3
EH5263	17	Ct	run2	1
EH5264	17	Ct	run2	2
EH5265	17	Ct	run2	3
EH5267	18	Ct	run2	1
EH5268	18	Ct	run2	2
EH5269	18	Ct	run2	3
EH5271	19	Ct	run2	1
EH5272	19	Ct	run2	2
EH5273	19	Ct	run2	3
EH5275	20	Ct	run2	1
EH5276	20	Ct	run2	2
EH5277	20	Ct	run2	3
EH5279	21	Ct	run2	1
EH5280	21	Ct	run2	2
EH5281	21	Ct	run2	3
EH5285	22	Ct	run2	1
EH5286	22	Ct	run2	2
EH5287	22	Ct	run2	3
EH5289	23	Ct	run2	1
EH5290	23	Ct	run2	2
EH5291	23	Ct	run2	3
EH5293	24	Ct	run2	1
EH5294	24	Ct	run2	2
EH5295	24	Ct	run2	3
EH5297	25	Ct	run2	1
EH5298	25	Ct	run2	2
EH5299	25	Ct	run2	3
EH5303	26	Ct	run2	1
EH5304	26	Ct	run2	2
EH5305	26	Ct	run2	3
EH5309	27	Ct	run2	1
EH5310	27	Ct	run2	2
EH5311	27	Ct	run2	3
EH5315	28	Ct	run2	1
EH5316	28	Ct	run2	2
EH5317	28	Ct	run2	3
EH5321	29	Ct	run2	1
EH5322	29	Ct	run2	2
EH5323	29	Ct	run2	3
EH5327	30	Ct	run2	1
EH5328	30	Ct	run2	2
EH5329	30	Ct	run2	3
EH5333	31	Ct	run2	1
EH5334	31	Ct	run2	2
EH5335	31	Ct	run2	3
EH5339	32	Ct	run2	1
EH5340	32	Ct	run2	2
EH5341	32	Ct	run2	3
EH5345	33	Ct	run2	1
EH5346	33	Ct	run2	2
EH5347	33	Ct	run2	3
EH5351	34	Ct	run2	1
EH5352	34	Ct	run2	2
EH5353	34	Ct	run2	3
EH5357	35	Ct	run2	1
EH5358	35	Ct	run2	2
EH5359	35	Ct	run2	3
EH5363	36	Ct	run2	1
EH5364	36	Ct	run2	2
EH5365	36	Ct	run2	3
EH5366	37	Ct	run2	1
EH5367	37	Ct	run2	2
EH5368	37	Ct	run2	3
EH5369	38	Ct	run2	1
EH5370	38	Ct	run2	2
EH5371	38	Ct	run2	3
EH5372	39	Ct	run2	1
EH5373	39	Ct	run2	2
EH5374	39	Ct	run2	3
EH5378	40	Ct	run2	1
EH5379	40	Ct	run2	2
EH5380	40	Ct	run2	3
EH5381	41	Ct	run2	1
EH5382	41	Ct	run2	2
EH5383	41	Ct	run2	3
EH5384	42	Ct	run2	1
EH5385	42	Ct	run2	2
EH5386	42	Ct	run2	3
EH5387	43	Ct	run2	1
EH5388	43	Ct	run2	2
EH5389	43	Ct	run2	3
EH5393	44	Ct	run2	1
EH5394	44	Ct	run2	2
EH5395	44	Ct	run2	3
EH5396	45	Ct	run2	1
EH5397	45	Ct	run2	2
EH5398	45	Ct	run2	3
EH5399	46	Ct	run2	1
EH5400	46	Ct	run2	2
EH5401	46	Ct	run2	3
EH5402	47	Ct	run2	1
EH5403	47	Ct	run2	2
EH5404	47	Ct	run2	3
EH5408	48	Ct	run2	1
EH5409	48	Ct	run2	2
EH5410	48	Ct	run2	3
EH5414	49	Ct	run2	1
EH5415	49	Ct	run2	2
EH5416	49	Ct	run2	3
EH5420	50	Ct	run2	1
EH5421	50	Ct	run2	2
EH5422	50	Ct	run2	3
EH5426	51	Ct	run2	1
EH5427	51	Ct	run2	2
EH5428	51	Ct	run2	3
EH5432	52	Ct	run2	1
EH5433	52	Ct	run2	2
EH5434	52	Ct	run2	3
EH5438	53	Ct	run2	1
EH5439	53	Ct	run2	2
EH5440	53	Ct	run2	3
EH5444	54	Ct	run2	1
EH5445	54	Ct	run2	2
EH5446	54	Ct	run2	3
EH5450	55	Ct	run2	1
EH5451	55	Ct	run2	2
EH5452	55	Ct	run2	3
EH5453	56	Ct	run2	1
EH5454	56	Ct	run2	2
EH5455	56	Ct	run2	3
EH5456	57	Ct	run2	1
EH5457	57	Ct	run2	2
EH5458	57	Ct	run2	3
EH5459	58	Ct	run2	1
EH5460	58	Ct	run2	2
EH5461	58	Ct	run2	3
EH5465	59	Ct	run2	1
EH5466	59	Ct	run2	2
EH5467	59	Ct	run2	3
EH5474	60	Ct	run2	1
EH5475	60	Ct	run2	2
EH5476	60	Ct	run2	3
EH5480	61	Ct	run2	1
EH5481	61	Ct	run2	2
EH5482	61	Ct	run2	3
EH5486	62	Ct	run2	1
EH5487	62	Ct	run2	2
EH5488	62	Ct	run2	3
EH5492	63	Ct	run2	1
EH5493	63	Ct	run2	2
EH5494	63	Ct	run2	3
EH5498	64	Ct	run2	1
EH5499	64	Ct	run2	2
EH5500	64	Ct	run2	3
EH5504	65	Ct	run2	1
EH5505	65	Ct	run2	2
EH5506	65	Ct	run2	3
EH5510	66	Ct	run2	1
EH5511	66	Ct	run2	2
EH5512	66	Ct	run2	3
EH5516	67	Ct	run2	1
EH5517	67	Ct	run2	2
EH5518	67	Ct	run2	3
EH5519	68	Ct	run2	1
EH5520	68	Ct	run2	2
EH5521	68	Ct	run2	3
EH5525	69	Ct	run2	1
EH5526	69	Ct	run2	2
EH5527	69	Ct	run2	3
EH5531	70	Ct	run2	1
EH5532	70	Ct	run2	2
EH5533	70	Ct	run2	3
EH5554	1	AspN	run2	1
EH5555	1	AspN	run2	2
EH5556	1	AspN	run2	3
EH5558	2	AspN	run2	1
EH5559	2	AspN	run2	2
EH5560	2	AspN	run2	3
EH5562	3	AspN	run2	1
EH5563	3	AspN	run2	2
EH5564	3	AspN	run2	3
EH5566	4	AspN	run2	1
EH5567	4	AspN	run2	2
EH5568	4	AspN	run2	3
EH5570	5	AspN	run2	1
EH5571	5	AspN	run2	2
EH5572	5	AspN	run2	3
EH5576	6	AspN	run2	1
EH5577	6	AspN	run2	2
EH5578	6	AspN	run2	3
EH5580	7	AspN	run2	1
EH5581	7	AspN	run2	2
EH5582	7	AspN	run2	3
EH5584	8	AspN	run2	1
EH5585	8	AspN	run2	2
EH5586	8	AspN	run2	3
EH5588	9	AspN	run2	1
EH5589	9	AspN	run2	2
EH5590	9	AspN	run2	3
EH5592	10	AspN	run2	1
EH5593	10	AspN	run2	2
EH5594	10	AspN	run2	3
EH5598	11	AspN	run2	1
EH5599	11	AspN	run2	2
EH5600	11	AspN	run2	3
EH5602	12	AspN	run2	1
EH5603	12	AspN	run2	2
EH5604	12	AspN	run2	3
EH5606	13	AspN	run2	1
EH5607	13	AspN	run2	2
EH5608	13	AspN	run2	3
EH5610	14	AspN	run2	1
EH5611	14	AspN	run2	2
EH5612	14	AspN	run2	3
EH5614	15	AspN	run2	1
EH5615	15	AspN	run2	2
EH5616	15	AspN	run2	3
EH5618	16	AspN	run2	1
EH5619	16	AspN	run2	2
EH5620	16	AspN	run2	3
EH5624	17	AspN	run2	1
EH5625	17	AspN	run2	2
EH5626	17	AspN	run2	3
EH5628	18	AspN	run2	1
EH5629	18	AspN	run2	2
EH5630	18	AspN	run2	3
EH5632	19	AspN	run2	1
EH5633	19	AspN	run2	2
EH5634	19	AspN	run2	3
EH5636	20	AspN	run2	1
EH5637	20	AspN	run2	2
EH5638	20	AspN	run2	3
EH5640	21	AspN	run2	1
EH5641	21	AspN	run2	2
EH5642	21	AspN	run2	3
EH5646	22	AspN	run2	1
EH5647	22	AspN	run2	2
EH5648	22	AspN	run2	3
EH5650	23	AspN	run2	1
EH5651	23	AspN	run2	2
EH5652	23	AspN	run2	3
EH5654	24	AspN	run2	1
EH5655	24	AspN	run2	2
EH5656	24	AspN	run2	3
EH5658	25	AspN	run2	1
EH5659	25	AspN	run2	2
EH5660	25	AspN	run2	3
EH5664	26	AspN	run2	1
EH5665	26	AspN	run2	2
EH5666	26	AspN	run2	3
EH5670	27	AspN	run2	1
EH5671	27	AspN	run2	2
EH5672	27	AspN	run2	3
EH5676	28	AspN	run2	1
EH5677	28	AspN	run2	2
EH5678	28	AspN	run2	3
EH5682	29	AspN	run2	1
EH5683	29	AspN	run2	2
EH5684	29	AspN	run2	3
EH5688	30	AspN	run2	1
EH5689	30	AspN	run2	2
EH5690	30	AspN	run2	3
EH5694	31	AspN	run2	1
EH5695	31	AspN	run2	2
EH5696	31	AspN	run2	3
EH5700	32	AspN	run2	1
EH5701	32	AspN	run2	2
EH5702	32	AspN	run2	3
EH5706	33	AspN	run2	1
EH5707	33	AspN	run2	2
EH5708	33	AspN	run2	3
EH5712	34	AspN	run2	1
EH5713	34	AspN	run2	2
EH5714	34	AspN	run2	3
EH5718	35	AspN	run2	1
EH5719	35	AspN	run2	2
EH5720	35	AspN	run2	3
EH5724	36	AspN	run2	1
EH5725	36	AspN	run2	2
EH5726	36	AspN	run2	3
EH5727	37	AspN	run2	1
EH5728	37	AspN	run2	2
EH5729	37	AspN	run2	3
EH5730	38	AspN	run2	1
EH5731	38	AspN	run2	2
EH5732	38	AspN	run2	3
EH5733	39	AspN	run2	1
EH5734	39	AspN	run2	2
EH5735	39	AspN	run2	3
EH5739	40	AspN	run2	1
EH5740	40	AspN	run2	2
EH5741	40	AspN	run2	3
EH5742	41	AspN	run2	1
EH5743	41	AspN	run2	2
EH5744	41	AspN	run2	3
EH5745	42	AspN	run2	1
EH5746	42	AspN	run2	2
EH5747	42	AspN	run2	3
EH5748	43	AspN	run2	1
EH5749	43	AspN	run2	2
EH5750	43	AspN	run2	3
EH5754	44	AspN	run2	1
EH5755	44	AspN	run2	2
EH5756	44	AspN	run2	3
EH5757	45	AspN	run2	1
EH5758	45	AspN	run2	2
EH5759	45	AspN	run2	3
EH5760	46	AspN	run2	1
EH5761	46	AspN	run2	2
EH5762	46	AspN	run2	3
EH5763	47	AspN	run2	1
EH5764	47	AspN	run2	2
EH5765	47	AspN	run2	3
EH5769	48	AspN	run2	1
EH5770	48	AspN	run2	2
EH5771	48	AspN	run2	3
EH5775	49	AspN	run2	1
EH5776	49	AspN	run2	2
EH5777	49	AspN	run2	3
EH5781	50	AspN	run2	1
EH5782	50	AspN	run2	2
EH5783	50	AspN	run2	3
EH5787	51	AspN	run2	1
EH5788	51	AspN	run2	2
EH5789	51	AspN	run2	3
EH5793	52	AspN	run2	1
EH5794	52	AspN	run2	2
EH5795	52	AspN	run2	3
EH5799	53	AspN	run2	1
EH5800	53	AspN	run2	2
EH5801	53	AspN	run2	3
EH5805	54	AspN	run2	1
EH5806	54	AspN	run2	2
EH5807	54	AspN	run2	3
EH5811	55	AspN	run2	1
EH5812	55	AspN	run2	2
EH5813	55	AspN	run2	3
EH5814	56	AspN	run2	1
EH5815	56	AspN	run2	2
EH5816	56	AspN	run2	3
EH5817	57	AspN	run2	1
EH5818	57	AspN	run2	2
EH5819	57	AspN	run2	3
EH5820	58	AspN	run2	1
EH5821	58	AspN	run2	2
EH5822	58	AspN	run2	3
EH5826	59	AspN	run2	1
EH5827	59	AspN	run2	2
EH5828	59	AspN	run2	3
EH5835	60	AspN	run2	1
EH5836	60	AspN	run2	2
EH5837	60	AspN	run2	3
EH5841	61	AspN	run2	1
EH5842	61	AspN	run2	2
EH5843	61	AspN	run2	3
EH5847	62	AspN	run2	1
EH5848	62	AspN	run2	2
EH5849	62	AspN	run2	3
EH5853	63	AspN	run2	1
EH5854	63	AspN	run2	2
EH5855	63	AspN	run2	3
EH5859	64	AspN	run2	1
EH5860	64	AspN	run2	2
EH5861	64	AspN	run2	3
EH5865	65	AspN	run2	1
EH5866	65	AspN	run2	2
EH5867	65	AspN	run2	3
EH5871	66	AspN	run2	1
EH5872	66	AspN	run2	2
EH5873	66	AspN	run2	3
EH5877	67	AspN	run2	1
EH5878	67	AspN	run2	2
EH5879	67	AspN	run2	3
EH5880	68	AspN	run2	1
EH5881	68	AspN	run2	2
EH5882	68	AspN	run2	3
EH5886	69	AspN	run2	1
EH5887	69	AspN	run2	2
EH5888	69	AspN	run2	3
EH5892	70	AspN	run2	1
EH5893	70	AspN	run2	2
EH5894	70	AspN	run2	3
EH5912	1	Ct+Tryp	run2	1
EH5913	1	Ct+Tryp	run2	2
EH5914	1	Ct+Tryp	run2	3
EH5916	2	Ct+Tryp	run2	1
EH5917	2	Ct+Tryp	run2	2
EH5918	2	Ct+Tryp	run2	3
EH5920	3	Ct+Tryp	run2	1
EH5921	3	Ct+Tryp	run2	2
EH5922	3	Ct+Tryp	run2	3
EH5924	4	Ct+Tryp	run2	1
EH5925	4	Ct+Tryp	run2	2
EH5926	4	Ct+Tryp	run2	3
EH5928	5	Ct+Tryp	run2	1
EH5929	5	Ct+Tryp	run2	2
EH5930	5	Ct+Tryp	run2	3
EH5934	6	Ct+Tryp	run2	1
EH5935	6	Ct+Tryp	run2	2
EH5936	6	Ct+Tryp	run2	3
EH5938	7	Ct+Tryp	run2	1
EH5939	7	Ct+Tryp	run2	2
EH5940	7	Ct+Tryp	run2	3
EH5942	8	Ct+Tryp	run2	1
EH5943	8	Ct+Tryp	run2	2
EH5944	8	Ct+Tryp	run2	3
EH5946	9	Ct+Tryp	run2	1
EH5947	9	Ct+Tryp	run2	2
EH5948	9	Ct+Tryp	run2	3
EH5950	10	Ct+Tryp	run2	1
EH5951	10	Ct+Tryp	run2	2
EH5952	10	Ct+Tryp	run2	3
EH5956	11	Ct+Tryp	run2	1
EH5957	11	Ct+Tryp	run2	2
EH5958	11	Ct+Tryp	run2	3
EH5960	12	Ct+Tryp	run2	1
EH5961	12	Ct+Tryp	run2	2
EH5962	12	Ct+Tryp	run2	3
EH5964	13	Ct+Tryp	run2	1
EH5965	13	Ct+Tryp	run2	2
EH5966	13	Ct+Tryp	run2	3
EH5968	14	Ct+Tryp	run2	1
EH5969	14	Ct+Tryp	run2	2
EH5970	14	Ct+Tryp	run2	3
EH5972	15	Ct+Tryp	run2	1
EH5973	15	Ct+Tryp	run2	2
EH5974	15	Ct+Tryp	run2	3
EH5976	16	Ct+Tryp	run2	1
EH5977	16	Ct+Tryp	run2	2
EH5978	16	Ct+Tryp	run2	3
EH5982	17	Ct+Tryp	run2	1
EH5983	17	Ct+Tryp	run2	2
EH5984	17	Ct+Tryp	run2	3
EH5986	18	Ct+Tryp	run2	1
EH5987	18	Ct+Tryp	run2	2
EH5988	18	Ct+Tryp	run2	3
EH5990	19	Ct+Tryp	run2	1
EH5991	19	Ct+Tryp	run2	2
EH5992	19	Ct+Tryp	run2	3
EH5994	20	Ct+Tryp	run2	1
EH5995	20	Ct+Tryp	run2	2
EH5996	20	Ct+Tryp	run2	3
EH5998	21	Ct+Tryp	run2	1
EH5999	21	Ct+Tryp	run2	2
EH6000	21	Ct+Tryp	run2	3
EH6004	22	Ct+Tryp	run2	1
EH6005	22	Ct+Tryp	run2	2
EH6006	22	Ct+Tryp	run2	3
EH6008	23	Ct+Tryp	run2	1
EH6009	23	Ct+Tryp	run2	2
EH6010	23	Ct+Tryp	run2	3
EH6012	24	Ct+Tryp	run2	1
EH6013	24	Ct+Tryp	run2	2
EH6014	24	Ct+Tryp	run2	3
EH6016	25	Ct+Tryp	run2	1
EH6017	25	Ct+Tryp	run2	2
EH6018	25	Ct+Tryp	run2	3
EH6022	26	Ct+Tryp	run2	1
EH6023	26	Ct+Tryp	run2	2
EH6024	26	Ct+Tryp	run2	3
EH6028	27	Ct+Tryp	run2	1
EH6029	27	Ct+Tryp	run2	2
EH6030	27	Ct+Tryp	run2	3
EH6034	28	Ct+Tryp	run2	1
EH6035	28	Ct+Tryp	run2	2
EH6036	28	Ct+Tryp	run2	3
EH6040	29	Ct+Tryp	run2	1
EH6041	29	Ct+Tryp	run2	2
EH6042	29	Ct+Tryp	run2	3
EH6046	30	Ct+Tryp	run2	1
EH6047	30	Ct+Tryp	run2	2
EH6048	30	Ct+Tryp	run2	3
EH6052	31	Ct+Tryp	run2	1
EH6053	31	Ct+Tryp	run2	2
EH6054	31	Ct+Tryp	run2	3
EH6058	32	Ct+Tryp	run2	1
EH6059	32	Ct+Tryp	run2	2
EH6060	32	Ct+Tryp	run2	3
EH6064	33	Ct+Tryp	run2	1
EH6065	33	Ct+Tryp	run2	2
EH6066	33	Ct+Tryp	run2	3
EH6070	34	Ct+Tryp	run2	1
EH6071	34	Ct+Tryp	run2	2
EH6072	34	Ct+Tryp	run2	3
EH6076	35	Ct+Tryp	run2	1
EH6077	35	Ct+Tryp	run2	2
EH6078	35	Ct+Tryp	run2	3
EH6082	36	Ct+Tryp	run2	1
EH6083	36	Ct+Tryp	run2	2
EH6084	36	Ct+Tryp	run2	3
EH6085	37	Ct+Tryp	run2	1
EH6086	37	Ct+Tryp	run2	2
EH6087	37	Ct+Tryp	run2	3
EH6088	38	Ct+Tryp	run2	1
EH6089	38	Ct+Tryp	run2	2
EH6090	38	Ct+Tryp	run2	3
EH6091	39	Ct+Tryp	run2	1
EH6092	39	Ct+Tryp	run2	2
EH6093	39	Ct+Tryp	run2	3
EH6097	40	Ct+Tryp	run2	1
EH6098	40	Ct+Tryp	run2	2
EH6099	40	Ct+Tryp	run2	3
EH6100	41	Ct+Tryp	run2	1
EH6101	41	Ct+Tryp	run2	2
EH6102	41	Ct+Tryp	run2	3
EH6103	42	Ct+Tryp	run2	1
EH6104	42	Ct+Tryp	run2	2
EH6105	42	Ct+Tryp	run2	3
EH6106	43	Ct+Tryp	run2	1
EH6107	43	Ct+Tryp	run2	2
EH6108	43	Ct+Tryp	run2	3
EH6112	44	Ct+Tryp	run2	1
EH6113	44	Ct+Tryp	run2	2
EH6114	44	Ct+Tryp	run2	3
EH6115	45	Ct+Tryp	run2	1
EH6116	45	Ct+Tryp	run2	2
EH6117	45	Ct+Tryp	run2	3
EH6118	46	Ct+Tryp	run2	1
EH6119	46	Ct+Tryp	run2	2
EH6120	46	Ct+Tryp	run2	3
EH6121	47	Ct+Tryp	run2	1
EH6122	47	Ct+Tryp	run2	2
EH6123	47	Ct+Tryp	run2	3
EH6127	48	Ct+Tryp	run2	1
EH6128	48	Ct+Tryp	run2	2
EH6129	48	Ct+Tryp	run2	3
EH6133	49	Ct+Tryp	run2	1
EH6134	49	Ct+Tryp	run2	2
EH6135	49	Ct+Tryp	run2	3
EH6139	50	Ct+Tryp	run2	1
EH6140	50	Ct+Tryp	run2	2
EH6141	50	Ct+Tryp	run2	3
EH6145	51	Ct+Tryp	run2	1
EH6146	51	Ct+Tryp	run2	2
EH6147	51	Ct+Tryp	run2	3
EH6151	52	Ct+Tryp	run2	1
EH6152	52	Ct+Tryp	run2	2
EH6153	52	Ct+Tryp	run2	3
EH6157	53	Ct+Tryp	run2	1
EH6158	53	Ct+Tryp	run2	2
EH6159	53	Ct+Tryp	run2	3
EH6163	54	Ct+Tryp	run2	1
EH6164	54	Ct+Tryp	run2	2
EH6165	54	Ct+Tryp	run2	3
EH6169	55	Ct+Tryp	run2	1
EH6170	55	Ct+Tryp	run2	2
EH6171	55	Ct+Tryp	run2	3
EH6172	56	Ct+Tryp	run2	1
EH6173	56	Ct+Tryp	run2	2
EH6174	56	Ct+Tryp	run2	3
EH6175	57	Ct+Tryp	run2	1
EH6176	57	Ct+Tryp	run2	2
EH6177	57	Ct+Tryp	run2	3
EH6178	58	Ct+Tryp	run2	1
EH6179	58	Ct+Tryp	run2	2
EH6180	58	Ct+Tryp	run2	3
EH6184	59	Ct+Tryp	run2	1
EH6185	59	Ct+Tryp	run2	2
EH6186	59	Ct+Tryp	run2	3
EH6193	60	Ct+Tryp	run2	1
EH6194	60	Ct+Tryp	run2	2
EH6195	60	Ct+Tryp	run2	3
EH6199	61	Ct+Tryp	run2	1
EH6200	61	Ct+Tryp	run2	2
EH6201	61	Ct+Tryp	run2	3
EH6205	62	Ct+Tryp	run2	1
EH6206	62	Ct+Tryp	run2	2
EH6207	62	Ct+Tryp	run2	3
EH6211	63	Ct+Tryp	run2	1
EH6212	63	Ct+Tryp	run2	2
EH6213	63	Ct+Tryp	run2	3
EH6217	64	Ct+Tryp	run2	1
EH6218	64	Ct+Tryp	run2	2
EH6219	64	Ct+Tryp	run2	3
EH6223	65	Ct+Tryp	run2	1
EH6224	65	Ct+Tryp	run2	2
EH6225	65	Ct+Tryp	run2	3
EH6229	66	Ct+Tryp	run2	1
EH6230	66	Ct+Tryp	run2	2
EH6231	66	Ct+Tryp	run2	3
EH6235	67	Ct+Tryp	run2	1
EH6236	67	Ct+Tryp	run2	2
EH6237	67	Ct+Tryp	run2	3
EH6238	68	Ct+Tryp	run2	1
EH6239	68	Ct+Tryp	run2	2
EH6240	68	Ct+Tryp	run2	3
EH6244	69	Ct+Tryp	run2	1
EH6245	69	Ct+Tryp	run2	2
EH6246	69	Ct+Tryp	run2	3
EH6250	70	Ct+Tryp	run2	1
EH6251	70	Ct+Tryp	run2	2
EH6252	70	Ct+Tryp	run2	3
EH6443	1	Tryp	run3	1
EH6444	1	Tryp	run3	2
EH6445	1	Tryp	run3	3
EH6447	2	Tryp	run3	1
EH6448	2	Tryp	run3	2
EH6449	2	Tryp	run3	3
EH6451	3	Tryp	run3	1
EH6452	3	Tryp	run3	2
EH6453	3	Tryp	run3	3
EH6455	4	Tryp	run3	1
EH6456	4	Tryp	run3	2
EH6457	4	Tryp	run3	3
EH6459	5	Tryp	run3	1
EH6460	5	Tryp	run3	2
EH6461	5	Tryp	run3	3
EH6465	6	Tryp	run3	1
EH6466	6	Tryp	run3	2
EH6467	6	Tryp	run3	3
EH6469	7	Tryp	run3	1
EH6470	7	Tryp	run3	2
EH6471	7	Tryp	run3	3
EH6473	8	Tryp	run3	1
EH6474	8	Tryp	run3	2
EH6475	8	Tryp	run3	3
EH6477	9	Tryp	run3	1
EH6478	9	Tryp	run3	2
EH6479	9	Tryp	run3	3
EH6481	10	Tryp	run3	1
EH6482	10	Tryp	run3	2
EH6483	10	Tryp	run3	3
EH6487	11	Tryp	run3	1
EH6488	11	Tryp	run3	2
EH6489	11	Tryp	run3	3
EH6491	12	Tryp	run3	1
EH6492	12	Tryp	run3	2
EH6493	12	Tryp	run3	3
EH6495	13	Tryp	run3	1
EH6496	13	Tryp	run3	2
EH6497	13	Tryp	run3	3
EH6499	14	Tryp	run3	1
EH6500	14	Tryp	run3	2
EH6501	14	Tryp	run3	3
EH6503	15	Tryp	run3	1
EH6504	15	Tryp	run3	2
EH6505	15	Tryp	run3	3
EH6507	16	Tryp	run3	1
EH6508	16	Tryp	run3	2
EH6509	16	Tryp	run3	3
EH6513	17	Tryp	run3	1
EH6514	17	Tryp	run3	2
EH6515	17	Tryp	run3	3
EH6517	18	Tryp	run3	1
EH6518	18	Tryp	run3	2
EH6519	18	Tryp	run3	3
EH6521	19	Tryp	run3	1
EH6522	19	Tryp	run3	2
EH6523	19	Tryp	run3	3
EH6525	20	Tryp	run3	1
EH6526	20	Tryp	run3	2
EH6527	20	Tryp	run3	3
EH6529	21	Tryp	run3	1
EH6530	21	Tryp	run3	2
EH6531	21	Tryp	run3	3
EH6535	22	Tryp	run3	1
EH6536	22	Tryp	run3	2
EH6537	22	Tryp	run3	3
EH6539	23	Tryp	run3	1
EH6540	23	Tryp	run3	2
EH6541	23	Tryp	run3	3
EH6543	24	Tryp	run3	1
EH6544	24	Tryp	run3	2
EH6545	24	Tryp	run3	3
EH6547	25	Tryp	run3	1
EH6548	25	Tryp	run3	2
EH6549	25	Tryp	run3	3
EH6553	26	Tryp	run3	1
EH6554	26	Tryp	run3	2
EH6555	26	Tryp	run3	3
EH6559	27	Tryp	run3	1
EH6560	27	Tryp	run3	2
EH6561	27	Tryp	run3	3
EH6565	28	Tryp	run3	1
EH6566	28	Tryp	run3	2
EH6567	28	Tryp	run3	3
EH6571	29	Tryp	run3	1
EH6572	29	Tryp	run3	2
EH6573	29	Tryp	run3	3
EH6577	30	Tryp	run3	1
EH6578	30	Tryp	run3	2
EH6579	30	Tryp	run3	3
EH6583	31	Tryp	run3	1
EH6584	31	Tryp	run3	2
EH6585	31	Tryp	run3	3
EH6589	32	Tryp	run3	1
EH6590	32	Tryp	run3	2
EH6591	32	Tryp	run3	3
EH6595	33	Tryp	run3	1
EH6596	33	Tryp	run3	2
EH6597	33	Tryp	run3	3
EH6601	34	Tryp	run3	1
EH6602	34	Tryp	run3	2
EH6603	34	Tryp	run3	3
EH6607	35	Tryp	run3	1
EH6608	35	Tryp	run3	2
EH6609	35	Tryp	run3	3
EH6613	36	Tryp	run3	1
EH6614	36	Tryp	run3	2
EH6615	36	Tryp	run3	3
EH6616	37	Tryp	run3	1
EH6617	37	Tryp	run3	2
EH6618	37	Tryp	run3	3
EH6619	38	Tryp	run3	1
EH6620	38	Tryp	run3	2
EH6621	38	Tryp	run3	3
EH6622	39	Tryp	run3	1
EH6623	39	Tryp	run3	2
EH6624	39	Tryp	run3	3
EH6628	40	Tryp	run3	1
EH6629	40	Tryp	run3	2
EH6630	40	Tryp	run3	3
EH6631	41	Tryp	run3	1
EH6632	41	Tryp	run3	2
EH6633	41	Tryp	run3	3
EH6634	42	Tryp	run3	1
EH6635	42	Tryp	run3	2
EH6636	42	Tryp	run3	3
EH6637	43	Tryp	run3	1
EH6638	43	Tryp	run3	2
EH6639	43	Tryp	run3	3
EH6643	44	Tryp	run3	1
EH6644	44	Tryp	run3	2
EH6645	44	Tryp	run3	3
EH6646	45	Tryp	run3	1
EH6647	45	Tryp	run3	2
EH6648	45	Tryp	run3	3
EH6649	46	Tryp	run3	1
EH6650	46	Tryp	run3	2
EH6651	46	Tryp	run3	3
EH6652	47	Tryp	run3	1
EH6653	47	Tryp	run3	2
EH6654	47	Tryp	run3	3
EH6658	48	Tryp	run3	1
EH6659	48	Tryp	run3	2
EH6660	48	Tryp	run3	3
EH6664	49	Tryp	run3	1
EH6665	49	Tryp	run3	2
EH6666	49	Tryp	run3	3
EH6670	50	Tryp	run3	1
EH6671	50	Tryp	run3	2
EH6672	50	Tryp	run3	3
EH6676	51	Tryp	run3	1
EH6677	51	Tryp	run3	2
EH6678	51	Tryp	run3	3
EH6682	52	Tryp	run3	1
EH6683	52	Tryp	run3	2
EH6684	52	Tryp	run3	3
EH6688	53	Tryp	run3	1
EH6689	53	Tryp	run3	2
EH6690	53	Tryp	run3	3
EH6694	54	Tryp	run3	1
EH6695	54	Tryp	run3	2
EH6696	54	Tryp	run3	3
EH6700	55	Tryp	run3	1
EH6701	55	Tryp	run3	2
EH6702	55	Tryp	run3	3
EH6703	56	Tryp	run3	1
EH6704	56	Tryp	run3	2
EH6705	56	Tryp	run3	3
EH6706	57	Tryp	run3	1
EH6707	57	Tryp	run3	2
EH6708	57	Tryp	run3	3
EH6709	58	Tryp	run3	1
EH6710	58	Tryp	run3	2
EH6711	58	Tryp	run3	3
EH6715	59	Tryp	run3	1
EH6716	59	Tryp	run3	2
EH6717	59	Tryp	run3	3
EH6721	60	Tryp	run3	1
EH6722	60	Tryp	run3	2
EH6723	60	Tryp	run3	3
EH6727	61	Tryp	run3	1
EH6728	61	Tryp	run3	2
EH6729	61	Tryp	run3	3
EH6733	62	Tryp	run3	1
EH6734	62	Tryp	run3	2
EH6735	62	Tryp	run3	3
EH6739	63	Tryp	run3	1
EH6740	63	Tryp	run3	2
EH6741	63	Tryp	run3	3
EH6745	64	Tryp	run3	1
EH6746	64	Tryp	run3	2
EH6747	64	Tryp	run3	3
EH6751	65	Tryp	run3	1
EH6752	65	Tryp	run3	2
EH6753	65	Tryp	run3	3
EH6757	66	Tryp	run3	1
EH6758	66	Tryp	run3	2
EH6759	66	Tryp	run3	3
EH6763	67	Tryp	run3	1
EH6764	67	Tryp	run3	2
EH6765	67	Tryp	run3	3
EH6766	68	Tryp	run3	1
EH6767	68	Tryp	run3	2
EH6768	68	Tryp	run3	3
EH6772	69	Tryp	run3	1
EH6773	69	Tryp	run3	2
EH6774	69	Tryp	run3	3
EH6778	70	Tryp	run3	1
EH6779	70	Tryp	run3	2
EH6780	70	Tryp	run3	3
EH7933	1	Ct	run3	1
EH7934	1	Ct	run3	2
EH7935	1	Ct	run3	3
EH7937	2	Ct	run3	1
EH7938	2	Ct	run3	2
EH7939	2	Ct	run3	3
EH7941	3	Ct	run3	1
EH7942	3	Ct	run3	2
EH7943	3	Ct	run3	3
EH7945	4	Ct	run3	1
EH7946	4	Ct	run3	2
EH7947	4	Ct	run3	3
EH7949	5	Ct	run3	1
EH7950	5	Ct	run3	2
EH7951	5	Ct	run3	3
EH7955	6	Ct	run3	1
EH7956	6	Ct	run3	2
EH7957	6	Ct	run3	3
EH7959	7	Ct	run3	1
EH7960	7	Ct	run3	2
EH7961	7	Ct	run3	3
EH7963	8	Ct	run3	1
EH7964	8	Ct	run3	2
EH7965	8	Ct	run3	3
EH7967	9	Ct	run3	1
EH7968	9	Ct	run3	2
EH7969	9	Ct	run3	3
EH7971	10	Ct	run3	1
EH7972	10	Ct	run3	2
EH7973	10	Ct	run3	3
EH7977	11	Ct	run3	1
EH7978	11	Ct	run3	2
EH7979	11	Ct	run3	3
EH7981	12	Ct	run3	1
EH7982	12	Ct	run3	2
EH7983	12	Ct	run3	3
EH7985	13	Ct	run3	1
EH7986	13	Ct	run3	2
EH7987	13	Ct	run3	3
EH7989	14	Ct	run3	1
EH7990	14	Ct	run3	2
EH7991	14	Ct	run3	3
EH7993	15	Ct	run3	1
EH7994	15	Ct	run3	2
EH7995	15	Ct	run3	3
EH7997	16	Ct	run3	1
EH7998	16	Ct	run3	2
EH7999	16	Ct	run3	3
EH8003	17	Ct	run3	1
EH8004	17	Ct	run3	2
EH8005	17	Ct	run3	3
EH8007	18	Ct	run3	1
EH8008	18	Ct	run3	2
EH8009	18	Ct	run3	3
EH8011	19	Ct	run3	1
EH8012	19	Ct	run3	2
EH8013	19	Ct	run3	3
EH8015	20	Ct	run3	1
EH8016	20	Ct	run3	2
EH8017	20	Ct	run3	3
EH8019	21	Ct	run3	1
EH8020	21	Ct	run3	2
EH8021	21	Ct	run3	3
EH8025	22	Ct	run3	1
EH8026	22	Ct	run3	2
EH8027	22	Ct	run3	3
EH8029	23	Ct	run3	1
EH8030	23	Ct	run3	2
EH8031	23	Ct	run3	3
EH8033	24	Ct	run3	1
EH8034	24	Ct	run3	2
EH8035	24	Ct	run3	3
EH8037	25	Ct	run3	1
EH8038	25	Ct	run3	2
EH8039	25	Ct	run3	3
EH8043	26	Ct	run3	1
EH8044	26	Ct	run3	2
EH8045	26	Ct	run3	3
EH8049	27	Ct	run3	1
EH8050	27	Ct	run3	2
EH8051	27	Ct	run3	3
EH8055	28	Ct	run3	1
EH8056	28	Ct	run3	2
EH8057	28	Ct	run3	3
EH8061	29	Ct	run3	1
EH8062	29	Ct	run3	2
EH8063	29	Ct	run3	3
EH8067	30	Ct	run3	1
EH8068	30	Ct	run3	2
EH8069	30	Ct	run3	3
EH8073	31	Ct	run3	1
EH8074	31	Ct	run3	2
EH8075	31	Ct	run3	3
EH8079	32	Ct	run3	1
EH8080	32	Ct	run3	2
EH8081	32	Ct	run3	3
EH8085	33	Ct	run3	1
EH8086	33	Ct	run3	2
EH8087	33	Ct	run3	3
EH8091	34	Ct	run3	1
EH8092	34	Ct	run3	2
EH8093	34	Ct	run3	3
EH8097	35	Ct	run3	1
EH8098	35	Ct	run3	2
EH8099	35	Ct	run3	3
EH8103	36	Ct	run3	1
EH8104	36	Ct	run3	2
EH8105	36	Ct	run3	3
EH8106	37	Ct	run3	1
EH8107	37	Ct	run3	2
EH8108	37	Ct	run3	3
EH8109	38	Ct	run3	1
EH8110	38	Ct	run3	2
EH8111	38	Ct	run3	3
EH8112	39	Ct	run3	1
EH8113	39	Ct	run3	2
EH8114	39	Ct	run3	3
EH8118	40	Ct	run3	1
EH8119	40	Ct	run3	2
EH8120	40	Ct	run3	3
EH8121	41	Ct	run3	1
EH8122	41	Ct	run3	2
EH8123	41	Ct	run3	3
EH8124	42	Ct	run3	1
EH8125	42	Ct	run3	2
EH8126	42	Ct	run3	3
EH8127	43	Ct	run3	1
EH8128	43	Ct	run3	2
EH8129	43	Ct	run3	3
EH8133	44	Ct	run3	1
EH8134	44	Ct	run3	2
EH8135	44	Ct	run3	3
EH8136	45	Ct	run3	1
EH8137	45	Ct	run3	2
EH8138	45	Ct	run3	3
EH8139	46	Ct	run3	1
EH8140	46	Ct	run3	2
EH8141	46	Ct	run3	3
EH8142	47	Ct	run3	1
EH8143	47	Ct	run3	2
EH8144	47	Ct	run3	3
EH8148	48	Ct	run3	1
EH8149	48	Ct	run3	2
EH8150	48	Ct	run3	3
EH8154	49	Ct	run3	1
EH8155	49	Ct	run3	2
EH8156	49	Ct	run3	3
EH8160	50	Ct	run3	1
EH8161	50	Ct	run3	2
EH8162	50	Ct	run3	3
EH8166	51	Ct	run3	1
EH8167	51	Ct	run3	2
EH8168	51	Ct	run3	3
EH8172	52	Ct	run3	1
EH8173	52	Ct	run3	2
EH8174	52	Ct	run3	3
EH8178	53	Ct	run3	1
EH8179	53	Ct	run3	2
EH8180	53	Ct	run3	3
EH8184	54	Ct	run3	1
EH8185	54	Ct	run3	2
EH8186	54	Ct	run3	3
EH8190	55	Ct	run3	1
EH8191	55	Ct	run3	2
EH8192	55	Ct	run3	3
EH8193	56	Ct	run3	1
EH8194	56	Ct	run3	2
EH8195	56	Ct	run3	3
EH8196	57	Ct	run3	1
EH8197	57	Ct	run3	2
EH8198	57	Ct	run3	3
EH8199	58	Ct	run3	1
EH8200	58	Ct	run3	2
EH8201	58	Ct	run3	3
EH8205	59	Ct	run3	1
EH8206	59	Ct	run3	2
EH8207	59	Ct	run3	3
EH8211	60	Ct	run3	1
EH8212	60	Ct	run3	2
EH8213	60	Ct	run3	3
EH8217	61	Ct	run3	1
EH8218	61	Ct	run3	2
EH8219	61	Ct	run3	3
EH8223	62	Ct	run3	1
EH8224	62	Ct	run3	2
EH8225	62	Ct	run3	3
EH8229	63	Ct	run3	1
EH8230	63	Ct	run3	2
EH8231	63	Ct	run3	3
EH8235	64	Ct	run3	1
EH8236	64	Ct	run3	2
EH8237	64	Ct	run3	3
EH8241	65	Ct	run3	1
EH8242	65	Ct	run3	2
EH8243	65	Ct	run3	3
EH8247	66	Ct	run3	1
EH8248	66	Ct	run3	2
EH8249	66	Ct	run3	3
EH8253	67	Ct	run3	1
EH8254	67	Ct	run3	2
EH8255	67	Ct	run3	3
EH8256	68	Ct	run3	1
EH8257	68	Ct	run3	2
EH8258	68	Ct	run3	3
EH8262	69	Ct	run3	1
EH8263	69	Ct	run3	2
EH8264	69	Ct	run3	3
EH8268	70	Ct	run3	1
EH8269	70	Ct	run3	2
EH8270	70	Ct	run3	3
EH7163	1	AspN	run3	1
EH7164	1	AspN	run3	2
EH7165	1	AspN	run3	3
EH7167	2	AspN	run3	1
EH7168	2	AspN	run3	2
EH7169	2	AspN	run3	3
EH7171	3	AspN	run3	1
EH7172	3	AspN	run3	2
EH7173	3	AspN	run3	3
EH7175	4	AspN	run3	1
EH7176	4	AspN	run3	2
EH7177	4	AspN	run3	3
EH7179	5	AspN	run3	1
EH7180	5	AspN	run3	2
EH7181	5	AspN	run3	3
EH7185	6	AspN	run3	1
EH7186	6	AspN	run3	2
EH7187	6	AspN	run3	3
EH7189	7	AspN	run3	1
EH7190	7	AspN	run3	2
EH7191	7	AspN	run3	3
EH7193	8	AspN	run3	1
EH7194	8	AspN	run3	2
EH7195	8	AspN	run3	3
EH7197	9	AspN	run3	1
EH7198	9	AspN	run3	2
EH7199	9	AspN	run3	3
EH7201	10	AspN	run3	1
EH7202	10	AspN	run3	2
EH7203	10	AspN	run3	3
EH7207	11	AspN	run3	1
EH7208	11	AspN	run3	2
EH7209	11	AspN	run3	3
EH7211	12	AspN	run3	1
EH7212	12	AspN	run3	2
EH7213	12	AspN	run3	3
EH7215	13	AspN	run3	1
EH7216	13	AspN	run3	2
EH7217	13	AspN	run3	3
EH7219	14	AspN	run3	1
EH7220	14	AspN	run3	2
EH7221	14	AspN	run3	3
EH7223	15	AspN	run3	1
EH7224	15	AspN	run3	2
EH7225	15	AspN	run3	3
EH7227	16	AspN	run3	1
EH7228	16	AspN	run3	2
EH7229	16	AspN	run3	3
EH7233	17	AspN	run3	1
EH7234	17	AspN	run3	2
EH7235	17	AspN	run3	3
EH7237	18	AspN	run3	1
EH7238	18	AspN	run3	2
EH7239	18	AspN	run3	3
EH7241	19	AspN	run3	1
EH7242	19	AspN	run3	2
EH7243	19	AspN	run3	3
EH7245	20	AspN	run3	1
EH7246	20	AspN	run3	2
EH7247	20	AspN	run3	3
EH7249	21	AspN	run3	1
EH7250	21	AspN	run3	2
EH7251	21	AspN	run3	3
EH7255	22	AspN	run3	1
EH7256	22	AspN	run3	2
EH7257	22	AspN	run3	3
EH7259	23	AspN	run3	1
EH7260	23	AspN	run3	2
EH7261	23	AspN	run3	3
EH7263	24	AspN	run3	1
EH7264	24	AspN	run3	2
EH7265	24	AspN	run3	3
EH7267	25	AspN	run3	1
EH7268	25	AspN	run3	2
EH7269	25	AspN	run3	3
EH7273	26	AspN	run3	1
EH7274	26	AspN	run3	2
EH7275	26	AspN	run3	3
EH7279	27	AspN	run3	1
EH7280	27	AspN	run3	2
EH7281	27	AspN	run3	3
EH7285	28	AspN	run3	1
EH7286	28	AspN	run3	2
EH7287	28	AspN	run3	3
EH7291	29	AspN	run3	1
EH7292	29	AspN	run3	2
EH7293	29	AspN	run3	3
EH7297	30	AspN	run3	1
EH7298	30	AspN	run3	2
EH7299	30	AspN	run3	3
EH7303	31	AspN	run3	1
EH7304	31	AspN	run3	2
EH7305	31	AspN	run3	3
EH7309	32	AspN	run3	1
EH7310	32	AspN	run3	2
EH7311	32	AspN	run3	3
EH7315	33	AspN	run3	1
EH7316	33	AspN	run3	2
EH7317	33	AspN	run3	3
EH7321	34	AspN	run3	1
EH7322	34	AspN	run3	2
EH7323	34	AspN	run3	3
EH7327	35	AspN	run3	1
EH7328	35	AspN	run3	2
EH7329	35	AspN	run3	3
EH7333	36	AspN	run3	1
EH7334	36	AspN	run3	2
EH7335	36	AspN	run3	3
EH7336	37	AspN	run3	1
EH7337	37	AspN	run3	2
EH7338	37	AspN	run3	3
EH7339	38	AspN	run3	1
EH7340	38	AspN	run3	2
EH7341	38	AspN	run3	3
EH7342	39	AspN	run3	1
EH7343	39	AspN	run3	2
EH7344	39	AspN	run3	3
EH7348	40	AspN	run3	1
EH7349	40	AspN	run3	2
EH7350	40	AspN	run3	3
EH7351	41	AspN	run3	1
EH7352	41	AspN	run3	2
EH7353	41	AspN	run3	3
EH7354	42	AspN	run3	1
EH7355	42	AspN	run3	2
EH7356	42	AspN	run3	3
EH7357	43	AspN	run3	1
EH7358	43	AspN	run3	2
EH7359	43	AspN	run3	3
EH7363	44	AspN	run3	1
EH7364	44	AspN	run3	2
EH7365	44	AspN	run3	3
EH7366	45	AspN	run3	1
EH7367	45	AspN	run3	2
EH7368	45	AspN	run3	3
EH7369	46	AspN	run3	1
EH7370	46	AspN	run3	2
EH7371	46	AspN	run3	3
EH7372	47	AspN	run3	1
EH7373	47	AspN	run3	2
EH7374	47	AspN	run3	3
EH7378	48	AspN	run3	1
EH7379	48	AspN	run3	2
EH7380	48	AspN	run3	3
EH7384	49	AspN	run3	1
EH7385	49	AspN	run3	2
EH7386	49	AspN	run3	3
EH7390	50	AspN	run3	1
EH7391	50	AspN	run3	2
EH7392	50	AspN	run3	3
EH7396	51	AspN	run3	1
EH7397	51	AspN	run3	2
EH7398	51	AspN	run3	3
EH7402	52	AspN	run3	1
EH7403	52	AspN	run3	2
EH7404	52	AspN	run3	3
EH7408	53	AspN	run3	1
EH7409	53	AspN	run3	2
EH7410	53	AspN	run3	3
EH7414	54	AspN	run3	1
EH7415	54	AspN	run3	2
EH7416	54	AspN	run3	3
EH7420	55	AspN	run3	1
EH7421	55	AspN	run3	2
EH7422	55	AspN	run3	3
EH7423	56	AspN	run3	1
EH7424	56	AspN	run3	2
EH7425	56	AspN	run3	3
EH7426	57	AspN	run3	1
EH7427	57	AspN	run3	2
EH7428	57	AspN	run3	3
EH7429	58	AspN	run3	1
EH7430	58	AspN	run3	2
EH7431	58	AspN	run3	3
EH7435	59	AspN	run3	1
EH7436	59	AspN	run3	2
EH7437	59	AspN	run3	3
EH7444	60	AspN	run3	1
EH7445	60	AspN	run3	2
EH7446	60	AspN	run3	3
EH7450	61	AspN	run3	1
EH7451	61	AspN	run3	2
EH7452	61	AspN	run3	3
EH7456	62	AspN	run3	1
EH7457	62	AspN	run3	2
EH7458	62	AspN	run3	3
EH7462	63	AspN	run3	1
EH7463	63	AspN	run3	2
EH7464	63	AspN	run3	3
EH7468	64	AspN	run3	1
EH7469	64	AspN	run3	2
EH7470	64	AspN	run3	3
EH7474	65	AspN	run3	1
EH7475	65	AspN	run3	2
EH7476	65	AspN	run3	3
EH7480	66	AspN	run3	1
EH7481	66	AspN	run3	2
EH7482	66	AspN	run3	3
EH7486	67	AspN	run3	1
EH7487	67	AspN	run3	2
EH7488	67	AspN	run3	3
EH7489	68	AspN	run3	1
EH7490	68	AspN	run3	2
EH7491	68	AspN	run3	3
EH7495	69	AspN	run3	1
EH7496	69	AspN	run3	2
EH7497	69	AspN	run3	3
EH7501	70	AspN	run3	1
EH7502	70	AspN	run3	2
EH7503	70	AspN	run3	3
EH7508	1	Ct+Tryp	run3	1
EH7509	1	Ct+Tryp	run3	2
EH7510	1	Ct+Tryp	run3	3
EH7512	2	Ct+Tryp	run3	1
EH7513	2	Ct+Tryp	run3	2
EH7514	2	Ct+Tryp	run3	3
EH7516	3	Ct+Tryp	run3	1
EH7517	3	Ct+Tryp	run3	2
EH7518	3	Ct+Tryp	run3	3
EH7520	4	Ct+Tryp	run3	1
EH7521	4	Ct+Tryp	run3	2
EH7522	4	Ct+Tryp	run3	3
EH7524	5	Ct+Tryp	run3	1
EH7525	5	Ct+Tryp	run3	2
EH7526	5	Ct+Tryp	run3	3
EH7530	6	Ct+Tryp	run3	1
EH7531	6	Ct+Tryp	run3	2
EH7532	6	Ct+Tryp	run3	3
EH7534	7	Ct+Tryp	run3	1
EH7535	7	Ct+Tryp	run3	2
EH7536	7	Ct+Tryp	run3	3
EH7538	8	Ct+Tryp	run3	1
EH7539	8	Ct+Tryp	run3	2
EH7540	8	Ct+Tryp	run3	3
EH7542	9	Ct+Tryp	run3	1
EH7543	9	Ct+Tryp	run3	2
EH7544	9	Ct+Tryp	run3	3
EH7546	10	Ct+Tryp	run3	1
EH7547	10	Ct+Tryp	run3	2
EH7548	10	Ct+Tryp	run3	3
EH7552	11	Ct+Tryp	run3	1
EH7553	11	Ct+Tryp	run3	2
EH7554	11	Ct+Tryp	run3	3
EH7556	12	Ct+Tryp	run3	1
EH7557	12	Ct+Tryp	run3	2
EH7558	12	Ct+Tryp	run3	3
EH7560	13	Ct+Tryp	run3	1
EH7561	13	Ct+Tryp	run3	2
EH7562	13	Ct+Tryp	run3	3
EH7564	14	Ct+Tryp	run3	1
EH7565	14	Ct+Tryp	run3	2
EH7566	14	Ct+Tryp	run3	3
EH7568	15	Ct+Tryp	run3	1
EH7569	15	Ct+Tryp	run3	2
EH7570	15	Ct+Tryp	run3	3
EH7572	16	Ct+Tryp	run3	1
EH7573	16	Ct+Tryp	run3	2
EH7574	16	Ct+Tryp	run3	3
EH7578	17	Ct+Tryp	run3	1
EH7579	17	Ct+Tryp	run3	2
EH7580	17	Ct+Tryp	run3	3
EH7582	18	Ct+Tryp	run3	1
EH7583	18	Ct+Tryp	run3	2
EH7584	18	Ct+Tryp	run3	3
EH7586	19	Ct+Tryp	run3	1
EH7587	19	Ct+Tryp	run3	2
EH7588	19	Ct+Tryp	run3	3
EH7590	20	Ct+Tryp	run3	1
EH7591	20	Ct+Tryp	run3	2
EH7592	20	Ct+Tryp	run3	3
EH7594	21	Ct+Tryp	run3	1
EH7595	21	Ct+Tryp	run3	2
EH7596	21	Ct+Tryp	run3	3
EH7600	22	Ct+Tryp	run3	1
EH7601	22	Ct+Tryp	run3	2
EH7602	22	Ct+Tryp	run3	3
EH7604	23	Ct+Tryp	run3	1
EH7605	23	Ct+Tryp	run3	2
EH7606	23	Ct+Tryp	run3	3
EH7608	24	Ct+Tryp	run3	1
EH7609	24	Ct+Tryp	run3	2
EH7610	24	Ct+Tryp	run3	3
EH7612	25	Ct+Tryp	run3	1
EH7613	25	Ct+Tryp	run3	2
EH7614	25	Ct+Tryp	run3	3
EH7618	26	Ct+Tryp	run3	1
EH7619	26	Ct+Tryp	run3	2
EH7620	26	Ct+Tryp	run3	3
EH7624	27	Ct+Tryp	run3	1
EH7625	27	Ct+Tryp	run3	2
EH7626	27	Ct+Tryp	run3	3
EH7630	28	Ct+Tryp	run3	1
EH7631	28	Ct+Tryp	run3	2
EH7632	28	Ct+Tryp	run3	3
EH7636	29	Ct+Tryp	run3	1
EH7637	29	Ct+Tryp	run3	2
EH7638	29	Ct+Tryp	run3	3
EH7642	30	Ct+Tryp	run3	1
EH7643	30	Ct+Tryp	run3	2
EH7644	30	Ct+Tryp	run3	3
EH7648	31	Ct+Tryp	run3	1
EH7649	31	Ct+Tryp	run3	2
EH7650	31	Ct+Tryp	run3	3
EH7654	32	Ct+Tryp	run3	1
EH7655	32	Ct+Tryp	run3	2
EH7656	32	Ct+Tryp	run3	3
EH7660	33	Ct+Tryp	run3	1
EH7661	33	Ct+Tryp	run3	2
EH7662	33	Ct+Tryp	run3	3
EH7666	34	Ct+Tryp	run3	1
EH7667	34	Ct+Tryp	run3	2
EH7668	34	Ct+Tryp	run3	3
EH7672	35	Ct+Tryp	run3	1
EH7673	35	Ct+Tryp	run3	2
EH7674	35	Ct+Tryp	run3	3
EH7678	36	Ct+Tryp	run3	1
EH7679	36	Ct+Tryp	run3	2
EH7680	36	Ct+Tryp	run3	3
EH7681	37	Ct+Tryp	run3	1
EH7682	37	Ct+Tryp	run3	2
EH7683	37	Ct+Tryp	run3	3
EH7684	38	Ct+Tryp	run3	1
EH7685	38	Ct+Tryp	run3	2
EH7686	38	Ct+Tryp	run3	3
EH7687	39	Ct+Tryp	run3	1
EH7688	39	Ct+Tryp	run3	2
EH7689	39	Ct+Tryp	run3	3
EH7693	40	Ct+Tryp	run3	1
EH7694	40	Ct+Tryp	run3	2
EH7695	40	Ct+Tryp	run3	3
EH7696	41	Ct+Tryp	run3	1
EH7697	41	Ct+Tryp	run3	2
EH7698	41	Ct+Tryp	run3	3
EH7699	42	Ct+Tryp	run3	1
EH7700	42	Ct+Tryp	run3	2
EH7701	42	Ct+Tryp	run3	3
EH7702	43	Ct+Tryp	run3	1
EH7703	43	Ct+Tryp	run3	2
EH7704	43	Ct+Tryp	run3	3
EH7708	44	Ct+Tryp	run3	1
EH7709	44	Ct+Tryp	run3	2
EH7710	44	Ct+Tryp	run3	3
EH7711	45	Ct+Tryp	run3	1
EH7712	45	Ct+Tryp	run3	2
EH7713	45	Ct+Tryp	run3	3
EH7714	46	Ct+Tryp	run3	1
EH7715	46	Ct+Tryp	run3	2
EH7716	46	Ct+Tryp	run3	3
EH7717	47	Ct+Tryp	run3	1
EH7718	47	Ct+Tryp	run3	2
EH7719	47	Ct+Tryp	run3	3
EH7723	48	Ct+Tryp	run3	1
EH7724	48	Ct+Tryp	run3	2
EH7725	48	Ct+Tryp	run3	3
EH7729	49	Ct+Tryp	run3	1
EH7730	49	Ct+Tryp	run3	2
EH7731	49	Ct+Tryp	run3	3
EH7735	50	Ct+Tryp	run3	1
EH7736	50	Ct+Tryp	run3	2
EH7737	50	Ct+Tryp	run3	3
EH7741	51	Ct+Tryp	run3	1
EH7742	51	Ct+Tryp	run3	2
EH7743	51	Ct+Tryp	run3	3
EH7747	52	Ct+Tryp	run3	1
EH7748	52	Ct+Tryp	run3	2
EH7749	52	Ct+Tryp	run3	3
EH7753	53	Ct+Tryp	run3	1
EH7754	53	Ct+Tryp	run3	2
EH7755	53	Ct+Tryp	run3	3
EH7759	54	Ct+Tryp	run3	1
EH7760	54	Ct+Tryp	run3	2
EH7761	54	Ct+Tryp	run3	3
EH7765	55	Ct+Tryp	run3	1
EH7766	55	Ct+Tryp	run3	2
EH7767	55	Ct+Tryp	run3	3
EH7768	56	Ct+Tryp	run3	1
EH7769	56	Ct+Tryp	run3	2
EH7770	56	Ct+Tryp	run3	3
EH7771	57	Ct+Tryp	run3	1
EH7772	57	Ct+Tryp	run3	2
EH7773	57	Ct+Tryp	run3	3
EH7774	58	Ct+Tryp	run3	1
EH7775	58	Ct+Tryp	run3	2
EH7776	58	Ct+Tryp	run3	3
EH7780	59	Ct+Tryp	run3	1
EH7781	59	Ct+Tryp	run3	2
EH7782	59	Ct+Tryp	run3	3
EH7789	60	Ct+Tryp	run3	1
EH7790	60	Ct+Tryp	run3	2
EH7791	60	Ct+Tryp	run3	3
EH7795	61	Ct+Tryp	run3	1
EH7796	61	Ct+Tryp	run3	2
EH7797	61	Ct+Tryp	run3	3
EH7801	62	Ct+Tryp	run3	1
EH7802	62	Ct+Tryp	run3	2
EH7803	62	Ct+Tryp	run3	3
EH7807	63	Ct+Tryp	run3	1
EH7808	63	Ct+Tryp	run3	2
EH7809	63	Ct+Tryp	run3	3
EH7813	64	Ct+Tryp	run3	1
EH7814	64	Ct+Tryp	run3	2
EH7815	64	Ct+Tryp	run3	3
EH7819	65	Ct+Tryp	run3	1
EH7820	65	Ct+Tryp	run3	2
EH7821	65	Ct+Tryp	run3	3
EH7825	66	Ct+Tryp	run3	1
EH7826	66	Ct+Tryp	run3	2
EH7827	66	Ct+Tryp	run3	3
EH7831	67	Ct+Tryp	run3	1
EH7832	67	Ct+Tryp	run3	2
EH7833	67	Ct+Tryp	run3	3
EH7834	68	Ct+Tryp	run3	1
EH7835	68	Ct+Tryp	run3	2
EH7836	68	Ct+Tryp	run3	3
EH7840	69	Ct+Tryp	run3	1
EH7841	69	Ct+Tryp	run3	2
EH7842	69	Ct+Tryp	run3	3
EH7846	70	Ct+Tryp	run3	1
EH7847	70	Ct+Tryp	run3	2
EH7848	70	Ct+Tryp	run3	3
EH8276	1	Tryp	run4	1
EH8277	1	Tryp	run4	2
EH8278	1	Tryp	run4	3
EH8280	2	Tryp	run4	1
EH8281	2	Tryp	run4	2
EH8282	2	Tryp	run4	3
EH8284	3	Tryp	run4	1
EH8285	3	Tryp	run4	2
EH8286	3	Tryp	run4	3
EH8288	4	Tryp	run4	1
EH8289	4	Tryp	run4	2
EH8290	4	Tryp	run4	3
EH8292	5	Tryp	run4	1
EH8293	5	Tryp	run4	2
EH8294	5	Tryp	run4	3
EH8298	6	Tryp	run4	1
EH8299	6	Tryp	run4	2
EH8300	6	Tryp	run4	3
EH8302	7	Tryp	run4	1
EH8303	7	Tryp	run4	2
EH8304	7	Tryp	run4	3
EH8306	8	Tryp	run4	1
EH8307	8	Tryp	run4	2
EH8308	8	Tryp	run4	3
EH8310	9	Tryp	run4	1
EH8311	9	Tryp	run4	2
EH8312	9	Tryp	run4	3
EH8314	10	Tryp	run4	1
EH8315	10	Tryp	run4	2
EH8316	10	Tryp	run4	3
EH8320	11	Tryp	run4	1
EH8321	11	Tryp	run4	2
EH8322	11	Tryp	run4	3
EH8324	12	Tryp	run4	1
EH8325	12	Tryp	run4	2
EH8326	12	Tryp	run4	3
EH8328	13	Tryp	run4	1
EH8329	13	Tryp	run4	2
EH8330	13	Tryp	run4	3
EH8332	14	Tryp	run4	1
EH8333	14	Tryp	run4	2
EH8334	14	Tryp	run4	3
EH8336	15	Tryp	run4	1
EH8337	15	Tryp	run4	2
EH8338	15	Tryp	run4	3
EH8340	16	Tryp	run4	1
EH8341	16	Tryp	run4	2
EH8342	16	Tryp	run4	3
EH8346	17	Tryp	run4	1
EH8347	17	Tryp	run4	2
EH8348	17	Tryp	run4	3
EH8350	18	Tryp	run4	1
EH8351	18	Tryp	run4	2
EH8352	18	Tryp	run4	3
EH8354	19	Tryp	run4	1
EH8355	19	Tryp	run4	2
EH8356	19	Tryp	run4	3
EH8358	20	Tryp	run4	1
EH8359	20	Tryp	run4	2
EH8360	20	Tryp	run4	3
EH8362	21	Tryp	run4	1
EH8363	21	Tryp	run4	2
EH8364	21	Tryp	run4	3
EH8368	22	Tryp	run4	1
EH8369	22	Tryp	run4	2
EH8370	22	Tryp	run4	3
EH8372	23	Tryp	run4	1
EH8373	23	Tryp	run4	2
EH8374	23	Tryp	run4	3
EH8376	24	Tryp	run4	1
EH8377	24	Tryp	run4	2
EH8378	24	Tryp	run4	3
EH8380	25	Tryp	run4	1
EH8381	25	Tryp	run4	2
EH8382	25	Tryp	run4	3
EH8386	26	Tryp	run4	1
EH8387	26	Tryp	run4	2
EH8388	26	Tryp	run4	3
EH8392	27	Tryp	run4	1
EH8393	27	Tryp	run4	2
EH8394	27	Tryp	run4	3
EH8398	28	Tryp	run4	1
EH8399	28	Tryp	run4	2
EH8400	28	Tryp	run4	3
EH8404	29	Tryp	run4	1
EH8405	29	Tryp	run4	2
EH8406	29	Tryp	run4	3
EH8410	30	Tryp	run4	1
EH8411	30	Tryp	run4	2
EH8412	30	Tryp	run4	3
EH8416	31	Tryp	run4	1
EH8417	31	Tryp	run4	2
EH8418	31	Tryp	run4	3
EH8422	32	Tryp	run4	1
EH8423	32	Tryp	run4	2
EH8424	32	Tryp	run4	3
EH8428	33	Tryp	run4	1
EH8429	33	Tryp	run4	2
EH8430	33	Tryp	run4	3
EH8434	34	Tryp	run4	1
EH8435	34	Tryp	run4	2
EH8436	34	Tryp	run4	3
EH8440	35	Tryp	run4	1
EH8441	35	Tryp	run4	2
EH8442	35	Tryp	run4	3
EH8446	36	Tryp	run4	1
EH8447	36	Tryp	run4	2
EH8448	36	Tryp	run4	3
EH8449	37	Tryp	run4	1
EH8450	37	Tryp	run4	2
EH8451	37	Tryp	run4	3
EH8452	38	Tryp	run4	1
EH8453	38	Tryp	run4	2
EH8454	38	Tryp	run4	3
EH8455	39	Tryp	run4	1
EH8456	39	Tryp	run4	2
EH8457	39	Tryp	run4	3
EH8461	40	Tryp	run4	1
EH8462	40	Tryp	run4	2
EH8463	40	Tryp	run4	3
EH8464	41	Tryp	run4	1
EH8465	41	Tryp	run4	2
EH8466	41	Tryp	run4	3
EH8467	42	Tryp	run4	1
EH8468	42	Tryp	run4	2
EH8469	42	Tryp	run4	3
EH8470	43	Tryp	run4	1
EH8471	43	Tryp	run4	2
EH8472	43	Tryp	run4	3
EH8476	44	Tryp	run4	1
EH8477	44	Tryp	run4	2
EH8478	44	Tryp	run4	3
EH8479	45	Tryp	run4	1
EH8480	45	Tryp	run4	2
EH8481	45	Tryp	run4	3
EH8482	46	Tryp	run4	1
EH8483	46	Tryp	run4	2
EH8484	46	Tryp	run4	3
EH8485	47	Tryp	run4	1
EH8486	47	Tryp	run4	2
EH8487	47	Tryp	run4	3
EH8491	48	Tryp	run4	1
EH8492	48	Tryp	run4	2
EH8493	48	Tryp	run4	3
EH8497	49	Tryp	run4	1
EH8498	49	Tryp	run4	2
EH8499	49	Tryp	run4	3
EH8503	50	Tryp	run4	1
EH8504	50	Tryp	run4	2
EH8505	50	Tryp	run4	3
EH8509	51	Tryp	run4	1
EH8510	51	Tryp	run4	2
EH8511	51	Tryp	run4	3
EH8515	52	Tryp	run4	1
EH8516	52	Tryp	run4	2
EH8517	52	Tryp	run4	3
EH8521	53	Tryp	run4	1
EH8522	53	Tryp	run4	2
EH8523	53	Tryp	run4	3
EH8527	54	Tryp	run4	1
EH8528	54	Tryp	run4	2
EH8529	54	Tryp	run4	3
EH8533	55	Tryp	run4	1
EH8534	55	Tryp	run4	2
EH8535	55	Tryp	run4	3
EH8536	56	Tryp	run4	1
EH8537	56	Tryp	run4	2
EH8538	56	Tryp	run4	3
EH8539	57	Tryp	run4	1
EH8540	57	Tryp	run4	2
EH8541	57	Tryp	run4	3
EH8542	58	Tryp	run4	1
EH8543	58	Tryp	run4	2
EH8544	58	Tryp	run4	3
EH8548	59	Tryp	run4	1
EH8549	59	Tryp	run4	2
EH8550	59	Tryp	run4	3
EH8554	60	Tryp	run4	1
EH8555	60	Tryp	run4	2
EH8556	60	Tryp	run4	3
EH8560	61	Tryp	run4	1
EH8561	61	Tryp	run4	2
EH8562	61	Tryp	run4	3
EH8566	62	Tryp	run4	1
EH8567	62	Tryp	run4	2
EH8568	62	Tryp	run4	3
EH8572	63	Tryp	run4	1
EH8573	63	Tryp	run4	2
EH8574	63	Tryp	run4	3
EH8578	64	Tryp	run4	1
EH8579	64	Tryp	run4	2
EH8580	64	Tryp	run4	3
EH8584	65	Tryp	run4	1
EH8585	65	Tryp	run4	2
EH8586	65	Tryp	run4	3
EH8590	66	Tryp	run4	1
EH8591	66	Tryp	run4	2
EH8592	66	Tryp	run4	3
EH8596	67	Tryp	run4	1
EH8597	67	Tryp	run4	2
EH8598	67	Tryp	run4	3
EH8599	68	Tryp	run4	1
EH8600	68	Tryp	run4	2
EH8601	68	Tryp	run4	3
EH8605	69	Tryp	run4	1
EH8606	69	Tryp	run4	2
EH8607	69	Tryp	run4	3
EH8611	70	Tryp	run4	1
EH8612	70	Tryp	run4	2
EH8613	70	Tryp	run4	3
EH8769	1	Ct	run4	1
EH8770	1	Ct	run4	2
EH8771	1	Ct	run4	3
EH8773	2	Ct	run4	1
EH8774	2	Ct	run4	2
EH8775	2	Ct	run4	3
EH8777	3	Ct	run4	1
EH8778	3	Ct	run4	2
EH8779	3	Ct	run4	3
EH8781	4	Ct	run4	1
EH8782	4	Ct	run4	2
EH8783	4	Ct	run4	3
EH8785	5	Ct	run4	1
EH8786	5	Ct	run4	2
EH8787	5	Ct	run4	3
EH8791	6	Ct	run4	1
EH8792	6	Ct	run4	2
EH8793	6	Ct	run4	3
EH8795	7	Ct	run4	1
EH8796	7	Ct	run4	2
EH8797	7	Ct	run4	3
EH8799	8	Ct	run4	1
EH8800	8	Ct	run4	2
EH8801	8	Ct	run4	3
EH8803	9	Ct	run4	1
EH8804	9	Ct	run4	2
EH8805	9	Ct	run4	3
EH8807	10	Ct	run4	1
EH8808	10	Ct	run4	2
EH8809	10	Ct	run4	3
EH8813	11	Ct	run4	1
EH8814	11	Ct	run4	2
EH8815	11	Ct	run4	3
EH8817	12	Ct	run4	1
EH8818	12	Ct	run4	2
EH8819	12	Ct	run4	3
EH8821	13	Ct	run4	1
EH8822	13	Ct	run4	2
EH8823	13	Ct	run4	3
EH8825	14	Ct	run4	1
EH8826	14	Ct	run4	2
EH8827	14	Ct	run4	3
EH8829	15	Ct	run4	1
EH8830	15	Ct	run4	2
EH8831	15	Ct	run4	3
EH8833	16	Ct	run4	1
EH8834	16	Ct	run4	2
EH8835	16	Ct	run4	3
EH8839	17	Ct	run4	1
EH8840	17	Ct	run4	2
EH8841	17	Ct	run4	3
EH8843	18	Ct	run4	1
EH8844	18	Ct	run4	2
EH8845	18	Ct	run4	3
EH8847	19	Ct	run4	1
EH8848	19	Ct	run4	2
EH8849	19	Ct	run4	3
EH8851	20	Ct	run4	1
EH8852	20	Ct	run4	2
EH8853	20	Ct	run4	3
EH8855	21	Ct	run4	1
EH8856	21	Ct	run4	2
EH8857	21	Ct	run4	3
EH8861	22	Ct	run4	1
EH8862	22	Ct	run4	2
EH8863	22	Ct	run4	3
EH8865	23	Ct	run4	1
EH8866	23	Ct	run4	2
EH8867	23	Ct	run4	3
EH8869	24	Ct	run4	1
EH8870	24	Ct	run4	2
EH8871	24	Ct	run4	3
EH8873	25	Ct	run4	1
EH8874	25	Ct	run4	2
EH8875	25	Ct	run4	3
EH8879	26	Ct	run4	1
EH8880	26	Ct	run4	2
EH8881	26	Ct	run4	3
EH8885	27	Ct	run4	1
EH8886	27	Ct	run4	2
EH8887	27	Ct	run4	3
EH8891	28	Ct	run4	1
EH8892	28	Ct	run4	2
EH8893	28	Ct	run4	3
EH8897	29	Ct	run4	1
EH8898	29	Ct	run4	2
EH8899	29	Ct	run4	3
EH8903	30	Ct	run4	1
EH8904	30	Ct	run4	2
EH8905	30	Ct	run4	3
EH8909	31	Ct	run4	1
EH8910	31	Ct	run4	2
EH8911	31	Ct	run4	3
EH8915	32	Ct	run4	1
EH8916	32	Ct	run4	2
EH8917	32	Ct	run4	3
EH8921	33	Ct	run4	1
EH8922	33	Ct	run4	2
EH8923	33	Ct	run4	3
EH8927	34	Ct	run4	1
EH8928	34	Ct	run4	2
EH8929	34	Ct	run4	3
EH8933	35	Ct	run4	1
EH8934	35	Ct	run4	2
EH8935	35	Ct	run4	3
EH8939	36	Ct	run4	1
EH8940	36	Ct	run4	2
EH8941	36	Ct	run4	3
EH8942	37	Ct	run4	1
EH8943	37	Ct	run4	2
EH8944	37	Ct	run4	3
EH8945	38	Ct	run4	1
EH8946	38	Ct	run4	2
EH8947	38	Ct	run4	3
EH8948	39	Ct	run4	1
EH8949	39	Ct	run4	2
EH8950	39	Ct	run4	3
EH8954	40	Ct	run4	1
EH8955	40	Ct	run4	2
EH8956	40	Ct	run4	3
EH8957	41	Ct	run4	1
EH8958	41	Ct	run4	2
EH8959	41	Ct	run4	3
EH8960	42	Ct	run4	1
EH8961	42	Ct	run4	2
EH8962	42	Ct	run4	3
EH8963	43	Ct	run4	1
EH8964	43	Ct	run4	2
EH8965	43	Ct	run4	3
EH8969	44	Ct	run4	1
EH8970	44	Ct	run4	2
EH8971	44	Ct	run4	3
EH8972	45	Ct	run4	1
EH8973	45	Ct	run4	2
EH8974	45	Ct	run4	3
EH8975	46	Ct	run4	1
EH8976	46	Ct	run4	2
EH8977	46	Ct	run4	3
EH8978	47	Ct	run4	1
EH8979	47	Ct	run4	2
EH8980	47	Ct	run4	3
EH8984	48	Ct	run4	1
EH8985	48	Ct	run4	2
EH8986	48	Ct	run4	3
EH8990	49	Ct	run4	1
EH8991	49	Ct	run4	2
EH8992	49	Ct	run4	3
EH8996	50	Ct	run4	1
EH8997	50	Ct	run4	2
EH8998	50	Ct	run4	3
EH9002	51	Ct	run4	1
EH9003	51	Ct	run4	2
EH9004	51	Ct	run4	3
EH9008	52	Ct	run4	1
EH9009	52	Ct	run4	2
EH9010	52	Ct	run4	3
EH9014	53	Ct	run4	1
EH9015	53	Ct	run4	2
EH9016	53	Ct	run4	3
EH9020	54	Ct	run4	1
EH9021	54	Ct	run4	2
EH9022	54	Ct	run4	3
EH9026	55	Ct	run4	1
EH9027	55	Ct	run4	2
EH9028	55	Ct	run4	3
EH9029	56	Ct	run4	1
EH9030	56	Ct	run4	2
EH9031	56	Ct	run4	3
EH9032	57	Ct	run4	1
EH9033	57	Ct	run4	2
EH9034	57	Ct	run4	3
EH9035	58	Ct	run4	1
EH9036	58	Ct	run4	2
EH9037	58	Ct	run4	3
EH9041	59	Ct	run4	1
EH9042	59	Ct	run4	2
EH9043	59	Ct	run4	3
EH9047	60	Ct	run4	1
EH9048	60	Ct	run4	2
EH9049	60	Ct	run4	3
EH9053	61	Ct	run4	1
EH9054	61	Ct	run4	2
EH9055	61	Ct	run4	3
EH9059	62	Ct	run4	1
EH9060	62	Ct	run4	2
EH9061	62	Ct	run4	3
EH9065	63	Ct	run4	1
EH9066	63	Ct	run4	2
EH9067	63	Ct	run4	3
EH9071	64	Ct	run4	1
EH9072	64	Ct	run4	2
EH9073	64	Ct	run4	3
EH9077	65	Ct	run4	1
EH9078	65	Ct	run4	2
EH9079	65	Ct	run4	3
EH9083	66	Ct	run4	1
EH9084	66	Ct	run4	2
EH9085	66	Ct	run4	3
EH9089	67	Ct	run4	1
EH9090	67	Ct	run4	2
EH9091	67	Ct	run4	3
EH9092	68	Ct	run4	1
EH9093	68	Ct	run4	2
EH9094	68	Ct	run4	3
EH9098	69	Ct	run4	1
EH9099	69	Ct	run4	2
EH9100	69	Ct	run4	3
EH9104	70	Ct	run4	1
EH9105	70	Ct	run4	2
EH9106	70	Ct	run4	3
EH9113	1	AspN	run4	1
EH9114	1	AspN	run4	2
EH9115	1	AspN	run4	3
EH9117	2	AspN	run4	1
EH9118	2	AspN	run4	2
EH9119	2	AspN	run4	3
EH9121	3	AspN	run4	1
EH9122	3	AspN	run4	2
EH9123	3	AspN	run4	3
EH9125	4	AspN	run4	1
EH9126	4	AspN	run4	2
EH9127	4	AspN	run4	3
EH9129	5	AspN	run4	1
EH9130	5	AspN	run4	2
EH9131	5	AspN	run4	3
EH9135	6	AspN	run4	1
EH9136	6	AspN	run4	2
EH9137	6	AspN	run4	3
EH9139	7	AspN	run4	1
EH9140	7	AspN	run4	2
EH9141	7	AspN	run4	3
EH9143	8	AspN	run4	1
EH9144	8	AspN	run4	2
EH9145	8	AspN	run4	3
EH9147	9	AspN	run4	1
EH9148	9	AspN	run4	2
EH9149	9	AspN	run4	3
EH9151	10	AspN	run4	1
EH9152	10	AspN	run4	2
EH9153	10	AspN	run4	3
EH9157	11	AspN	run4	1
EH9158	11	AspN	run4	2
EH9159	11	AspN	run4	3
EH9161	12	AspN	run4	1
EH9162	12	AspN	run4	2
EH9163	12	AspN	run4	3
EH9165	13	AspN	run4	1
EH9166	13	AspN	run4	2
EH9167	13	AspN	run4	3
EH9169	14	AspN	run4	1
EH9170	14	AspN	run4	2
EH9171	14	AspN	run4	3
EH9173	15	AspN	run4	1
EH9174	15	AspN	run4	2
EH9175	15	AspN	run4	3
EH9177	16	AspN	run4	1
EH9178	16	AspN	run4	2
EH9179	16	AspN	run4	3
EH9183	17	AspN	run4	1
EH9184	17	AspN	run4	2
EH9185	17	AspN	run4	3
EH9187	18	AspN	run4	1
EH9188	18	AspN	run4	2
EH9189	18	AspN	run4	3
EH9191	19	AspN	run4	1
EH9192	19	AspN	run4	2
EH9193	19	AspN	run4	3
EH9195	20	AspN	run4	1
EH9196	20	AspN	run4	2
EH9197	20	AspN	run4	3
EH9199	21	AspN	run4	1
EH9200	21	AspN	run4	2
EH9201	21	AspN	run4	3
EH9205	22	AspN	run4	1
EH9206	22	AspN	run4	2
EH9207	22	AspN	run4	3
EH9209	23	AspN	run4	1
EH9210	23	AspN	run4	2
EH9211	23	AspN	run4	3
EH9213	24	AspN	run4	1
EH9214	24	AspN	run4	2
EH9215	24	AspN	run4	3
EH9217	25	AspN	run4	1
EH9218	25	AspN	run4	2
EH9219	25	AspN	run4	3
EH9223	26	AspN	run4	1
EH9224	26	AspN	run4	2
EH9225	26	AspN	run4	3
EH9229	27	AspN	run4	1
EH9230	27	AspN	run4	2
EH9231	27	AspN	run4	3
EH9235	28	AspN	run4	1
EH9236	28	AspN	run4	2
EH9237	28	AspN	run4	3
EH9241	29	AspN	run4	1
EH9242	29	AspN	run4	2
EH9243	29	AspN	run4	3
EH9247	30	AspN	run4	1
EH9248	30	AspN	run4	2
EH9249	30	AspN	run4	3
EH9253	31	AspN	run4	1
EH9254	31	AspN	run4	2
EH9255	31	AspN	run4	3
EH9259	32	AspN	run4	1
EH9260	32	AspN	run4	2
EH9261	32	AspN	run4	3
EH9265	33	AspN	run4	1
EH9266	33	AspN	run4	2
EH9267	33	AspN	run4	3
EH9271	34	AspN	run4	1
EH9272	34	AspN	run4	2
EH9273	34	AspN	run4	3
EH9277	35	AspN	run4	1
EH9278	35	AspN	run4	2
EH9279	35	AspN	run4	3
EH9283	36	AspN	run4	1
EH9284	36	AspN	run4	2
EH9285	36	AspN	run4	3
EH9286	37	AspN	run4	1
EH9287	37	AspN	run4	2
EH9288	37	AspN	run4	3
EH9289	38	AspN	run4	1
EH9290	38	AspN	run4	2
EH9291	38	AspN	run4	3
EH9292	39	AspN	run4	1
EH9293	39	AspN	run4	2
EH9294	39	AspN	run4	3
EH9298	40	AspN	run4	1
EH9299	40	AspN	run4	2
EH9300	40	AspN	run4	3
EH9301	41	AspN	run4	1
EH9302	41	AspN	run4	2
EH9303	41	AspN	run4	3
EH9304	42	AspN	run4	1
EH9305	42	AspN	run4	2
EH9306	42	AspN	run4	3
EH9307	43	AspN	run4	1
EH9308	43	AspN	run4	2
EH9309	43	AspN	run4	3
EH9313	44	AspN	run4	1
EH9314	44	AspN	run4	2
EH9315	44	AspN	run4	3
EH9316	45	AspN	run4	1
EH9317	45	AspN	run4	2
EH9318	45	AspN	run4	3
EH9319	46	AspN	run4	1
EH9320	46	AspN	run4	2
EH9321	46	AspN	run4	3
EH9322	47	AspN	run4	1
EH9323	47	AspN	run4	2
EH9324	47	AspN	run4	3
EH9328	48	AspN	run4	1
EH9329	48	AspN	run4	2
EH9330	48	AspN	run4	3
EH9334	49	AspN	run4	1
EH9335	49	AspN	run4	2
EH9336	49	AspN	run4	3
EH9340	50	AspN	run4	1
EH9341	50	AspN	run4	2
EH9342	50	AspN	run4	3
EH9346	51	AspN	run4	1
EH9347	51	AspN	run4	2
EH9348	51	AspN	run4	3
EH9352	52	AspN	run4	1
EH9353	52	AspN	run4	2
EH9354	52	AspN	run4	3
EH9358	53	AspN	run4	1
EH9359	53	AspN	run4	2
EH9360	53	AspN	run4	3
EH9364	54	AspN	run4	1
EH9365	54	AspN	run4	2
EH9366	54	AspN	run4	3
EH9370	55	AspN	run4	1
EH9371	55	AspN	run4	2
EH9372	55	AspN	run4	3
EH9373	56	AspN	run4	1
EH9374	56	AspN	run4	2
EH9375	56	AspN	run4	3
EH9376	57	AspN	run4	1
EH9377	57	AspN	run4	2
EH9378	57	AspN	run4	3
EH9379	58	AspN	run4	1
EH9380	58	AspN	run4	2
EH9381	58	AspN	run4	3
EH9385	59	AspN	run4	1
EH9386	59	AspN	run4	2
EH9387	59	AspN	run4	3
EH9394	60	AspN	run4	1
EH9395	60	AspN	run4	2
EH9396	60	AspN	run4	3
EH9400	61	AspN	run4	1
EH9401	61	AspN	run4	2
EH9402	61	AspN	run4	3
EH9406	62	AspN	run4	1
EH9407	62	AspN	run4	2
EH9408	62	AspN	run4	3
EH9412	63	AspN	run4	1
EH9413	63	AspN	run4	2
EH9414	63	AspN	run4	3
EH9418	64	AspN	run4	1
EH9419	64	AspN	run4	2
EH9420	64	AspN	run4	3
EH9424	65	AspN	run4	1
EH9425	65	AspN	run4	2
EH9426	65	AspN	run4	3
EH9430	66	AspN	run4	1
EH9431	66	AspN	run4	2
EH9432	66	AspN	run4	3
EH9436	67	AspN	run4	1
EH9437	67	AspN	run4	2
EH9438	67	AspN	run4	3
EH9439	68	AspN	run4	1
EH9440	68	AspN	run4	2
EH9441	68	AspN	run4	3
EH9445	69	AspN	run4	1
EH9446	69	AspN	run4	2
EH9447	69	AspN	run4	3
EH9451	70	AspN	run4	1
EH9452	70	AspN	run4	2
EH9453	70	AspN	run4	3
EH9491	1	Ct+Tryp	run4	1
EH9492	1	Ct+Tryp	run4	2
EH9493	1	Ct+Tryp	run4	3
EH9495	2	Ct+Tryp	run4	1
EH9496	2	Ct+Tryp	run4	2
EH9497	2	Ct+Tryp	run4	3
EH9499	3	Ct+Tryp	run4	1
EH9500	3	Ct+Tryp	run4	2
EH9501	3	Ct+Tryp	run4	3
EH9503	4	Ct+Tryp	run4	1
EH9504	4	Ct+Tryp	run4	2
EH9505	4	Ct+Tryp	run4	3
EH9507	5	Ct+Tryp	run4	1
EH9508	5	Ct+Tryp	run4	2
EH9509	5	Ct+Tryp	run4	3
EH9513	6	Ct+Tryp	run4	1
EH9514	6	Ct+Tryp	run4	2
EH9515	6	Ct+Tryp	run4	3
EH9517	7	Ct+Tryp	run4	1
EH9518	7	Ct+Tryp	run4	2
EH9519	7	Ct+Tryp	run4	3
EH9521	8	Ct+Tryp	run4	1
EH9522	8	Ct+Tryp	run4	2
EH9523	8	Ct+Tryp	run4	3
EH9525	9	Ct+Tryp	run4	1
EH9526	9	Ct+Tryp	run4	2
EH9527	9	Ct+Tryp	run4	3
EH9529	10	Ct+Tryp	run4	1
EH9530	10	Ct+Tryp	run4	2
EH9531	10	Ct+Tryp	run4	3
EH9535	11	Ct+Tryp	run4	1
EH9536	11	Ct+Tryp	run4	2
EH9537	11	Ct+Tryp	run4	3
EH9539	12	Ct+Tryp	run4	1
EH9540	12	Ct+Tryp	run4	2
EH9541	12	Ct+Tryp	run4	3
EH9543	13	Ct+Tryp	run4	1
EH9544	13	Ct+Tryp	run4	2
EH9545	13	Ct+Tryp	run4	3
EH9547	14	Ct+Tryp	run4	1
EH9548	14	Ct+Tryp	run4	2
EH9549	14	Ct+Tryp	run4	3
EH9551	15	Ct+Tryp	run4	1
EH9552	15	Ct+Tryp	run4	2
EH9553	15	Ct+Tryp	run4	3
EH9555	16	Ct+Tryp	run4	1
EH9556	16	Ct+Tryp	run4	2
EH9557	16	Ct+Tryp	run4	3
EH9561	17	Ct+Tryp	run4	1
EH9562	17	Ct+Tryp	run4	2
EH9563	17	Ct+Tryp	run4	3
EH9565	18	Ct+Tryp	run4	1
EH9566	18	Ct+Tryp	run4	2
EH9567	18	Ct+Tryp	run4	3
EH9569	19	Ct+Tryp	run4	1
EH9570	19	Ct+Tryp	run4	2
EH9571	19	Ct+Tryp	run4	3
EH9573	20	Ct+Tryp	run4	1
EH9574	20	Ct+Tryp	run4	2
EH9575	20	Ct+Tryp	run4	3
EH9577	21	Ct+Tryp	run4	1
EH9578	21	Ct+Tryp	run4	2
EH9579	21	Ct+Tryp	run4	3
EH9583	22	Ct+Tryp	run4	1
EH9584	22	Ct+Tryp	run4	2
EH9585	22	Ct+Tryp	run4	3
EH9587	23	Ct+Tryp	run4	1
EH9588	23	Ct+Tryp	run4	2
EH9589	23	Ct+Tryp	run4	3
EH9591	24	Ct+Tryp	run4	1
EH9592	24	Ct+Tryp	run4	2
EH9593	24	Ct+Tryp	run4	3
EH9595	25	Ct+Tryp	run4	1
EH9596	25	Ct+Tryp	run4	2
EH9597	25	Ct+Tryp	run4	3
EH9601	26	Ct+Tryp	run4	1
EH9602	26	Ct+Tryp	run4	2
EH9603	26	Ct+Tryp	run4	3
EH9607	27	Ct+Tryp	run4	1
EH9608	27	Ct+Tryp	run4	2
EH9609	27	Ct+Tryp	run4	3
EH9613	28	Ct+Tryp	run4	1
EH9614	28	Ct+Tryp	run4	2
EH9615	28	Ct+Tryp	run4	3
EH9619	29	Ct+Tryp	run4	1
EH9620	29	Ct+Tryp	run4	2
EH9621	29	Ct+Tryp	run4	3
EH9625	30	Ct+Tryp	run4	1
EH9626	30	Ct+Tryp	run4	2
EH9627	30	Ct+Tryp	run4	3
EH9631	31	Ct+Tryp	run4	1
EH9632	31	Ct+Tryp	run4	2
EH9633	31	Ct+Tryp	run4	3
EH9637	32	Ct+Tryp	run4	1
EH9638	32	Ct+Tryp	run4	2
EH9639	32	Ct+Tryp	run4	3
EH9643	33	Ct+Tryp	run4	1
EH9644	33	Ct+Tryp	run4	2
EH9645	33	Ct+Tryp	run4	3
EH9649	34	Ct+Tryp	run4	1
EH9650	34	Ct+Tryp	run4	2
EH9651	34	Ct+Tryp	run4	3
EH9655	35	Ct+Tryp	run4	1
EH9656	35	Ct+Tryp	run4	2
EH9657	35	Ct+Tryp	run4	3
EH9661	36	Ct+Tryp	run4	1
EH9662	36	Ct+Tryp	run4	2
EH9663	36	Ct+Tryp	run4	3
EH9664	37	Ct+Tryp	run4	1
EH9665	37	Ct+Tryp	run4	2
EH9666	37	Ct+Tryp	run4	3
EH9667	38	Ct+Tryp	run4	1
EH9668	38	Ct+Tryp	run4	2
EH9669	38	Ct+Tryp	run4	3
EH9670	39	Ct+Tryp	run4	1
EH9671	39	Ct+Tryp	run4	2
EH9672	39	Ct+Tryp	run4	3
EH9676	40	Ct+Tryp	run4	1
EH9677	40	Ct+Tryp	run4	2
EH9678	40	Ct+Tryp	run4	3
EH9679	41	Ct+Tryp	run4	1
EH9680	41	Ct+Tryp	run4	2
EH9681	41	Ct+Tryp	run4	3
EH9682	42	Ct+Tryp	run4	1
EH9683	42	Ct+Tryp	run4	2
EH9684	42	Ct+Tryp	run4	3
EH9685	43	Ct+Tryp	run4	1
EH9686	43	Ct+Tryp	run4	2
EH9687	43	Ct+Tryp	run4	3
EH9691	44	Ct+Tryp	run4	1
EH9692	44	Ct+Tryp	run4	2
EH9693	44	Ct+Tryp	run4	3
EH9694	45	Ct+Tryp	run4	1
EH9695	45	Ct+Tryp	run4	2
EH9696	45	Ct+Tryp	run4	3
EH9697	46	Ct+Tryp	run4	1
EH9698	46	Ct+Tryp	run4	2
EH9699	46	Ct+Tryp	run4	3
EH9700	47	Ct+Tryp	run4	1
EH9701	47	Ct+Tryp	run4	2
EH9702	47	Ct+Tryp	run4	3
EH9706	48	Ct+Tryp	run4	1
EH9707	48	Ct+Tryp	run4	2
EH9708	48	Ct+Tryp	run4	3
EH9712	49	Ct+Tryp	run4	1
EH9713	49	Ct+Tryp	run4	2
EH9714	49	Ct+Tryp	run4	3
EH9718	50	Ct+Tryp	run4	1
EH9719	50	Ct+Tryp	run4	2
EH9720	50	Ct+Tryp	run4	3
EH9724	51	Ct+Tryp	run4	1
EH9725	51	Ct+Tryp	run4	2
EH9726	51	Ct+Tryp	run4	3
EH9730	52	Ct+Tryp	run4	1
EH9731	52	Ct+Tryp	run4	2
EH9732	52	Ct+Tryp	run4	3
EH9736	53	Ct+Tryp	run4	1
EH9737	53	Ct+Tryp	run4	2
EH9738	53	Ct+Tryp	run4	3
EH9742	54	Ct+Tryp	run4	1
EH9743	54	Ct+Tryp	run4	2
EH9744	54	Ct+Tryp	run4	3
EH9748	55	Ct+Tryp	run4	1
EH9749	55	Ct+Tryp	run4	2
EH9750	55	Ct+Tryp	run4	3
EH9751	56	Ct+Tryp	run4	1
EH9752	56	Ct+Tryp	run4	2
EH9753	56	Ct+Tryp	run4	3
EH9754	57	Ct+Tryp	run4	1
EH9755	57	Ct+Tryp	run4	2
EH9756	57	Ct+Tryp	run4	3
EH9757	58	Ct+Tryp	run4	1
EH9758	58	Ct+Tryp	run4	2
EH9759	58	Ct+Tryp	run4	3
EH9763	59	Ct+Tryp	run4	1
EH9764	59	Ct+Tryp	run4	2
EH9765	59	Ct+Tryp	run4	3
EH9772	60	Ct+Tryp	run4	1
EH9773	60	Ct+Tryp	run4	2
EH9774	60	Ct+Tryp	run4	3
EH9778	61	Ct+Tryp	run4	1
EH9779	61	Ct+Tryp	run4	2
EH9780	61	Ct+Tryp	run4	3
EH9784	62	Ct+Tryp	run4	1
EH9785	62	Ct+Tryp	run4	2
EH9786	62	Ct+Tryp	run4	3
EH9790	63	Ct+Tryp	run4	1
EH9791	63	Ct+Tryp	run4	2
EH9792	63	Ct+Tryp	run4	3
EH9796	64	Ct+Tryp	run4	1
EH9797	64	Ct+Tryp	run4	2
EH9798	64	Ct+Tryp	run4	3
EH9802	65	Ct+Tryp	run4	1
EH9803	65	Ct+Tryp	run4	2
EH9804	65	Ct+Tryp	run4	3
EH9808	66	Ct+Tryp	run4	1
EH9809	66	Ct+Tryp	run4	2
EH9810	66	Ct+Tryp	run4	3
EH9814	67	Ct+Tryp	run4	1
EH9815	67	Ct+Tryp	run4	2
EH9816	67	Ct+Tryp	run4	3
EH9817	68	Ct+Tryp	run4	1
EH9818	68	Ct+Tryp	run4	2
EH9819	68	Ct+Tryp	run4	3
EH9823	69	Ct+Tryp	run4	1
EH9824	69	Ct+Tryp	run4	2
EH9825	69	Ct+Tryp	run4	3
EH9829	70	Ct+Tryp	run4	1
EH9830	70	Ct+Tryp	run4	2
EH9831	70	Ct+Tryp	run4	3
