Protein	Protein ID	Entry Name	Gene	Protein Length	Organism	Protein Existence	Description	Protein Probability	Top Peptide Probability	Combined Total Peptides	Combined Spectral Count	Combined Unique Spectral Count	Combined Total Spectral Count	EH673 Spectral Count	EH674 Spectral Count	EH677 Spectral Count	EH673 Unique Spectral Count	EH674 Unique Spectral Count	EH677 Unique Spectral Count	EH673 Total Spectral Count	EH674 Total Spectral Count	EH677 Total Spectral Count	EH673 Intensity	EH674 Intensity	EH677 Intensity	EH673 MaxLFQ Intensity	EH674 MaxLFQ Intensity	EH677 MaxLFQ Intensity	Indistinguishable Proteins
AB019437|IGHV3-64*02|Homo	AB019437|IGHV3-64*02|Homo sapiens|F|V-REGION|175507..175802|296 nt|1| | | |98 AA|98+0=98| | |	AB019437|IGHV3-64*02|Homo sapiens|F|V-REGION|175507..175802|296 nt|1| | | |98 AA|98+0=98| | |		98			sapiens|F|V-REGION|175507..175802|296	0.976	0.999	6	5	0	13	2	0	3	0	0	0	6	0	7	2.94673408E8	0.0	3.3808288E8	2.53680528E8	0.0	2.61646752E8	
AB019438|IGHV3-48*02|Homo	AB019438|IGHV3-48*02|Homo sapiens|F|V-REGION|95434..95729|296 nt|1| | | |98 AA|98+0=98| | |	AB019438|IGHV3-48*02|Homo sapiens|F|V-REGION|95434..95729|296 nt|1| | | |98 AA|98+0=98| | |		98			sapiens|F|V-REGION|95434..95729|296	0.0	0.999	10	4	0	26	2	0	2	0	0	0	13	0	13	1.63969504E8	0.0	1.56646592E8	1.20040584E8	0.0	1.1620864E8	igor_igh_1069, igor_igh_1212, igor_igh_1414, igor_igh_1864, igor_igh_1977, igor_igh_2155, igor_igh_2381, igor_igh_2400, igor_igh_2407, igor_igh_2452, igor_igh_2550, igor_igh_2664, igor_igh_2696, igor_igh_2721, igor_igh_2730, igor_igh_2822, igor_igh_2830, igor_igh_2891, igor_igh_2905, igor_igh_3080, igor_igh_311, igor_igh_3223, igor_igh_3303, igor_igh_3410, igor_igh_3440, igor_igh_3590, igor_igh_3591, igor_igh_3714, igor_igh_3969, igor_igh_3992, igor_igh_4085, igor_igh_4224, igor_igh_4638, igor_igh_4745, igor_igh_4895, igor_igh_4939, igor_igh_5096, igor_igh_5097, igor_igh_5238, igor_igh_5312, igor_igh_5367, igor_igh_5406, igor_igh_5617, igor_igh_5839, igor_igh_5843, igor_igh_6055, igor_igh_633, igor_igh_6343, igor_igh_6362, igor_igh_6446, igor_igh_6508, igor_igh_6603, igor_igh_677, igor_igh_6859, igor_igh_7022, igor_igh_7036, igor_igh_7118, igor_igh_7180, igor_igh_7287, igor_igh_7399, igor_igh_7516, igor_igh_7522, igor_igh_7555, igor_igh_7746, igor_igh_791, igor_igh_795, igor_igh_7951, igor_igh_8167, igor_igh_8335, igor_igh_8472, igor_igh_8480, igor_igh_852, igor_igh_8589, igor_igh_8736, igor_igh_887, igor_igh_8870, igor_igh_9328, igor_igh_9863
AC279208|IGLV3-21*04|Homo	AC279208|IGLV3-21*04|Homo sapiens|F|V-REGION|17696..17985|290 nt|1| | | |96 AA|96+0=96| | |	AC279208|IGLV3-21*04|Homo sapiens|F|V-REGION|17696..17985|290 nt|1| | | |96 AA|96+0=96| | |		96			sapiens|F|V-REGION|17696..17985|290	0.9999	0.999	3	1	0	2	1	0	0	0	0	0	2	0	0	1.02529912E8	0.0	1.25546528E8	0.0	0.0	0.0	X71966|IGLV3-21*01|Homo
AC279213|IGLV3-25*03|Homo	AC279213|IGLV3-25*03|Homo sapiens|F|V-REGION|16344..16633|290 nt|1| | | |96 AA|96+0=96| | |	AC279213|IGLV3-25*03|Homo sapiens|F|V-REGION|16344..16633|290 nt|1| | | |96 AA|96+0=96| | |		96			sapiens|F|V-REGION|16344..16633|290	0.9999	0.999	3	5	0	5	2	0	3	0	0	0	2	0	3	9.3593456E7	0.0	9.4546696E7	5.470488E7	0.0	4.4782236E7	D86994|IGLV3-25*02|Homo, X97474|IGLV3-25*01|Homo, sp|P01717|LV325_HUMAN
AM940220|IGHV3-49*04|Homo	AM940220|IGHV3-49*04|Homo sapiens|F|V-REGION|1..302|302 nt|1| | | |100 AA|100+0=100| | |	AM940220|IGHV3-49*04|Homo sapiens|F|V-REGION|1..302|302 nt|1| | | |100 AA|100+0=100| | |		100			sapiens|F|V-REGION|1..302|302	0.9999	0.999	6	9	0	13	3	0	6	0	0	0	5	0	8	2.02550618E9	0.0	1.99436659E9	1.18528358E9	0.0	9.5427091E8	
D87016|IGLV1-47*02|Homo	D87016|IGLV1-47*02|Homo sapiens|F|V-REGION|27990..28285|296 nt|1| | | |98 AA|98+0=98| | |	D87016|IGLV1-47*02|Homo sapiens|F|V-REGION|27990..28285|296 nt|1| | | |98 AA|98+0=98| | |		98			sapiens|F|V-REGION|27990..28285|296	1.0	0.999	6	9	0	11	4	0	5	0	0	0	5	0	6	3.56168928E8	0.0	3.31898752E8	1.56666128E8	0.0	1.46103536E8	sp|P01700|LV147_HUMAN
D87023|IGLJ3*02|Homo	D87023|IGLJ3*02|Homo sapiens|F|J-REGION|30587..30624|38 nt|2| | | |12 AA|12+0=12| | |	D87023|IGLJ3*02|Homo sapiens|F|J-REGION|30587..30624|38 nt|2| | | |12 AA|12+0=12| | |		12			sapiens|F|J-REGION|30587..30624|38	0.0	0.999	2	5	0	5	2	0	3	0	0	0	2	0	3	2.14772976E8	0.0	1.79591408E8	1.65596768E8	0.0	1.33883248E8	immunesim_igl_1205, immunesim_igl_1326, immunesim_igl_1349, immunesim_igl_1430, immunesim_igl_1490, immunesim_igl_1658, immunesim_igl_167, immunesim_igl_1678, immunesim_igl_1811, immunesim_igl_185, immunesim_igl_1907, immunesim_igl_1969, immunesim_igl_1972, immunesim_igl_2043, immunesim_igl_2055, immunesim_igl_2100, immunesim_igl_2193, immunesim_igl_2243, immunesim_igl_2307, immunesim_igl_2366, immunesim_igl_2386, immunesim_igl_2409, immunesim_igl_2410, immunesim_igl_2414, immunesim_igl_2505, immunesim_igl_2547, immunesim_igl_2560, immunesim_igl_259, immunesim_igl_2616, immunesim_igl_2690, immunesim_igl_2699, immunesim_igl_2712, immunesim_igl_2736, immunesim_igl_2791, immunesim_igl_2949, immunesim_igl_3031, immunesim_igl_3058, immunesim_igl_3089, immunesim_igl_3314, immunesim_igl_3315, immunesim_igl_3353, immunesim_igl_336, immunesim_igl_3400, immunesim_igl_3496, immunesim_igl_3570, immunesim_igl_3709, immunesim_igl_3959, immunesim_igl_4006, immunesim_igl_4095, immunesim_igl_4176, immunesim_igl_4205, immunesim_igl_4338, immunesim_igl_4409, immunesim_igl_4460, immunesim_igl_4557, immunesim_igl_468, immunesim_igl_4681, immunesim_igl_479, immunesim_igl_4821, immunesim_igl_4853, immunesim_igl_487, immunesim_igl_4918, immunesim_igl_5698, immunesim_igl_5756, immunesim_igl_5822, immunesim_igl_590, immunesim_igl_6, immunesim_igl_6036, immunesim_igl_608, immunesim_igl_6186, immunesim_igl_6279, immunesim_igl_6416, immunesim_igl_653, immunesim_igl_6596, immunesim_igl_6803, immunesim_igl_7052, immunesim_igl_7070, immunesim_igl_7143, immunesim_igl_719, immunesim_igl_7236, immunesim_igl_7302, immunesim_igl_7327, immunesim_igl_7330, immunesim_igl_7440, immunesim_igl_7627, immunesim_igl_7691, immunesim_igl_7778, immunesim_igl_806, immunesim_igl_8202, immunesim_igl_8243, immunesim_igl_8368, immunesim_igl_840, immunesim_igl_8430, immunesim_igl_8534, immunesim_igl_8546, immunesim_igl_8791, immunesim_igl_8821, immunesim_igl_8830, immunesim_igl_8887, immunesim_igl_903, immunesim_igl_9243, immunesim_igl_9316, immunesim_igl_9829, immunesim_igl_9852, immunesim_igl_986, immunesim_igl_9968, tr|A0A0A0MT99|A0A0A0MT99_HUMAN
HM855336|IGHV3-48*04|Homo	HM855336|IGHV3-48*04|Homo sapiens|F|V-REGION|22..317|296 nt|1| | | |98 AA|98+0=98| |rev-compl|	HM855336|IGHV3-48*04|Homo sapiens|F|V-REGION|22..317|296 nt|1| | | |98 AA|98+0=98| |rev-compl|		98			sapiens|F|V-REGION|22..317|296	0.9578	0.999	12	2	0	29	1	0	1	0	0	0	14	0	15	4.9114456E7	0.0	6.236306E7	0.0	0.0	0.0	M99675|IGHV3-48*01|Homo, U03893|IGHV3-48*03|Homo
HM855392|IGHV3-43*02|Homo	HM855392|IGHV3-43*02|Homo sapiens|F|V-REGION|22..319|298 nt|1| | | |99 AA|99+0=99| | |	HM855392|IGHV3-43*02|Homo sapiens|F|V-REGION|22..319|298 nt|1| | | |99 AA|99+0=99| | |		99			sapiens|F|V-REGION|22..319|298	0.9999	0.999	7	3	1	9	0	0	3	0	0	1	0	0	9	0.0	0.0	3.9553828E7	0.0	0.0	0.0	
HM855668|IGHV3/OR16-6*02|Homo	HM855668|IGHV3/OR16-6*02|Homo sapiens|ORF|V-REGION|22..323|302 nt|1| | | |100 AA|100+0=100| | |	HM855668|IGHV3/OR16-6*02|Homo sapiens|ORF|V-REGION|22..323|302 nt|1| | | |100 AA|100+0=100| | |		100			sapiens|ORF|V-REGION|22..323|302	0.0	0.998	3	1	0	4	0	0	1	0	0	0	0	0	4	0.0	0.0	4.15167E7	0.0	0.0	0.0	
J03617|IGHV3-53*03|Homo	J03617|IGHV3-53*03|Homo sapiens|F|V-REGION|679..971|293 nt|1| | | |97 AA|97+0=97| | |	J03617|IGHV3-53*03|Homo sapiens|F|V-REGION|679..971|293 nt|1| | | |97 AA|97+0=97| | |		97			sapiens|F|V-REGION|679..971|293	0.9999	0.999	8	2	0	10	0	0	2	0	0	0	0	0	10	0.0	0.0	3.1723644E7	0.0	0.0	0.0	
KF698735|IGHV3-53*02|Homo	KF698735|IGHV3-53*02|Homo sapiens|F|V-REGION|409..701|293 nt|1| | | |97 AA|97+0=97| | |	KF698735|IGHV3-53*02|Homo sapiens|F|V-REGION|409..701|293 nt|1| | | |97 AA|97+0=97| | |		97			sapiens|F|V-REGION|409..701|293	0.9999	0.999	8	2	0	19	1	0	1	0	0	0	9	0	10	3.1867164E7	0.0	3.149384E7	0.0	0.0	0.0	MK308860|IGHV3-53*05|Homo
M35415|IGHV3-23*02|Homo	M35415|IGHV3-23*02|Homo sapiens|F|V-REGION|190..485|296 nt|1| | | |98 AA|98+0=98| | |	M35415|IGHV3-23*02|Homo sapiens|F|V-REGION|190..485|296 nt|1| | | |98 AA|98+0=98| | |		98			sapiens|F|V-REGION|190..485|296	1.0	0.9972	9	2	1	19	1	0	1	0	0	1	9	0	10	8.6154304E7	0.0	8.7274368E7	0.0	0.0	0.0	
M99400|IGHV3-15*08|Homo	M99400|IGHV3-15*08|Homo sapiens|F|V-REGION|128..429|302 nt|1| | | |100 AA|100+0=100| | |	M99400|IGHV3-15*08|Homo sapiens|F|V-REGION|128..429|302 nt|1| | | |100 AA|100+0=100| | |		100			sapiens|F|V-REGION|128..429|302	0.9999	0.999	5	3	3	12	1	1	1	1	1	1	5	1	6	3.91040704E8	568600.75	4.74838368E8	0.0	0.0	0.0	
M99406|IGHV3-15*07|Homo	M99406|IGHV3-15*07|Homo sapiens|F|V-REGION|128..429|302 nt|1| | | |100 AA|100+0=100| | |	M99406|IGHV3-15*07|Homo sapiens|F|V-REGION|128..429|302 nt|1| | | |100 AA|100+0=100| | |		100			sapiens|F|V-REGION|128..429|302	0.9985	0.999	8	5	1	16	2	0	3	0	0	1	7	0	9	5.8792044E7	0.0	8.0699952E7	0.0	0.0	0.0	
MK540646|IGHV3-20*04|Homo	MK540646|IGHV3-20*04|Homo sapiens|F|V-REGION|37771..38066|296 nt|1| | | |98 AA|98+0=98| | |	MK540646|IGHV3-20*04|Homo sapiens|F|V-REGION|37771..38066|296 nt|1| | | |98 AA|98+0=98| | |		98			sapiens|F|V-REGION|37771..38066|296	0.9981	0.9959	7	2	0	9	0	0	2	0	0	0	0	0	9	0.0	0.0	1.61680496E8	0.0	0.0	0.0	
PGDM1400_HC	PGDM1400_HC	PGDM1400_HC		471			PGDM1400_HC	1.0	0.999	51	217	96	217	84	2	131	38	0	58	84	2	131	1.25806772E11	1.0935299E7	1.33942993E11	1.3801044E10	7184297.5	1.57370665E10	
PGDM1400_LC	PGDM1400_LC	PGDM1400_LC		219			PGDM1400_LC	1.0	0.999	42	211	119	211	83	1	127	50	1	68	83	1	127	1.12409494E11	1199200.8	1.17899239E11	6.6358922E9	1264959.1	6.3840727E9	
PGT121_HC	PGT121_HC	PGT121_HC		462			PGT121_HC	1.0	0.999	35	10	10	129	5	0	5	5	0	5	51	0	78	5.7405792E8	0.0	5.7139334E8	1.88153584E8	0.0	1.58123184E8	
PGT121_LC	PGT121_LC	PGT121_LC		211			PGT121_LC	1.0	0.999	19	54	25	54	23	0	31	10	0	15	23	0	31	4.3452559E9	0.0	5.4696259E9	1.44992768E9	0.0	1.62995072E9	
X57826|IGLV3-1*01|Homo	X57826|IGLV3-1*01|Homo sapiens|F|V-REGION|2256..2540|285 nt|1| | | |95 AA|95+0=95| | |	X57826|IGLV3-1*01|Homo sapiens|F|V-REGION|2256..2540|285 nt|1| | | |95 AA|95+0=95| | |		95			sapiens|F|V-REGION|2256..2540|285	0.9844	0.999	1	2	0	2	1	0	1	0	0	0	1	0	1	2.3840728E7	0.0	2.8851622E7	0.0	0.0	0.0	sp|P01715|LV301_HUMAN
X59316|IGKV1-37*01|Homo	X59316|IGKV1-37*01|Homo sapiens|ORF|V-REGION|546..832|287 nt|1| | | |95 AA|95+0=95| | |	X59316|IGKV1-37*01|Homo sapiens|ORF|V-REGION|546..832|287 nt|1| | | |95 AA|95+0=95| | |		95			sapiens|ORF|V-REGION|546..832|287	0.9984	0.9953	3	3	0	5	1	0	2	0	0	0	2	0	3	0.0	0.0	1.7758288E8	0.0	0.0	0.0	X71893|IGKV1D-37*01|Homo
X72813|IGKV1-5*03|Homo	X72813|IGKV1-5*03|Homo sapiens|F|V-REGION|45..331|287 nt|1| | | |95 AA|95+0=95| | |	X72813|IGKV1-5*03|Homo sapiens|F|V-REGION|45..331|287 nt|1| | | |95 AA|95+0=95| | |		95			sapiens|F|V-REGION|45..331|287	1.0	0.999	6	11	0	11	4	0	7	0	0	0	4	0	7	4.73943584E8	0.0	5.03276384E8	3.62003104E8	0.0	3.49518464E8	
X97464|IGLV3-10*01|Homo	X97464|IGLV3-10*01|Homo sapiens|F|V-REGION|1..290|290 nt|1| | | |96 AA|96+0=96| | |	X97464|IGLV3-10*01|Homo sapiens|F|V-REGION|1..290|290 nt|1| | | |96 AA|96+0=96| | |		96			sapiens|F|V-REGION|1..290|290	1.0	0.999	2	2	0	2	1	0	1	0	0	0	1	0	1	1.4686757E7	0.0	6.4864704E7	0.0	0.0	0.0	sp|A0A075B6K4|LV310_HUMAN
igor_igh_1254	igor_igh_1254	igor_igh_1254		132			igor_igh_1254	0.9996	0.999	12	3	0	27	1	0	2	0	0	0	12	0	15	3.1653054E7	0.0	3.5223688E7	0.0	0.0	0.0	igor_igh_1360, igor_igh_1704, igor_igh_2133, igor_igh_2466, igor_igh_2517, igor_igh_2553, igor_igh_2908, igor_igh_3001, igor_igh_3641, igor_igh_3780, igor_igh_4106, igor_igh_4202, igor_igh_4816, igor_igh_4817, igor_igh_5023, igor_igh_527, igor_igh_5517, igor_igh_5606, igor_igh_5742, igor_igh_5829, igor_igh_6017, igor_igh_6160, igor_igh_6535, igor_igh_7221, igor_igh_7400, igor_igh_7464, igor_igh_7714, igor_igh_8162, igor_igh_8178, igor_igh_8672, igor_igh_9848
igor_igh_1375	igor_igh_1375	igor_igh_1375		130			igor_igh_1375	1.0	0.999	2	2	0	3	0	0	2	0	0	0	0	0	3	0.0	0.0	4.799616E7	0.0	0.0	0.0	igor_igh_1806, igor_igh_4091, igor_igh_5427, igor_igh_5887, igor_igh_691, igor_igh_7665, igor_igh_876, igor_igh_9238, igor_igh_978, immunesim_igh_1100, immunesim_igh_1205, immunesim_igh_1283, immunesim_igh_1557, immunesim_igh_1571, immunesim_igh_1731, immunesim_igh_2316, immunesim_igh_24, immunesim_igh_2444, immunesim_igh_254, immunesim_igh_2620, immunesim_igh_2727, immunesim_igh_2829, immunesim_igh_2899, immunesim_igh_2920, immunesim_igh_2974, immunesim_igh_318, immunesim_igh_3263, immunesim_igh_3270, immunesim_igh_3290, immunesim_igh_3352, immunesim_igh_3432, immunesim_igh_3751, immunesim_igh_3844, immunesim_igh_3899, immunesim_igh_3927, immunesim_igh_406, immunesim_igh_4285, immunesim_igh_4362, immunesim_igh_4435, immunesim_igh_4569, immunesim_igh_4752, immunesim_igh_4808, immunesim_igh_4865, immunesim_igh_5005, immunesim_igh_5125, immunesim_igh_5174, immunesim_igh_5476, immunesim_igh_5478, immunesim_igh_5521, immunesim_igh_5892, immunesim_igh_5940, immunesim_igh_624, immunesim_igh_6508, immunesim_igh_6515, immunesim_igh_653, immunesim_igh_6582, immunesim_igh_6872, immunesim_igh_688, immunesim_igh_7003, immunesim_igh_7091, immunesim_igh_7430, immunesim_igh_7933, immunesim_igh_8093, immunesim_igh_8141, immunesim_igh_8165, immunesim_igh_8362, immunesim_igh_8416, immunesim_igh_8423, immunesim_igh_8682, immunesim_igh_8772, immunesim_igh_8832, immunesim_igh_8950, immunesim_igh_9030, immunesim_igh_9032, immunesim_igh_95, immunesim_igh_9604, immunesim_igh_9753, immunesim_igh_9777, immunesim_igh_9904
igor_igh_1610	igor_igh_1610	igor_igh_1610		122			igor_igh_1610	1.0	0.999	5	23	0	23	7	0	16	0	0	0	7	0	16	1.20903496E10	8.9673064E7	1.50426491E10	9.1542436E9	4.9013252E7	1.07082086E10	igor_igh_1760, igor_igh_2472, igor_igh_3448, igor_igh_421, igor_igh_5995, igor_igh_6783, igor_igh_7062, igor_igh_749, igor_igh_9211, igor_igh_932
igor_igh_2309	igor_igh_2309	igor_igh_2309		124			igor_igh_2309	1.0	0.999	13	28	0	29	12	1	15	0	0	0	12	1	16	1.97741504E9	1123400.2	2.06566682E9	5.0695952E8	0.0	4.707624E8	igor_igh_3371, igor_igh_3466, igor_igh_3577, igor_igh_5203, igor_igh_5376, igor_igh_612, igor_igh_7521, igor_igh_7693, igor_igh_7774, igor_igh_9242, immunesim_igh_1115, immunesim_igh_1230, immunesim_igh_1566, immunesim_igh_1593, immunesim_igh_1628, immunesim_igh_1669, immunesim_igh_1677, immunesim_igh_1839, immunesim_igh_188, immunesim_igh_2040, immunesim_igh_2262, immunesim_igh_2360, immunesim_igh_2375, immunesim_igh_2392, immunesim_igh_2408, immunesim_igh_250, immunesim_igh_2557, immunesim_igh_2563, immunesim_igh_2583, immunesim_igh_2604, immunesim_igh_2625, immunesim_igh_273, immunesim_igh_2813, immunesim_igh_2935, immunesim_igh_3018, immunesim_igh_3042, immunesim_igh_3121, immunesim_igh_3124, immunesim_igh_3138, immunesim_igh_3175, immunesim_igh_3192, immunesim_igh_3230, immunesim_igh_3252, immunesim_igh_3377, immunesim_igh_3392, immunesim_igh_3418, immunesim_igh_346, immunesim_igh_3497, immunesim_igh_3526, immunesim_igh_3668, immunesim_igh_3784, immunesim_igh_38, immunesim_igh_3865, immunesim_igh_3923, immunesim_igh_393, immunesim_igh_4012, immunesim_igh_4016, immunesim_igh_404, immunesim_igh_4041, immunesim_igh_4082, immunesim_igh_4155, immunesim_igh_4157, immunesim_igh_4169, immunesim_igh_4295, immunesim_igh_4324, immunesim_igh_4387, immunesim_igh_4398, immunesim_igh_4537, immunesim_igh_4605, immunesim_igh_4612, immunesim_igh_4628, immunesim_igh_4755, immunesim_igh_4776, immunesim_igh_505, immunesim_igh_5060, immunesim_igh_5064, immunesim_igh_5121, immunesim_igh_5205, immunesim_igh_5291, immunesim_igh_5323, immunesim_igh_5390, immunesim_igh_54, immunesim_igh_5526, immunesim_igh_5584, immunesim_igh_5896, immunesim_igh_5905, immunesim_igh_5918, immunesim_igh_5964, immunesim_igh_6035, immunesim_igh_6062, immunesim_igh_6067, immunesim_igh_6131, immunesim_igh_6188, immunesim_igh_6304, immunesim_igh_632, immunesim_igh_6345, immunesim_igh_6438, immunesim_igh_6446, immunesim_igh_6469, immunesim_igh_6595, immunesim_igh_6614, immunesim_igh_675, immunesim_igh_6801, immunesim_igh_6858, immunesim_igh_6960, immunesim_igh_7052, immunesim_igh_7075, immunesim_igh_7144, immunesim_igh_7388, immunesim_igh_7392, immunesim_igh_7526, immunesim_igh_7685, immunesim_igh_7906, immunesim_igh_7909, immunesim_igh_7910, immunesim_igh_796, immunesim_igh_7965, immunesim_igh_7986, immunesim_igh_8175, immunesim_igh_8351, immunesim_igh_8353, immunesim_igh_8470, immunesim_igh_8524, immunesim_igh_8659, immunesim_igh_8690, immunesim_igh_8704, immunesim_igh_89, immunesim_igh_8966, immunesim_igh_8999, immunesim_igh_9081, immunesim_igh_9152, immunesim_igh_9198, immunesim_igh_9202, immunesim_igh_9345, immunesim_igh_9540, immunesim_igh_97, immunesim_igh_9759, immunesim_igh_9815, immunesim_igh_9842, immunesim_igh_9895
igor_igh_2332	igor_igh_2332	igor_igh_2332		125			igor_igh_2332	1.0	0.9982	3	2	0	3	0	0	2	0	0	0	0	0	3	0.0	0.0	2.5284488E7	0.0	0.0	0.0	igor_igh_2777, igor_igh_676, igor_igh_7390, igor_igh_8576, immunesim_igh_2649, immunesim_igh_497
igor_igh_2454	igor_igh_2454	igor_igh_2454		111			igor_igh_2454	0.0	0.9956	5	1	0	6	0	0	1	0	0	0	0	0	6	0.0	0.0	0.0	0.0	0.0	0.0	
igor_igh_2847	igor_igh_2847	igor_igh_2847		142			igor_igh_2847	0.9995	0.999	11	4	0	22	1	0	3	0	0	0	9	0	13	3.2294606E7	0.0	7.4540584E7	0.0	0.0	0.0	immunesim_igh_1039, immunesim_igh_1382, immunesim_igh_1465, immunesim_igh_18, immunesim_igh_2409, immunesim_igh_241, immunesim_igh_2494, immunesim_igh_264, immunesim_igh_2759, immunesim_igh_2768, immunesim_igh_298, immunesim_igh_360, immunesim_igh_4079, immunesim_igh_410, immunesim_igh_454, immunesim_igh_5567, immunesim_igh_6175, immunesim_igh_6419, immunesim_igh_6583, immunesim_igh_6619, immunesim_igh_6898, immunesim_igh_8559, immunesim_igh_8571, immunesim_igh_8623, immunesim_igh_8683, immunesim_igh_8991
igor_igh_3307	igor_igh_3307	igor_igh_3307		124			igor_igh_3307	0.9756	0.999	9	1	0	11	0	0	1	0	0	0	0	0	11	0.0	0.0	1.2586505E7	0.0	0.0	0.0	igor_igh_4005, igor_igh_5950, igor_igh_7792, igor_igh_8482
igor_igh_4733	igor_igh_4733	igor_igh_4733		124			igor_igh_4733	0.9959	0.999	2	3	0	3	1	0	2	0	0	0	1	0	2	2.2867716E7	0.0	3.4278632E7	0.0	0.0	0.0	
immunesim_igh_1254	immunesim_igh_1254	immunesim_igh_1254		125			immunesim_igh_1254	0.9985	0.999	9	2	0	11	0	0	2	0	0	0	0	0	11	0.0	0.0	3.5879236E7	0.0	0.0	0.0	immunesim_igh_1361, immunesim_igh_1365, immunesim_igh_1389, immunesim_igh_140, immunesim_igh_1717, immunesim_igh_1722, immunesim_igh_1786, immunesim_igh_182, immunesim_igh_183, immunesim_igh_1943, immunesim_igh_1950, immunesim_igh_1979, immunesim_igh_1984, immunesim_igh_2126, immunesim_igh_2135, immunesim_igh_22, immunesim_igh_2210, immunesim_igh_2457, immunesim_igh_2497, immunesim_igh_252, immunesim_igh_2573, immunesim_igh_2639, immunesim_igh_2955, immunesim_igh_3068, immunesim_igh_3119, immunesim_igh_3287, immunesim_igh_3397, immunesim_igh_3463, immunesim_igh_3565, immunesim_igh_3689, immunesim_igh_3716, immunesim_igh_3729, immunesim_igh_3835, immunesim_igh_3955, immunesim_igh_3979, immunesim_igh_3998, immunesim_igh_4179, immunesim_igh_4211, immunesim_igh_4223, immunesim_igh_435, immunesim_igh_4383, immunesim_igh_4509, immunesim_igh_4581, immunesim_igh_4603, immunesim_igh_4640, immunesim_igh_4681, immunesim_igh_4785, immunesim_igh_4829, immunesim_igh_4862, immunesim_igh_4905, immunesim_igh_4966, immunesim_igh_4974, immunesim_igh_498, immunesim_igh_5265, immunesim_igh_5298, immunesim_igh_5499, immunesim_igh_5527, immunesim_igh_5628, immunesim_igh_5678, immunesim_igh_5758, immunesim_igh_5900, immunesim_igh_6047, immunesim_igh_606, immunesim_igh_6069, immunesim_igh_6089, immunesim_igh_6128, immunesim_igh_6145, immunesim_igh_6312, immunesim_igh_6581, immunesim_igh_6590, immunesim_igh_6594, immunesim_igh_6632, immunesim_igh_6744, immunesim_igh_6750, immunesim_igh_6795, immunesim_igh_6895, immunesim_igh_6936, immunesim_igh_7065, immunesim_igh_7139, immunesim_igh_7326, immunesim_igh_7480, immunesim_igh_7500, immunesim_igh_7518, immunesim_igh_7520, immunesim_igh_7553, immunesim_igh_7592, immunesim_igh_7656, immunesim_igh_7686, immunesim_igh_7778, immunesim_igh_7801, immunesim_igh_7894, immunesim_igh_792, immunesim_igh_7922, immunesim_igh_7956, immunesim_igh_7980, immunesim_igh_8073, immunesim_igh_8114, immunesim_igh_8177, immunesim_igh_8225, immunesim_igh_8242, immunesim_igh_8287, immunesim_igh_8433, immunesim_igh_8435, immunesim_igh_8463, immunesim_igh_8582, immunesim_igh_8595, immunesim_igh_8620, immunesim_igh_8754, immunesim_igh_8827, immunesim_igh_8860, immunesim_igh_8865, immunesim_igh_8884, immunesim_igh_908, immunesim_igh_909, immunesim_igh_9212, immunesim_igh_9219, immunesim_igh_9231, immunesim_igh_9232, immunesim_igh_9366, immunesim_igh_9521, immunesim_igh_9572, immunesim_igh_9659, immunesim_igh_9720, immunesim_igh_9824, immunesim_igh_9909, immunesim_igh_9989
immunesim_igk_1177	immunesim_igk_1177	immunesim_igk_1177		111			immunesim_igk_1177	1.0	0.999	5	5	0	14	2	0	3	0	0	0	6	0	8	6.5282765E8	0.0	7.3938931E8	5.5866694E8	0.0	7.0942157E8	immunesim_igk_4748, immunesim_igk_6099, immunesim_igk_7008, immunesim_igk_7319, immunesim_igk_8695, immunesim_igk_9018, immunesim_igk_9978
immunesim_igk_1179	immunesim_igk_1179	immunesim_igk_1179		116			immunesim_igk_1179	1.0	0.999	9	14	0	18	5	0	9	0	0	0	7	0	11	6.7859744E8	0.0	9.4003629E8	4.08506432E8	0.0	4.08457152E8	immunesim_igk_1265, immunesim_igk_2836, immunesim_igk_4016, immunesim_igk_4464, immunesim_igk_5878, immunesim_igk_5976, immunesim_igk_6216, immunesim_igk_9702
immunesim_igk_1372	immunesim_igk_1372	immunesim_igk_1372		112			immunesim_igk_1372	1.0	0.999	5	5	0	11	2	0	3	0	0	0	5	0	6	2.67373296E8	0.0	2.973896E8	1.41048016E8	0.0	1.34768592E8	immunesim_igk_261, immunesim_igk_3000, immunesim_igk_4259, immunesim_igk_5137, immunesim_igk_5327, immunesim_igk_7494, immunesim_igk_92, immunesim_igk_9686, immunesim_igk_9957
immunesim_igk_1467	immunesim_igk_1467	immunesim_igk_1467		116			immunesim_igk_1467	1.0	0.999	5	8	0	12	4	1	3	0	0	0	6	1	5	1.79773856E8	2109906.0	1.69708992E8	9.5124968E7	0.0	8.5536176E7	immunesim_igk_2807, immunesim_igk_7573
immunesim_igk_2107	immunesim_igk_2107	immunesim_igk_2107		112			immunesim_igk_2107	1.0	0.999	9	19	0	19	6	0	13	0	0	0	6	0	13	3.48874778E9	0.0	3.41046963E9	1.39790323E9	0.0	1.1649303E9	immunesim_igk_4108, immunesim_igk_9491
immunesim_igk_2132	immunesim_igk_2132	immunesim_igk_2132		116			immunesim_igk_2132	1.0	0.999	8	3	0	10	0	0	3	0	0	0	0	0	10	0.0	0.0	1.86536512E8	0.0	0.0	0.0	immunesim_igk_2661, immunesim_igk_6056, immunesim_igk_7023, immunesim_igk_7624
immunesim_igk_2146	immunesim_igk_2146	immunesim_igk_2146		108			immunesim_igk_2146	0.9952	0.999	6	2	0	12	1	0	1	0	0	0	5	0	7	1.38450928E8	0.0	1.7704488E8	0.0	0.0	0.0	immunesim_igk_2578, immunesim_igk_6585, immunesim_igk_772
immunesim_igk_2388	immunesim_igk_2388	immunesim_igk_2388		116			immunesim_igk_2388	0.9983	0.999	6	2	0	13	1	0	1	0	0	0	5	0	8	1.9131048E7	0.0	1.0393454E7	0.0	0.0	0.0	immunesim_igk_2571, immunesim_igk_3974, immunesim_igk_4249, immunesim_igk_4389, immunesim_igk_4787, immunesim_igk_4961, immunesim_igk_5054, immunesim_igk_5671, immunesim_igk_654
immunesim_igl_1017	immunesim_igl_1017	immunesim_igl_1017		110			immunesim_igl_1017	0.0	0.9943	4	2	0	4	0	0	2	0	0	0	0	0	4	2.308224E7	0.0	2.7046572E7	0.0	0.0	0.0	immunesim_igl_7777, immunesim_igl_8030, immunesim_igl_9605
immunesim_igl_1224	immunesim_igl_1224	immunesim_igl_1224		115			immunesim_igl_1224	0.9991	0.999	6	5	0	10	2	0	3	0	0	0	5	0	5	1.47447984E8	0.0	2.05957456E8	1.7555192E8	0.0	1.5570216E8	immunesim_igl_1343, immunesim_igl_3467, immunesim_igl_4993, immunesim_igl_5184, immunesim_igl_5189, immunesim_igl_5563, immunesim_igl_6195, immunesim_igl_6267, immunesim_igl_6730, immunesim_igl_7347, immunesim_igl_7390, immunesim_igl_8022, immunesim_igl_8149, immunesim_igl_8490, immunesim_igl_850, immunesim_igl_9145, immunesim_igl_9376
immunesim_igl_1514	immunesim_igl_1514	immunesim_igl_1514		113			immunesim_igl_1514	0.9845	0.999	3	1	0	2	0	0	1	0	0	0	0	0	2	0.0	0.0	3.286753E7	0.0	0.0	0.0	immunesim_igl_2205, immunesim_igl_2903, immunesim_igl_464, immunesim_igl_4719, immunesim_igl_6025, immunesim_igl_672, immunesim_igl_7093, immunesim_igl_7552, immunesim_igl_8244, immunesim_igl_8737, immunesim_igl_8974, immunesim_igl_9410
immunesim_igl_1565	immunesim_igl_1565	immunesim_igl_1565		115			immunesim_igl_1565	0.9793	0.999	5	1	0	4	0	0	1	0	0	0	0	0	4	0.0	0.0	1.7465882E7	0.0	0.0	0.0	immunesim_igl_2347, immunesim_igl_242, immunesim_igl_2494, immunesim_igl_4136, immunesim_igl_4267, immunesim_igl_4849, immunesim_igl_4950, immunesim_igl_6021, immunesim_igl_6265, immunesim_igl_6442, immunesim_igl_6497, immunesim_igl_6971, immunesim_igl_7972, immunesim_igl_7982, immunesim_igl_8812, immunesim_igl_8949, immunesim_igl_9194, immunesim_igl_9846, immunesim_igl_9986
immunesim_igl_1675	immunesim_igl_1675	immunesim_igl_1675		113			immunesim_igl_1675	0.9845	0.999	4	1	0	3	0	0	1	0	0	0	0	0	3	0.0	0.0	4854242.5	0.0	0.0	0.0	immunesim_igl_1939, immunesim_igl_2133, immunesim_igl_2417, immunesim_igl_3204, immunesim_igl_3814, immunesim_igl_5770, immunesim_igl_5841, immunesim_igl_6107, immunesim_igl_6317, immunesim_igl_6356, immunesim_igl_773, immunesim_igl_7786, immunesim_igl_8267, immunesim_igl_8399, immunesim_igl_8530, immunesim_igl_8969, immunesim_igl_9661, immunesim_igl_9719, immunesim_igl_9878
sp|A5A3E0|POTEF_HUMAN	A5A3E0	POTEF_HUMAN	POTEF	1075	Homo sapiens OX=9606	1:Experimental evidence at protein level	POTE ankyrin domain family member F	1.0	0.999	3	3	0	3	0	0	3	0	0	0	0	0	3	9284104.0	0.0	6.1229964E7	0.0	0.0	0.0	sp|P60709|ACTB_HUMAN, sp|P63261|ACTG_HUMAN, tr|A0A2R8Y793|A0A2R8Y793_HUMAN, tr|A0A6Q8PFE4|A0A6Q8PFE4_HUMAN, tr|E7EVS6|E7EVS6_HUMAN, tr|I3L4N8|I3L4N8_HUMAN
sp|B9A064|IGLL5_HUMAN	B9A064	IGLL5_HUMAN	IGLL5	214	Homo sapiens OX=9606	2:Experimental evidence at transcript level	Immunoglobulin lambda-like polypeptide 5	1.0	0.999	8	8	0	19	4	0	4	0	0	0	9	0	10	2.99895104E8	0.0	3.0222512E8	1.65595792E8	0.0	1.77622032E8	tr|A0A0B4J231|A0A0B4J231_HUMAN
sp|O00206|TLR4_HUMAN	O00206	TLR4_HUMAN	TLR4	839	Homo sapiens OX=9606	1:Experimental evidence at protein level	Toll-like receptor 4	0.9168	0.9943	1	1	1	1	0	0	1	0	0	1	0	0	1	0.0	0.0	6847076.0	0.0	0.0	0.0	
sp|O14791|APOL1_HUMAN	O14791	APOL1_HUMAN	APOL1	398	Homo sapiens OX=9606	1:Experimental evidence at protein level	Apolipoprotein L1	1.0	0.999	1	1	1	1	0	0	1	0	0	1	0	0	1	0.0	0.0	1.4513856E7	0.0	0.0	0.0	
sp|O43866|CD5L_HUMAN	O43866	CD5L_HUMAN	CD5L	347	Homo sapiens OX=9606	1:Experimental evidence at protein level	CD5 antigen-like	1.0	0.999	16	30	30	30	10	0	20	10	0	20	10	0	20	1.23031091E9	0.0	1.56287437E9	4.99407936E8	0.0	5.10050144E8	
sp|O95394|AGM1_HUMAN	O95394	AGM1_HUMAN	PGM3	542	Homo sapiens OX=9606	1:Experimental evidence at protein level	Phosphoacetylglucosamine mutase	1.0	0.999	2	2	0	2	0	0	2	0	0	0	0	0	2	0.0	0.0	1.0687237E7	0.0	0.0	0.0	tr|A0A494C0G1|A0A494C0G1_HUMAN, tr|H0Y987|H0Y987_HUMAN
sp|P00338|LDHA_HUMAN	P00338	LDHA_HUMAN	LDHA	332	Homo sapiens OX=9606	1:Experimental evidence at protein level	L-lactate dehydrogenase A chain	1.0	0.999	15	22	12	26	9	0	13	6	0	6	11	0	15	5.6401958E8	0.0	7.5374918E8	1.96236592E8	0.0	1.83207632E8	
sp|P00450|CERU_HUMAN	P00450	CERU_HUMAN	CP	1065	Homo sapiens OX=9606	1:Experimental evidence at protein level	Ceruloplasmin	1.0	0.999	4	5	0	5	1	0	4	0	0	0	1	0	4	1.1006033E7	0.0	5.6352628E7	0.0	0.0	0.0	tr|H7C5R1|H7C5R1_HUMAN
sp|P00736|C1R_HUMAN	P00736	C1R_HUMAN	C1R	705	Homo sapiens OX=9606	1:Experimental evidence at protein level	Complement C1r subcomponent	1.0	0.999	4	5	0	5	1	0	4	0	0	0	1	0	4	0.0	0.0	5.6478872E7	0.0	0.0	0.0	tr|A0A3B3ISR2|A0A3B3ISR2_HUMAN, tr|A0A3B3ITU4|A0A3B3ITU4_HUMAN, tr|B4DPQ0|B4DPQ0_HUMAN, tr|F5H2D0|F5H2D0_HUMAN
sp|P00738|HPT_HUMAN	P00738	HPT_HUMAN	HP	406	Homo sapiens OX=9606	1:Experimental evidence at protein level	Haptoglobin	1.0	0.999	18	43	0	43	20	0	23	0	0	0	20	0	23	3.08787174E9	0.0	4.1330199E9	6.6585824E8	0.0	7.1288762E8	tr|H0Y300|H0Y300_HUMAN, tr|J3QLC9|J3QLC9_HUMAN, tr|J3QR68|J3QR68_HUMAN
sp|P00739|HPTR_HUMAN	P00739	HPTR_HUMAN	HPR	348	Homo sapiens OX=9606	2:Experimental evidence at transcript level	Haptoglobin-related protein	1.0	0.999	14	12	0	23	3	0	9	0	0	0	9	0	14	2.47921888E8	0.0	3.87561472E8	1.63690032E8	0.0	2.0729888E8	
sp|P00747|PLMN_HUMAN	P00747	PLMN_HUMAN	PLG	810	Homo sapiens OX=9606	1:Experimental evidence at protein level	Plasminogen	0.9829	0.9989	1	1	1	1	0	0	1	0	0	1	0	0	1	0.0	0.0	6910686.0	0.0	0.0	0.0	
sp|P01008|ANT3_HUMAN	P01008	ANT3_HUMAN	SERPINC1	464	Homo sapiens OX=9606	1:Experimental evidence at protein level	Antithrombin-III	0.8919	0.9924	1	2	2	2	1	0	1	1	0	1	1	0	1	2.6091848E7	0.0	2.2247506E7	0.0	0.0	0.0	
sp|P01023|A2MG_HUMAN	P01023	A2MG_HUMAN	A2M	1474	Homo sapiens OX=9606	1:Experimental evidence at protein level	Alpha-2-macroglobulin	1.0	0.999	36	63	52	63	25	0	38	21	0	31	25	0	38	1.81885875E9	0.0	2.42321741E9	1.66883456E8	0.0	1.70572288E8	
sp|P01024|CO3_HUMAN	P01024	CO3_HUMAN	C3	1663	Homo sapiens OX=9606	1:Experimental evidence at protein level	Complement C3	1.0	0.999	10	15	6	15	4	0	11	1	0	5	4	0	11	2.0068416E8	0.0	2.83438688E8	6.7706288E7	0.0	7.1353968E7	
sp|P01591|IGJ_HUMAN	P01591	IGJ_HUMAN	JCHAIN	159	Homo sapiens OX=9606	1:Experimental evidence at protein level	Immunoglobulin J chain	1.0	0.999	7	15	8	15	7	0	8	4	0	4	7	0	8	8.4391424E8	0.0	1.03279712E9	3.5279872E8	0.0	3.37476768E8	
sp|P01859|IGHG2_HUMAN	P01859	IGHG2_HUMAN	IGHG2	326	Homo sapiens OX=9606	1:Experimental evidence at protein level	Immunoglobulin heavy constant gamma 2	1.0	0.999	21	13	0	85	6	0	7	0	0	0	36	0	49	1.27254682E9	0.0	2.68540646E9	7.0114733E8	0.0	8.7184653E8	tr|A0A286YEY4|A0A286YEY4_HUMAN
sp|P01860|IGHG3_HUMAN	P01860	IGHG3_HUMAN	IGHG3	377	Homo sapiens OX=9606	1:Experimental evidence at protein level	Immunoglobulin heavy constant gamma 3	1.0	0.999	25	10	0	92	5	0	5	0	0	0	40	0	52	4.47199712E8	0.0	5.520377E8	2.06921888E8	0.0	2.452968E8	tr|A0A286YES1|A0A286YES1_HUMAN, tr|A0A4W9A917|A0A4W9A917_HUMAN
sp|P01861|IGHG4_HUMAN	P01861	IGHG4_HUMAN	IGHG4	327	Homo sapiens OX=9606	1:Experimental evidence at protein level	Immunoglobulin heavy constant gamma 4	1.0	0.999	28	23	0	102	9	0	14	0	0	0	42	0	60	1.9175017E9	0.0	2.32132224E9	7.1137971E8	0.0	7.4856109E8	tr|A0A286YFJ8|A0A286YFJ8_HUMAN
sp|P01871|IGHM_HUMAN	P01871	IGHM_HUMAN	IGHM	453	Homo sapiens OX=9606	1:Experimental evidence at protein level	Immunoglobulin heavy constant mu	1.0	0.999	24	76	76	76	29	3	44	29	3	44	29	3	44	1.41578967E10	6878007.0	1.75644037E10	1.98732902E9	5004377.5	1.96949658E9	
sp|P01876|IGHA1_HUMAN	P01876	IGHA1_HUMAN	IGHA1	353	Homo sapiens OX=9606	1:Experimental evidence at protein level	Immunoglobulin heavy constant alpha 1	1.0	0.999	30	118	0	118	44	0	74	0	0	0	44	0	74	7.1547027E10	0.0	7.7663969E10	1.3350782E10	0.0	1.30615224E10	tr|A0A286YEY1|A0A286YEY1_HUMAN
sp|P02647|APOA1_HUMAN	P02647	APOA1_HUMAN	APOA1	267	Homo sapiens OX=9606	1:Experimental evidence at protein level	Apolipoprotein A-I	1.0	0.999	6	10	7	10	3	0	7	3	0	4	3	0	7	1.84774944E8	0.0	2.63289936E8	1.08092344E8	0.0	9.7018168E7	
sp|P02652|APOA2_HUMAN	P02652	APOA2_HUMAN	APOA2	100	Homo sapiens OX=9606	1:Experimental evidence at protein level	Apolipoprotein A-II	1.0	0.999	4	10	0	10	4	0	6	0	0	0	4	0	6	1.45415168E8	0.0	2.19114048E8	5.2197204E7	0.0	4.7315972E7	tr|V9GYE3|V9GYE3_HUMAN, tr|V9GYM3|V9GYM3_HUMAN
sp|P02671|FIBA_HUMAN	P02671	FIBA_HUMAN	FGA	866	Homo sapiens OX=9606	1:Experimental evidence at protein level	Fibrinogen alpha chain	1.0	0.999	26	66	55	66	22	0	44	18	0	37	22	0	44	2.84199578E9	0.0	3.74726451E9	4.57055744E8	0.0	4.66512704E8	
sp|P02675|FIBB_HUMAN	P02675	FIBB_HUMAN	FGB	491	Homo sapiens OX=9606	1:Experimental evidence at protein level	Fibrinogen beta chain	1.0	0.999	30	56	14	56	21	0	35	6	0	8	21	0	35	3.83750912E9	0.0	4.9653146E9	6.2944256E8	0.0	5.8963603E8	
sp|P02679|FIBG_HUMAN	P02679	FIBG_HUMAN	FGG	453	Homo sapiens OX=9606	1:Experimental evidence at protein level	Fibrinogen gamma chain	0.9999	0.999	19	1	0	25	0	0	1	0	0	0	0	0	25	0.0	0.0	3.5295644E7	0.0	0.0	0.0	
sp|P02745|C1QA_HUMAN	P02745	C1QA_HUMAN	C1QA	245	Homo sapiens OX=9606	1:Experimental evidence at protein level	Complement C1q subcomponent subunit A	1.0	0.999	4	6	4	6	3	0	3	2	0	2	3	0	3	7.3875384E7	0.0	8.6024416E7	4.9636788E7	0.0	4.9039784E7	
sp|P02746|C1QB_HUMAN	P02746	C1QB_HUMAN	C1QB	253	Homo sapiens OX=9606	1:Experimental evidence at protein level	Complement C1q subcomponent subunit B	1.0	0.999	8	13	0	13	5	0	8	0	0	0	5	0	8	2.83631168E8	0.0	3.52074976E8	1.39859456E8	0.0	1.36867104E8	tr|D6R934|D6R934_HUMAN
sp|P02747|C1QC_HUMAN	P02747	C1QC_HUMAN	C1QC	245	Homo sapiens OX=9606	1:Experimental evidence at protein level	Complement C1q subcomponent subunit C	1.0	0.9965	3	3	3	5	1	0	2	1	0	2	2	0	3	1.24646176E8	0.0	1.61170624E8	0.0	0.0	0.0	
sp|P02749|APOH_HUMAN	P02749	APOH_HUMAN	APOH	345	Homo sapiens OX=9606	1:Experimental evidence at protein level	Beta-2-glycoprotein 1	1.0	0.999	2	2	0	2	0	0	2	0	0	0	0	0	2	0.0	0.0	3.1882958E7	0.0	0.0	0.0	tr|J3QRN2|J3QRN2_HUMAN
sp|P02751|FINC_HUMAN	P02751	FINC_HUMAN	FN1	2477	Homo sapiens OX=9606	1:Experimental evidence at protein level	Fibronectin	1.0	0.999	11	15	13	15	4	0	11	3	0	10	4	0	11	1.48283984E8	0.0	2.53468928E8	6.728964E7	0.0	7.270364E7	
sp|P02760|AMBP_HUMAN	P02760	AMBP_HUMAN	AMBP	352	Homo sapiens OX=9606	1:Experimental evidence at protein level	Protein AMBP	1.0	0.999	3	5	0	5	2	0	3	0	0	0	2	0	3	1.25550352E8	0.0	1.42817824E8	6.8668E7	0.0	6.206834E7	tr|S4R3Y4|S4R3Y4_HUMAN, tr|S4R471|S4R471_HUMAN
sp|P02765|FETUA_HUMAN	P02765	FETUA_HUMAN	AHSG	367	Homo sapiens OX=9606	1:Experimental evidence at protein level	Alpha-2-HS-glycoprotein	1.0	0.999	2	3	0	3	1	0	2	0	0	0	1	0	2	3.8585212E7	0.0	6.049932E7	0.0	0.0	0.0	tr|C9JV77|C9JV77_HUMAN
sp|P02766|TTHY_HUMAN	P02766	TTHY_HUMAN	TTR	147	Homo sapiens OX=9606	1:Experimental evidence at protein level	Transthyretin	1.0	0.999	2	3	0	3	1	0	2	0	0	0	1	0	2	3.2241868E7	0.0	4.48727E7	0.0	0.0	0.0	tr|A0A087WT59|A0A087WT59_HUMAN
sp|P02768|ALBU_HUMAN	P02768	ALBU_HUMAN	ALB	609	Homo sapiens OX=9606	1:Experimental evidence at protein level	Albumin	1.0	0.999	42	109	0	109	45	0	64	0	0	0	45	0	64	1.2160726E10	0.0	1.43937024E10	1.24063782E9	0.0	1.3806103E9	
sp|P02787|TRFE_HUMAN	P02787	TRFE_HUMAN	TF	698	Homo sapiens OX=9606	1:Experimental evidence at protein level	Serotransferrin	1.0	0.999	8	12	7	12	4	0	8	2	0	5	4	0	8	8.0008016E7	0.0	1.85381216E8	4.942714E7	0.0	5.41232E7	
sp|P02790|HEMO_HUMAN	P02790	HEMO_HUMAN	HPX	462	Homo sapiens OX=9606	1:Experimental evidence at protein level	Hemopexin	1.0	0.999	11	15	11	15	7	0	8	5	0	6	7	0	8	2.26491072E8	0.0	2.54530672E8	7.0270816E7	0.0	5.3878668E7	
sp|P04003|C4BPA_HUMAN	P04003	C4BPA_HUMAN	C4BPA	597	Homo sapiens OX=9606	1:Experimental evidence at protein level	C4b-binding protein alpha chain	1.0	0.999	1	2	2	2	1	0	1	1	0	1	1	0	1	3.5854944E7	0.0	3.6199988E7	0.0	0.0	0.0	
sp|P04114|APOB_HUMAN	P04114	APOB_HUMAN	APOB	4563	Homo sapiens OX=9606	1:Experimental evidence at protein level	Apolipoprotein B-100	1.0	0.999	3	4	4	4	1	0	3	1	0	3	1	0	3	1.3789109E7	0.0	4.0224072E7	0.0	0.0	0.0	
sp|P04196|HRG_HUMAN	P04196	HRG_HUMAN	HRG	525	Homo sapiens OX=9606	1:Experimental evidence at protein level	Histidine-rich glycoprotein	0.9075	0.9936	1	1	1	1	0	0	1	0	0	1	0	0	1	0.0	0.0	1.233977E7	0.0	0.0	0.0	
sp|P04264|K2C1_HUMAN	P04264	K2C1_HUMAN	KRT1	644	Homo sapiens OX=9606	1:Experimental evidence at protein level	Keratin, type II cytoskeletal 1	1.0	0.999	5	5	3	5	0	0	5	0	0	3	0	0	5	0.0	0.0	5.3414632E7	0.0	0.0	0.0	
sp|P04406|G3P_HUMAN	P04406	G3P_HUMAN	GAPDH	335	Homo sapiens OX=9606	1:Experimental evidence at protein level	Glyceraldehyde-3-phosphate dehydrogenase	1.0	0.999	2	2	2	2	0	0	2	0	0	2	0	0	2	0.0	0.0	3.1595616E7	0.0	0.0	0.0	
sp|P04792|HSPB1_HUMAN	P04792	HSPB1_HUMAN	HSPB1	205	Homo sapiens OX=9606	1:Experimental evidence at protein level	Heat shock protein beta-1	1.0	0.999	1	2	0	2	0	0	2	0	0	0	0	0	2	0.0	0.0	3.4389372E7	0.0	0.0	0.0	tr|A0A6Q8PFK8|A0A6Q8PFK8_HUMAN, tr|A0A6Q8PGK1|A0A6Q8PGK1_HUMAN, tr|C9J3N8|C9J3N8_HUMAN
sp|P05109|S10A8_HUMAN	P05109	S10A8_HUMAN	S100A8	93	Homo sapiens OX=9606	1:Experimental evidence at protein level	Protein S100-A8	1.0	0.999	4	6	6	6	0	0	6	0	0	6	0	0	6	0.0	0.0	2.39626816E8	0.0	0.0	0.0	
sp|P05155|IC1_HUMAN	P05155	IC1_HUMAN	SERPING1	500	Homo sapiens OX=9606	1:Experimental evidence at protein level	Plasma protease C1 inhibitor	0.9332	0.9955	1	1	0	1	0	0	1	0	0	0	0	0	1	0.0	0.0	1.236997E7	0.0	0.0	0.0	tr|A0A087WUD9|A0A087WUD9_HUMAN, tr|A0A7I2V2D2|A0A7I2V2D2_HUMAN, tr|A0A7I2V2X2|A0A7I2V2X2_HUMAN, tr|A0A7I2V4I9|A0A7I2V4I9_HUMAN, tr|A0A7I2V5R3|A0A7I2V5R3_HUMAN, tr|E9PGN7|E9PGN7_HUMAN, tr|H9KV48|H9KV48_HUMAN
sp|P06702|S10A9_HUMAN	P06702	S10A9_HUMAN	S100A9	114	Homo sapiens OX=9606	1:Experimental evidence at protein level	Protein S100-A9	1.0	0.9989	3	3	3	3	0	0	3	0	0	3	0	0	3	0.0	0.0	5.4555128E7	0.0	0.0	0.0	
sp|P06733|ENOA_HUMAN	P06733	ENOA_HUMAN	ENO1	434	Homo sapiens OX=9606	1:Experimental evidence at protein level	Alpha-enolase	1.0	0.999	4	5	0	5	0	0	5	0	0	0	0	0	5	0.0	0.0	9.9345448E7	0.0	0.0	0.0	tr|A0A2R8Y6G6|A0A2R8Y6G6_HUMAN
sp|P06737|PYGL_HUMAN	P06737	PYGL_HUMAN	PYGL	847	Homo sapiens OX=9606	1:Experimental evidence at protein level	Glycogen phosphorylase, liver form	0.9844	0.999	1	1	0	1	0	0	1	0	0	0	0	0	1	0.0	0.0	2100125.8	0.0	0.0	0.0	sp|P11216|PYGB_HUMAN, sp|P11217|PYGM_HUMAN, tr|E9PK47|E9PK47_HUMAN
sp|P07195|LDHB_HUMAN	P07195	LDHB_HUMAN	LDHB	334	Homo sapiens OX=9606	1:Experimental evidence at protein level	L-lactate dehydrogenase B chain	1.0	0.999	19	46	0	46	20	0	26	0	0	0	20	0	26	2.39955302E9	452707.44	2.61967693E9	5.4556755E8	0.0	5.6249798E8	tr|A0A5F9ZHM4|A0A5F9ZHM4_HUMAN
sp|P07900|HS90A_HUMAN	P07900	HS90A_HUMAN	HSP90AA1	732	Homo sapiens OX=9606	1:Experimental evidence at protein level	Heat shock protein HSP 90-alpha	1.0	0.999	7	9	1	9	2	0	7	0	0	1	2	0	7	5.7740636E7	0.0	1.83019152E8	4.8138832E7	0.0	6.580828E7	
sp|P08238|HS90B_HUMAN	P08238	HS90B_HUMAN	HSP90AB1	724	Homo sapiens OX=9606	1:Experimental evidence at protein level	Heat shock protein HSP 90-beta	1.0	0.999	6	2	1	6	0	0	2	0	0	1	0	0	6	0.0	0.0	1.728454E7	0.0	0.0	0.0	
sp|P08519|APOA_HUMAN	P08519	APOA_HUMAN	LPA	4548	Homo sapiens OX=9606	1:Experimental evidence at protein level	Apolipoprotein(a)	0.9844	0.999	1	1	0	1	0	0	1	0	0	0	0	0	1	0.0	0.0	1.0081444E7	0.0	0.0	0.0	tr|A0A087WWY0|A0A087WWY0_HUMAN
sp|P08603|CFAH_HUMAN	P08603	CFAH_HUMAN	CFH	1231	Homo sapiens OX=9606	1:Experimental evidence at protein level	Complement factor H	1.0	0.999	6	8	7	8	3	0	5	3	0	4	3	0	5	1.7940698E7	0.0	1.26481368E8	1.7442454E7	0.0	2.8843386E7	
sp|P09871|C1S_HUMAN	P09871	C1S_HUMAN	C1S	688	Homo sapiens OX=9606	1:Experimental evidence at protein level	Complement C1s subcomponent	1.0	0.999	6	6	0	6	1	0	5	0	0	0	1	0	5	5.6789652E7	0.0	1.61231456E8	0.0	0.0	0.0	tr|A0A087X232|A0A087X232_HUMAN
sp|P09936|UCHL1_HUMAN	P09936	UCHL1_HUMAN	UCHL1	223	Homo sapiens OX=9606	1:Experimental evidence at protein level	Ubiquitin carboxyl-terminal hydrolase isozyme L1	0.9829	0.9989	1	1	0	1	0	0	1	0	0	0	0	0	1	0.0	0.0	4274021.0	0.0	0.0	0.0	tr|D6RE83|D6RE83_HUMAN
sp|P09960|LKHA4_HUMAN	P09960	LKHA4_HUMAN	LTA4H	611	Homo sapiens OX=9606	1:Experimental evidence at protein level	Leukotriene A-4 hydrolase	1.0	0.999	5	6	5	6	1	0	5	1	0	4	1	0	5	5.7211036E7	0.0	1.33705584E8	0.0	0.0	0.0	
sp|P0C0L4|CO4A_HUMAN	P0C0L4	CO4A_HUMAN	C4A	1744	Homo sapiens OX=9606	1:Experimental evidence at protein level	Complement C4-A	0.9155	0.9942	1	1	0	1	0	0	1	0	0	0	0	0	1	0.0	0.0	4843353.0	0.0	0.0	0.0	sp|P0C0L5|CO4B_HUMAN, tr|A0A0G2JL54|A0A0G2JL54_HUMAN, tr|A0A0G2JPR0|A0A0G2JPR0_HUMAN, tr|A0A140TA29|A0A140TA29_HUMAN, tr|A0A140TA32|A0A140TA32_HUMAN, tr|A0A140TA44|A0A140TA44_HUMAN, tr|A0A140TA49|A0A140TA49_HUMAN, tr|A0A3B3ISA6|A0A3B3ISA6_HUMAN, tr|F5GXS0|F5GXS0_HUMAN
sp|P0DMV8|HS71A_HUMAN	P0DMV8	HS71A_HUMAN	HSPA1A	641	Homo sapiens OX=9606	1:Experimental evidence at protein level	Heat shock 70 kDa protein 1A	1.0	0.999	10	14	0	14	3	1	10	0	0	0	3	1	10	2.22609344E8	385056.12	3.50383552E8	9.2668544E7	0.0	9.3921744E7	sp|P0DMV9|HS71B_HUMAN
sp|P0DPH7|TBA3C_HUMAN	P0DPH7	TBA3C_HUMAN	TUBA3C	450	Homo sapiens OX=9606	1:Experimental evidence at protein level	Tubulin alpha-3C chain	0.9844	0.999	1	1	0	1	0	0	1	0	0	0	0	0	1	0.0	0.0	3018712.8	0.0	0.0	0.0	sp|P0DPH8|TBA3D_HUMAN, sp|P68363|TBA1B_HUMAN, sp|Q6PEY2|TBA3E_HUMAN, sp|Q71U36|TBA1A_HUMAN, sp|Q9BQE3|TBA1C_HUMAN, tr|A0A1W2PQM2|A0A1W2PQM2_HUMAN, tr|A0A7P0Z4A1|A0A7P0Z4A1_HUMAN, tr|F5H5D3|F5H5D3_HUMAN, tr|F8VQQ4|F8VQQ4_HUMAN, tr|F8VRK0|F8VRK0_HUMAN, tr|F8VRZ4|F8VRZ4_HUMAN, tr|F8VS66|F8VS66_HUMAN, tr|F8VVB9|F8VVB9_HUMAN, tr|F8VWV9|F8VWV9_HUMAN, tr|F8VX09|F8VX09_HUMAN, tr|F8W0F6|F8W0F6_HUMAN
sp|P10909|CLUS_HUMAN	P10909	CLUS_HUMAN	CLU	449	Homo sapiens OX=9606	1:Experimental evidence at protein level	Clusterin	1.0	0.999	5	7	0	7	2	0	5	0	0	0	2	0	5	6.5355248E7	0.0	4.449824E8	1.3990744E8	0.0	1.29941384E8	tr|H0YC35|H0YC35_HUMAN
sp|P11021|BIP_HUMAN	P11021	BIP_HUMAN	HSPA5	654	Homo sapiens OX=9606	1:Experimental evidence at protein level	Endoplasmic reticulum chaperone BiP	0.9844	0.999	2	1	0	2	0	0	1	0	0	0	0	0	2	0.0	0.0	1.717827E7	0.0	0.0	0.0	tr|A0A7P0TAI0|A0A7P0TAI0_HUMAN, tr|A0A7P0TB36|A0A7P0TB36_HUMAN
sp|P13645|K1C10_HUMAN	P13645	K1C10_HUMAN	KRT10	584	Homo sapiens OX=9606	1:Experimental evidence at protein level	Keratin, type I cytoskeletal 10	1.0	0.999	4	4	0	4	0	0	4	0	0	0	0	0	4	0.0	0.0	4.952668E7	0.0	0.0	0.0	tr|A0A1B0GVI3|A0A1B0GVI3_HUMAN
sp|P17174|AATC_HUMAN	P17174	AATC_HUMAN	GOT1	413	Homo sapiens OX=9606	1:Experimental evidence at protein level	Aspartate aminotransferase, cytoplasmic	0.8932	0.9925	1	1	1	1	0	0	1	0	0	1	0	0	1	0.0	0.0	8890520.0	0.0	0.0	0.0	
sp|P17538|CTRB1_HUMAN	P17538	CTRB1_HUMAN	CTRB1	263	Homo sapiens OX=9606	2:Experimental evidence at transcript level	Chymotrypsinogen B	1.0	0.999	3	15	0	15	5	1	9	0	0	0	5	1	9	3.5953082E10	5629378.0	3.5966513E10	3.5674112E10	0.0	3.41982495E10	sp|Q6GPI1|CTRB2_HUMAN, tr|A0A2R8YCR2|A0A2R8YCR2_HUMAN, tr|A0A2R8YG87|A0A2R8YG87_HUMAN
sp|P19827|ITIH1_HUMAN	P19827	ITIH1_HUMAN	ITIH1	911	Homo sapiens OX=9606	1:Experimental evidence at protein level	Inter-alpha-trypsin inhibitor heavy chain H1	0.9844	0.999	1	1	1	1	1	0	0	1	0	0	1	0	0	0.0	0.0	0.0	0.0	0.0	0.0	
sp|P20930|FILA_HUMAN	P20930	FILA_HUMAN	FLG	4061	Homo sapiens OX=9606	1:Experimental evidence at protein level	Filaggrin	1.0	0.999	1	2	2	2	0	0	2	0	0	2	0	0	2	0.0	0.0	1.47671824E8	0.0	0.0	0.0	
sp|P21741|MK_HUMAN	P21741	MK_HUMAN	MDK	143	Homo sapiens OX=9606	1:Experimental evidence at protein level	Midkine	0.9844	0.999	1	1	0	1	0	0	1	0	0	0	0	0	1	0.0	0.0	3.1865846E7	0.0	0.0	0.0	tr|E9PLM6|E9PLM6_HUMAN, tr|E9PPJ5|E9PPJ5_HUMAN
sp|P23528|COF1_HUMAN	P23528	COF1_HUMAN	CFL1	166	Homo sapiens OX=9606	1:Experimental evidence at protein level	Cofilin-1	0.9794	0.999	1	2	0	2	1	0	1	0	0	0	1	0	1	1.579749E7	0.0	1.8621644E7	0.0	0.0	0.0	tr|E9PP50|E9PP50_HUMAN, tr|E9PS23|E9PS23_HUMAN
sp|P29401|TKT_HUMAN	P29401	TKT_HUMAN	TKT	623	Homo sapiens OX=9606	1:Experimental evidence at protein level	Transketolase	0.9844	0.999	1	1	0	1	0	0	1	0	0	0	0	0	1	0.0	0.0	1.4151301E7	0.0	0.0	0.0	tr|A0A0B4J1R6|A0A0B4J1R6_HUMAN
sp|P35527|K1C9_HUMAN	P35527	K1C9_HUMAN	KRT9	623	Homo sapiens OX=9606	1:Experimental evidence at protein level	Keratin, type I cytoskeletal 9	1.0	0.999	2	2	1	2	1	0	1	1	0	0	1	0	1	4.8679284E7	0.0	4.5903548E7	0.0	0.0	0.0	
sp|P35908|K22E_HUMAN	P35908	K22E_HUMAN	KRT2	639	Homo sapiens OX=9606	1:Experimental evidence at protein level	Keratin, type II cytoskeletal 2 epidermal	0.9999	0.999	3	1	1	3	0	0	1	0	0	1	0	0	3	0.0	0.0	6729401.0	0.0	0.0	0.0	
sp|P36952|SPB5_HUMAN	P36952	SPB5_HUMAN	SERPINB5	375	Homo sapiens OX=9606	1:Experimental evidence at protein level	Serpin B5	0.9844	0.999	1	1	1	1	0	0	1	0	0	1	0	0	1	0.0	0.0	1.8967324E7	0.0	0.0	0.0	
sp|P47929|LEG7_HUMAN	P47929	LEG7_HUMAN	LGALS7	136	Homo sapiens OX=9606	1:Experimental evidence at protein level	Galectin-7	0.9844	0.999	1	1	1	1	0	0	1	0	0	1	0	0	1	0.0	0.0	1.4395892E7	0.0	0.0	0.0	
sp|P50395|GDIB_HUMAN	P50395	GDIB_HUMAN	GDI2	445	Homo sapiens OX=9606	1:Experimental evidence at protein level	Rab GDP dissociation inhibitor beta	0.9844	0.999	1	1	1	1	0	0	1	0	0	1	0	0	1	0.0	0.0	1.953292E7	0.0	0.0	0.0	
sp|P55786|PSA_HUMAN	P55786	PSA_HUMAN	NPEPPS	919	Homo sapiens OX=9606	1:Experimental evidence at protein level	Puromycin-sensitive aminopeptidase	1.0	0.999	2	2	0	2	0	0	2	0	0	0	0	0	2	0.0	0.0	2.2639632E7	0.0	0.0	0.0	tr|A0A7I2V389|A0A7I2V389_HUMAN, tr|A0A7I2V3W8|A0A7I2V3W8_HUMAN, tr|E9PLK3|E9PLK3_HUMAN, tr|E9PPZ2|E9PPZ2_HUMAN
sp|P62937|PPIA_HUMAN	P62937	PPIA_HUMAN	PPIA	165	Homo sapiens OX=9606	1:Experimental evidence at protein level	Peptidyl-prolyl cis-trans isomerase A	0.9844	0.999	1	1	0	1	0	0	1	0	0	0	0	0	1	0.0	0.0	2.0212952E7	0.0	0.0	0.0	tr|A0A7I2V4V1|A0A7I2V4V1_HUMAN, tr|C9J5S7|C9J5S7_HUMAN, tr|F8WE65|F8WE65_HUMAN
sp|P68104|EF1A1_HUMAN	P68104	EF1A1_HUMAN	EEF1A1	462	Homo sapiens OX=9606	1:Experimental evidence at protein level	Elongation factor 1-alpha 1	0.9195	0.9945	1	1	0	1	0	0	1	0	0	0	0	0	1	0.0	0.0	1.5695581E7	0.0	0.0	0.0	sp|Q05639|EF1A2_HUMAN, sp|Q5VTE0|EF1A3_HUMAN, tr|A0A087WV01|A0A087WV01_HUMAN, tr|A0A087WVQ9|A0A087WVQ9_HUMAN, tr|A0A2U3TZH3|A0A2U3TZH3_HUMAN, tr|A0A7I2V3H3|A0A7I2V3H3_HUMAN, tr|A0A7I2V5N4|A0A7I2V5N4_HUMAN, tr|A0A7I2V659|A0A7I2V659_HUMAN
sp|P68431|H31_HUMAN	P68431	H31_HUMAN	H3C1	136	Homo sapiens OX=9606	1:Experimental evidence at protein level	Histone H3.1	1.0	0.999	2	2	0	2	0	0	2	0	0	0	0	0	2	0.0	0.0	5.812476E7	0.0	0.0	0.0	sp|P84243|H33_HUMAN, sp|Q71DI3|H32_HUMAN, tr|A0A590UJJ6|A0A590UJJ6_HUMAN, tr|B4DEB1|B4DEB1_HUMAN, tr|K7EK07|K7EK07_HUMAN, tr|K7EMV3|K7EMV3_HUMAN, tr|K7ES00|K7ES00_HUMAN
sp|Q5SY68|S1A7B_HUMAN	Q5SY68	S1A7B_HUMAN	S100A7L2	101	Homo sapiens OX=9606	1:Experimental evidence at protein level	Protein S100-A7-like 2	0.9325	0.9958	1	1	0	1	0	0	1	0	0	0	0	0	1	0.0	0.0	8656415.0	0.0	0.0	0.0	
sp|Q9NZT1|CALL5_HUMAN	Q9NZT1	CALL5_HUMAN	CALML5	146	Homo sapiens OX=9606	1:Experimental evidence at protein level	Calmodulin-like protein 5	0.8695	0.9906	1	1	1	1	0	0	1	0	0	1	0	0	1	0.0	0.0	4.6439132E7	0.0	0.0	0.0	
tr|A0A0G2JMB2|A0A0G2JMB2_HUMAN	A0A0G2JMB2	A0A0G2JMB2_HUMAN	IGHA2	340	Homo sapiens OX=9606	1:Experimental evidence at protein level	Immunoglobulin heavy constant alpha 2 (Fragment)	1.0	0.999	26	8	2	99	3	0	5	1	0	1	39	0	60	1.09854042E9	0.0	2.44955238E9	1.12422221E9	0.0	1.04772358E9	
tr|C9JEU5|C9JEU5_HUMAN	C9JEU5	C9JEU5_HUMAN	FGG	445	Homo sapiens OX=9606	1:Experimental evidence at protein level	Fibrinogen gamma chain	1.0	0.999	20	42	2	42	16	0	26	0	0	2	16	0	26	1.45489344E9	0.0	2.42878438E9	3.12984544E8	0.0	3.54338784E8	
ustekinumab_LC	ustekinumab_LC	ustekinumab_LC		214			ustekinumab_LC	1.0	0.999	23	6	3	102	3	0	3	1	0	2	38	0	64	6.7424026E8	0.0	7.2420083E8	3.68597568E8	0.0	3.26927264E8	
