match_ig_type	Rawfilenumber	Sequence	Intensity	Sample	Ab	Ab_concentration_ng	Gingiskhan	Blood	Blood_concentration	overlap	nucleotide_sequence_full	nucleotide_sequence_cdr3	amino_acid_sequence_full	amino_acid_sequence_cdr3	amino_acid_sequence_Vregion	is_cdr3_related
PGDM1400_HC	17147.raw	TYDLHWVR	72950000	6	PGDM1400	14200	FALSE	FALSE	NA	0	CAGGCCCAGCTGGTGCAGAGCGGCCCCGAGGTGAGGAAGCCCGGCACCAGCGTGAAGGTGAGCTGCAAGGCCCCCGGCAACACCCTGAAGACCTACGACCTGCACTGGGTGAGGAGCGTGCCCGGCCAGGGCCTGCAGTGGATGGGCTGGATCAGCCACGAGGGCGACAAGAAGGTGATCGTGGAGAGGTTCAAGGCCAAGGTGACCATCGACTGGGACAGGAGCACCAACACCGCCTACCTGCAGCTGAGCGGCCTGACCAGCGGCGACACCGCCGTGTACTACTGCGCCAAGGGCAGCAAGCACAGGCTGAGGGACTACGCCCTGTACGACGACGACGGCGCCCTGAACTGGGCCGTGGACGTGGACTACCTGAGCAACCTGGAGTTCTGGGGCCAGGGCACCGCCGTGACCGTGAGCAGC	GCCAAGGGCAGCAAGCACAGGCTGAGGGACTACGCCCTGTACGACGACGACGGCGCCCTGAACTGGGCCGTGGACGTGGACTACCTGAGCAACCTGGAGTTC	QAQLVQSGPEVRKPGTSVKVSCKAPGNTLKTYDLHWVRSVPGQGLQWMGWISHEGDKKVIVERFKAKVTIDWDRSTNTAYLQLSGLTSGDTAVYYCAKGSKHRLRDYALYDDDGALNWAVDVDYLSNLEFWGQGTAVTVSSASTKGPSVFPLAPSSKSTSGGTAALGCLVKDYFPEPVTVSWNSGALTSGVHTFPAVLQSSGLYSLSSVVTVPSSSLGTQTYICNVNHKPSNTKVDKKVEPKSCDKTHTCPPCPAPELLGGPSVFLFPPKPKDTLMISRTPEVTCVVVDVSHEDPEVKFNWYVDGVEVHNAKTKPREEQYNSTYRVVSVLTVLHQDWLNGKEYKCKVSNKALPAPIEKTISKAKGQPREPQVYTLPPSREEMTKNQVSLTCLVKGFYPSDIAVEWESNGQPENNYKTTPPVLDSDGSFFLYSKLTVDKSRWQQGNVFSCSVMHEALHNHYTQKSLSLSPGK	CAKGSKHRLRDYALYDDDGALNWAVDVDYLSNLEFW	QAQLVQSGPEVRKPGTSVKVSCKAPGNTLKTYDLHWVRSVPGQGLQWMGWISHEGDKKVIVERFKAKVTIDWDRSTNTAYLQLSGLTSGDTAVYYCAKGSKHRLRDYALYDDDGALNWAVDVDYLSNLEFWGQGTAVTVSS	FALSE
PGDM1400_HC	17149.raw	TYDLHWVR	87690000	7	PGDM1400	14200	FALSE	TRUE	14.2ug	0	CAGGCCCAGCTGGTGCAGAGCGGCCCCGAGGTGAGGAAGCCCGGCACCAGCGTGAAGGTGAGCTGCAAGGCCCCCGGCAACACCCTGAAGACCTACGACCTGCACTGGGTGAGGAGCGTGCCCGGCCAGGGCCTGCAGTGGATGGGCTGGATCAGCCACGAGGGCGACAAGAAGGTGATCGTGGAGAGGTTCAAGGCCAAGGTGACCATCGACTGGGACAGGAGCACCAACACCGCCTACCTGCAGCTGAGCGGCCTGACCAGCGGCGACACCGCCGTGTACTACTGCGCCAAGGGCAGCAAGCACAGGCTGAGGGACTACGCCCTGTACGACGACGACGGCGCCCTGAACTGGGCCGTGGACGTGGACTACCTGAGCAACCTGGAGTTCTGGGGCCAGGGCACCGCCGTGACCGTGAGCAGC	GCCAAGGGCAGCAAGCACAGGCTGAGGGACTACGCCCTGTACGACGACGACGGCGCCCTGAACTGGGCCGTGGACGTGGACTACCTGAGCAACCTGGAGTTC	QAQLVQSGPEVRKPGTSVKVSCKAPGNTLKTYDLHWVRSVPGQGLQWMGWISHEGDKKVIVERFKAKVTIDWDRSTNTAYLQLSGLTSGDTAVYYCAKGSKHRLRDYALYDDDGALNWAVDVDYLSNLEFWGQGTAVTVSSASTKGPSVFPLAPSSKSTSGGTAALGCLVKDYFPEPVTVSWNSGALTSGVHTFPAVLQSSGLYSLSSVVTVPSSSLGTQTYICNVNHKPSNTKVDKKVEPKSCDKTHTCPPCPAPELLGGPSVFLFPPKPKDTLMISRTPEVTCVVVDVSHEDPEVKFNWYVDGVEVHNAKTKPREEQYNSTYRVVSVLTVLHQDWLNGKEYKCKVSNKALPAPIEKTISKAKGQPREPQVYTLPPSREEMTKNQVSLTCLVKGFYPSDIAVEWESNGQPENNYKTTPPVLDSDGSFFLYSKLTVDKSRWQQGNVFSCSVMHEALHNHYTQKSLSLSPGK	CAKGSKHRLRDYALYDDDGALNWAVDVDYLSNLEFW	QAQLVQSGPEVRKPGTSVKVSCKAPGNTLKTYDLHWVRSVPGQGLQWMGWISHEGDKKVIVERFKAKVTIDWDRSTNTAYLQLSGLTSGDTAVYYCAKGSKHRLRDYALYDDDGALNWAVDVDYLSNLEFWGQGTAVTVSS	FALSE
PGDM1400_HC	17149.raw	VSCKAPGNTLKTY	13222000	7	PGDM1400	14200	FALSE	TRUE	14.2ug	0	CAGGCCCAGCTGGTGCAGAGCGGCCCCGAGGTGAGGAAGCCCGGCACCAGCGTGAAGGTGAGCTGCAAGGCCCCCGGCAACACCCTGAAGACCTACGACCTGCACTGGGTGAGGAGCGTGCCCGGCCAGGGCCTGCAGTGGATGGGCTGGATCAGCCACGAGGGCGACAAGAAGGTGATCGTGGAGAGGTTCAAGGCCAAGGTGACCATCGACTGGGACAGGAGCACCAACACCGCCTACCTGCAGCTGAGCGGCCTGACCAGCGGCGACACCGCCGTGTACTACTGCGCCAAGGGCAGCAAGCACAGGCTGAGGGACTACGCCCTGTACGACGACGACGGCGCCCTGAACTGGGCCGTGGACGTGGACTACCTGAGCAACCTGGAGTTCTGGGGCCAGGGCACCGCCGTGACCGTGAGCAGC	GCCAAGGGCAGCAAGCACAGGCTGAGGGACTACGCCCTGTACGACGACGACGGCGCCCTGAACTGGGCCGTGGACGTGGACTACCTGAGCAACCTGGAGTTC	QAQLVQSGPEVRKPGTSVKVSCKAPGNTLKTYDLHWVRSVPGQGLQWMGWISHEGDKKVIVERFKAKVTIDWDRSTNTAYLQLSGLTSGDTAVYYCAKGSKHRLRDYALYDDDGALNWAVDVDYLSNLEFWGQGTAVTVSSASTKGPSVFPLAPSSKSTSGGTAALGCLVKDYFPEPVTVSWNSGALTSGVHTFPAVLQSSGLYSLSSVVTVPSSSLGTQTYICNVNHKPSNTKVDKKVEPKSCDKTHTCPPCPAPELLGGPSVFLFPPKPKDTLMISRTPEVTCVVVDVSHEDPEVKFNWYVDGVEVHNAKTKPREEQYNSTYRVVSVLTVLHQDWLNGKEYKCKVSNKALPAPIEKTISKAKGQPREPQVYTLPPSREEMTKNQVSLTCLVKGFYPSDIAVEWESNGQPENNYKTTPPVLDSDGSFFLYSKLTVDKSRWQQGNVFSCSVMHEALHNHYTQKSLSLSPGK	CAKGSKHRLRDYALYDDDGALNWAVDVDYLSNLEFW	QAQLVQSGPEVRKPGTSVKVSCKAPGNTLKTYDLHWVRSVPGQGLQWMGWISHEGDKKVIVERFKAKVTIDWDRSTNTAYLQLSGLTSGDTAVYYCAKGSKHRLRDYALYDDDGALNWAVDVDYLSNLEFWGQGTAVTVSS	FALSE
PGDM1400_LC	17147.raw	DFVLTQSPHSLSVTPGESASISCK	384920000	6	PGDM1400	14200	FALSE	FALSE	NA	0	GACTTCGTGCTGACCCAGAGCCCCCACAGCCTGAGCGTGACCCCCGGCGAGAGCGCCAGCATCAGCTGCAAGAGCAGCCACAGCCTGATCCACGGCGACAGGAACAACTACCTGGCCTGGTACGTGCAGAAGCCCGGCAGGAGCCCCCAGCTGCTGATCTACCTGGCCAGCAGCAGGGCCAGCGGCGTGCCCGACAGGTTCAGCGGCAGCGGCAGCGACAAGGACTTCACCCTGAAGATCAGCAGGGTGGAGACCGAGGACGTGGGCACCTACTACTGCATGCAGGGCAGGGAGAGCCCCTGGACCTTCGGCCAGGGCACCAAGGTGGACATCAAG	ATGCAGGGCAGGGAGAGCCCCTGGACC	DFVLTQSPHSLSVTPGESASISCKSSHSLIHGDRNNYLAWYVQKPGRSPQLLIYLASSRASGVPDRFSGSGSDKDFTLKISRVETEDVGTYYCMQGRESPWTFGQGTKVDIKRTVAAPSVFIFPPSDEQLKSGTASVVCLLNNFYPREAKVQWKVDNALQSGNSQESVTEQDSKDSTYSLSSTLTLSKADYEKHKVYACEVTHQGLSSPVTKSFNRGEC	CMQGRESPWTF	DFVLTQSPHSLSVTPGESASISCKSSHSLIHGDRNNYLAWYVQKPGRSPQLLIYLASSRASGVPDRFSGSGSDKDFTLKISRVETEDVGTYYCMQGRESPWTFGQGTKVDIK	FALSE
PGDM1400_LC	17147.raw	SPQLLIYLASSR	76920000	6	PGDM1400	14200	FALSE	FALSE	NA	0	GACTTCGTGCTGACCCAGAGCCCCCACAGCCTGAGCGTGACCCCCGGCGAGAGCGCCAGCATCAGCTGCAAGAGCAGCCACAGCCTGATCCACGGCGACAGGAACAACTACCTGGCCTGGTACGTGCAGAAGCCCGGCAGGAGCCCCCAGCTGCTGATCTACCTGGCCAGCAGCAGGGCCAGCGGCGTGCCCGACAGGTTCAGCGGCAGCGGCAGCGACAAGGACTTCACCCTGAAGATCAGCAGGGTGGAGACCGAGGACGTGGGCACCTACTACTGCATGCAGGGCAGGGAGAGCCCCTGGACCTTCGGCCAGGGCACCAAGGTGGACATCAAG	ATGCAGGGCAGGGAGAGCCCCTGGACC	DFVLTQSPHSLSVTPGESASISCKSSHSLIHGDRNNYLAWYVQKPGRSPQLLIYLASSRASGVPDRFSGSGSDKDFTLKISRVETEDVGTYYCMQGRESPWTFGQGTKVDIKRTVAAPSVFIFPPSDEQLKSGTASVVCLLNNFYPREAKVQWKVDNALQSGNSQESVTEQDSKDSTYSLSSTLTLSKADYEKHKVYACEVTHQGLSSPVTKSFNRGEC	CMQGRESPWTF	DFVLTQSPHSLSVTPGESASISCKSSHSLIHGDRNNYLAWYVQKPGRSPQLLIYLASSRASGVPDRFSGSGSDKDFTLKISRVETEDVGTYYCMQGRESPWTFGQGTKVDIK	FALSE
PGDM1400_LC	17147.raw	SSHSLIHGDRNNYLAW	79538000	6	PGDM1400	14200	FALSE	FALSE	NA	0	GACTTCGTGCTGACCCAGAGCCCCCACAGCCTGAGCGTGACCCCCGGCGAGAGCGCCAGCATCAGCTGCAAGAGCAGCCACAGCCTGATCCACGGCGACAGGAACAACTACCTGGCCTGGTACGTGCAGAAGCCCGGCAGGAGCCCCCAGCTGCTGATCTACCTGGCCAGCAGCAGGGCCAGCGGCGTGCCCGACAGGTTCAGCGGCAGCGGCAGCGACAAGGACTTCACCCTGAAGATCAGCAGGGTGGAGACCGAGGACGTGGGCACCTACTACTGCATGCAGGGCAGGGAGAGCCCCTGGACCTTCGGCCAGGGCACCAAGGTGGACATCAAG	ATGCAGGGCAGGGAGAGCCCCTGGACC	DFVLTQSPHSLSVTPGESASISCKSSHSLIHGDRNNYLAWYVQKPGRSPQLLIYLASSRASGVPDRFSGSGSDKDFTLKISRVETEDVGTYYCMQGRESPWTFGQGTKVDIKRTVAAPSVFIFPPSDEQLKSGTASVVCLLNNFYPREAKVQWKVDNALQSGNSQESVTEQDSKDSTYSLSSTLTLSKADYEKHKVYACEVTHQGLSSPVTKSFNRGEC	CMQGRESPWTF	DFVLTQSPHSLSVTPGESASISCKSSHSLIHGDRNNYLAWYVQKPGRSPQLLIYLASSRASGVPDRFSGSGSDKDFTLKISRVETEDVGTYYCMQGRESPWTFGQGTKVDIK	FALSE
PGDM1400_LC	17147.raw	VETEDVGTYYCMQGR	62778000	6	PGDM1400	14200	FALSE	FALSE	NA	4	GACTTCGTGCTGACCCAGAGCCCCCACAGCCTGAGCGTGACCCCCGGCGAGAGCGCCAGCATCAGCTGCAAGAGCAGCCACAGCCTGATCCACGGCGACAGGAACAACTACCTGGCCTGGTACGTGCAGAAGCCCGGCAGGAGCCCCCAGCTGCTGATCTACCTGGCCAGCAGCAGGGCCAGCGGCGTGCCCGACAGGTTCAGCGGCAGCGGCAGCGACAAGGACTTCACCCTGAAGATCAGCAGGGTGGAGACCGAGGACGTGGGCACCTACTACTGCATGCAGGGCAGGGAGAGCCCCTGGACCTTCGGCCAGGGCACCAAGGTGGACATCAAG	ATGCAGGGCAGGGAGAGCCCCTGGACC	DFVLTQSPHSLSVTPGESASISCKSSHSLIHGDRNNYLAWYVQKPGRSPQLLIYLASSRASGVPDRFSGSGSDKDFTLKISRVETEDVGTYYCMQGRESPWTFGQGTKVDIKRTVAAPSVFIFPPSDEQLKSGTASVVCLLNNFYPREAKVQWKVDNALQSGNSQESVTEQDSKDSTYSLSSTLTLSKADYEKHKVYACEVTHQGLSSPVTKSFNRGEC	CMQGRESPWTF	DFVLTQSPHSLSVTPGESASISCKSSHSLIHGDRNNYLAWYVQKPGRSPQLLIYLASSRASGVPDRFSGSGSDKDFTLKISRVETEDVGTYYCMQGRESPWTFGQGTKVDIK	TRUE
PGDM1400_LC	17149.raw	DFVLTQSPHSLSVTPGESASISCK	383840000	7	PGDM1400	14200	FALSE	TRUE	14.2ug	0	GACTTCGTGCTGACCCAGAGCCCCCACAGCCTGAGCGTGACCCCCGGCGAGAGCGCCAGCATCAGCTGCAAGAGCAGCCACAGCCTGATCCACGGCGACAGGAACAACTACCTGGCCTGGTACGTGCAGAAGCCCGGCAGGAGCCCCCAGCTGCTGATCTACCTGGCCAGCAGCAGGGCCAGCGGCGTGCCCGACAGGTTCAGCGGCAGCGGCAGCGACAAGGACTTCACCCTGAAGATCAGCAGGGTGGAGACCGAGGACGTGGGCACCTACTACTGCATGCAGGGCAGGGAGAGCCCCTGGACCTTCGGCCAGGGCACCAAGGTGGACATCAAG	ATGCAGGGCAGGGAGAGCCCCTGGACC	DFVLTQSPHSLSVTPGESASISCKSSHSLIHGDRNNYLAWYVQKPGRSPQLLIYLASSRASGVPDRFSGSGSDKDFTLKISRVETEDVGTYYCMQGRESPWTFGQGTKVDIKRTVAAPSVFIFPPSDEQLKSGTASVVCLLNNFYPREAKVQWKVDNALQSGNSQESVTEQDSKDSTYSLSSTLTLSKADYEKHKVYACEVTHQGLSSPVTKSFNRGEC	CMQGRESPWTF	DFVLTQSPHSLSVTPGESASISCKSSHSLIHGDRNNYLAWYVQKPGRSPQLLIYLASSRASGVPDRFSGSGSDKDFTLKISRVETEDVGTYYCMQGRESPWTFGQGTKVDIK	FALSE
PGDM1400_LC	17149.raw	ISRVETEDVGTY	125310000	7	PGDM1400	14200	FALSE	TRUE	14.2ug	0	GACTTCGTGCTGACCCAGAGCCCCCACAGCCTGAGCGTGACCCCCGGCGAGAGCGCCAGCATCAGCTGCAAGAGCAGCCACAGCCTGATCCACGGCGACAGGAACAACTACCTGGCCTGGTACGTGCAGAAGCCCGGCAGGAGCCCCCAGCTGCTGATCTACCTGGCCAGCAGCAGGGCCAGCGGCGTGCCCGACAGGTTCAGCGGCAGCGGCAGCGACAAGGACTTCACCCTGAAGATCAGCAGGGTGGAGACCGAGGACGTGGGCACCTACTACTGCATGCAGGGCAGGGAGAGCCCCTGGACCTTCGGCCAGGGCACCAAGGTGGACATCAAG	ATGCAGGGCAGGGAGAGCCCCTGGACC	DFVLTQSPHSLSVTPGESASISCKSSHSLIHGDRNNYLAWYVQKPGRSPQLLIYLASSRASGVPDRFSGSGSDKDFTLKISRVETEDVGTYYCMQGRESPWTFGQGTKVDIKRTVAAPSVFIFPPSDEQLKSGTASVVCLLNNFYPREAKVQWKVDNALQSGNSQESVTEQDSKDSTYSLSSTLTLSKADYEKHKVYACEVTHQGLSSPVTKSFNRGEC	CMQGRESPWTF	DFVLTQSPHSLSVTPGESASISCKSSHSLIHGDRNNYLAWYVQKPGRSPQLLIYLASSRASGVPDRFSGSGSDKDFTLKISRVETEDVGTYYCMQGRESPWTFGQGTKVDIK	FALSE
PGDM1400_LC	17149.raw	ISRVETEDVGTYY	265590000	7	PGDM1400	14200	FALSE	TRUE	14.2ug	0	GACTTCGTGCTGACCCAGAGCCCCCACAGCCTGAGCGTGACCCCCGGCGAGAGCGCCAGCATCAGCTGCAAGAGCAGCCACAGCCTGATCCACGGCGACAGGAACAACTACCTGGCCTGGTACGTGCAGAAGCCCGGCAGGAGCCCCCAGCTGCTGATCTACCTGGCCAGCAGCAGGGCCAGCGGCGTGCCCGACAGGTTCAGCGGCAGCGGCAGCGACAAGGACTTCACCCTGAAGATCAGCAGGGTGGAGACCGAGGACGTGGGCACCTACTACTGCATGCAGGGCAGGGAGAGCCCCTGGACCTTCGGCCAGGGCACCAAGGTGGACATCAAG	ATGCAGGGCAGGGAGAGCCCCTGGACC	DFVLTQSPHSLSVTPGESASISCKSSHSLIHGDRNNYLAWYVQKPGRSPQLLIYLASSRASGVPDRFSGSGSDKDFTLKISRVETEDVGTYYCMQGRESPWTFGQGTKVDIKRTVAAPSVFIFPPSDEQLKSGTASVVCLLNNFYPREAKVQWKVDNALQSGNSQESVTEQDSKDSTYSLSSTLTLSKADYEKHKVYACEVTHQGLSSPVTKSFNRGEC	CMQGRESPWTF	DFVLTQSPHSLSVTPGESASISCKSSHSLIHGDRNNYLAWYVQKPGRSPQLLIYLASSRASGVPDRFSGSGSDKDFTLKISRVETEDVGTYYCMQGRESPWTFGQGTKVDIK	FALSE
PGDM1400_LC	17149.raw	SGSGSDKDFTLK	11889000	7	PGDM1400	14200	FALSE	TRUE	14.2ug	0	GACTTCGTGCTGACCCAGAGCCCCCACAGCCTGAGCGTGACCCCCGGCGAGAGCGCCAGCATCAGCTGCAAGAGCAGCCACAGCCTGATCCACGGCGACAGGAACAACTACCTGGCCTGGTACGTGCAGAAGCCCGGCAGGAGCCCCCAGCTGCTGATCTACCTGGCCAGCAGCAGGGCCAGCGGCGTGCCCGACAGGTTCAGCGGCAGCGGCAGCGACAAGGACTTCACCCTGAAGATCAGCAGGGTGGAGACCGAGGACGTGGGCACCTACTACTGCATGCAGGGCAGGGAGAGCCCCTGGACCTTCGGCCAGGGCACCAAGGTGGACATCAAG	ATGCAGGGCAGGGAGAGCCCCTGGACC	DFVLTQSPHSLSVTPGESASISCKSSHSLIHGDRNNYLAWYVQKPGRSPQLLIYLASSRASGVPDRFSGSGSDKDFTLKISRVETEDVGTYYCMQGRESPWTFGQGTKVDIKRTVAAPSVFIFPPSDEQLKSGTASVVCLLNNFYPREAKVQWKVDNALQSGNSQESVTEQDSKDSTYSLSSTLTLSKADYEKHKVYACEVTHQGLSSPVTKSFNRGEC	CMQGRESPWTF	DFVLTQSPHSLSVTPGESASISCKSSHSLIHGDRNNYLAWYVQKPGRSPQLLIYLASSRASGVPDRFSGSGSDKDFTLKISRVETEDVGTYYCMQGRESPWTFGQGTKVDIK	FALSE
PGDM1400_LC	17149.raw	SPQLLIY	8621000	7	PGDM1400	14200	FALSE	TRUE	14.2ug	0	GACTTCGTGCTGACCCAGAGCCCCCACAGCCTGAGCGTGACCCCCGGCGAGAGCGCCAGCATCAGCTGCAAGAGCAGCCACAGCCTGATCCACGGCGACAGGAACAACTACCTGGCCTGGTACGTGCAGAAGCCCGGCAGGAGCCCCCAGCTGCTGATCTACCTGGCCAGCAGCAGGGCCAGCGGCGTGCCCGACAGGTTCAGCGGCAGCGGCAGCGACAAGGACTTCACCCTGAAGATCAGCAGGGTGGAGACCGAGGACGTGGGCACCTACTACTGCATGCAGGGCAGGGAGAGCCCCTGGACCTTCGGCCAGGGCACCAAGGTGGACATCAAG	ATGCAGGGCAGGGAGAGCCCCTGGACC	DFVLTQSPHSLSVTPGESASISCKSSHSLIHGDRNNYLAWYVQKPGRSPQLLIYLASSRASGVPDRFSGSGSDKDFTLKISRVETEDVGTYYCMQGRESPWTFGQGTKVDIKRTVAAPSVFIFPPSDEQLKSGTASVVCLLNNFYPREAKVQWKVDNALQSGNSQESVTEQDSKDSTYSLSSTLTLSKADYEKHKVYACEVTHQGLSSPVTKSFNRGEC	CMQGRESPWTF	DFVLTQSPHSLSVTPGESASISCKSSHSLIHGDRNNYLAWYVQKPGRSPQLLIYLASSRASGVPDRFSGSGSDKDFTLKISRVETEDVGTYYCMQGRESPWTFGQGTKVDIK	FALSE
PGDM1400_LC	17149.raw	SPQLLIYLASSR	145500000	7	PGDM1400	14200	FALSE	TRUE	14.2ug	0	GACTTCGTGCTGACCCAGAGCCCCCACAGCCTGAGCGTGACCCCCGGCGAGAGCGCCAGCATCAGCTGCAAGAGCAGCCACAGCCTGATCCACGGCGACAGGAACAACTACCTGGCCTGGTACGTGCAGAAGCCCGGCAGGAGCCCCCAGCTGCTGATCTACCTGGCCAGCAGCAGGGCCAGCGGCGTGCCCGACAGGTTCAGCGGCAGCGGCAGCGACAAGGACTTCACCCTGAAGATCAGCAGGGTGGAGACCGAGGACGTGGGCACCTACTACTGCATGCAGGGCAGGGAGAGCCCCTGGACCTTCGGCCAGGGCACCAAGGTGGACATCAAG	ATGCAGGGCAGGGAGAGCCCCTGGACC	DFVLTQSPHSLSVTPGESASISCKSSHSLIHGDRNNYLAWYVQKPGRSPQLLIYLASSRASGVPDRFSGSGSDKDFTLKISRVETEDVGTYYCMQGRESPWTFGQGTKVDIKRTVAAPSVFIFPPSDEQLKSGTASVVCLLNNFYPREAKVQWKVDNALQSGNSQESVTEQDSKDSTYSLSSTLTLSKADYEKHKVYACEVTHQGLSSPVTKSFNRGEC	CMQGRESPWTF	DFVLTQSPHSLSVTPGESASISCKSSHSLIHGDRNNYLAWYVQKPGRSPQLLIYLASSRASGVPDRFSGSGSDKDFTLKISRVETEDVGTYYCMQGRESPWTFGQGTKVDIK	FALSE
PGDM1400_LC	17149.raw	SSHSLIHGDRNNY	29481000	7	PGDM1400	14200	FALSE	TRUE	14.2ug	0	GACTTCGTGCTGACCCAGAGCCCCCACAGCCTGAGCGTGACCCCCGGCGAGAGCGCCAGCATCAGCTGCAAGAGCAGCCACAGCCTGATCCACGGCGACAGGAACAACTACCTGGCCTGGTACGTGCAGAAGCCCGGCAGGAGCCCCCAGCTGCTGATCTACCTGGCCAGCAGCAGGGCCAGCGGCGTGCCCGACAGGTTCAGCGGCAGCGGCAGCGACAAGGACTTCACCCTGAAGATCAGCAGGGTGGAGACCGAGGACGTGGGCACCTACTACTGCATGCAGGGCAGGGAGAGCCCCTGGACCTTCGGCCAGGGCACCAAGGTGGACATCAAG	ATGCAGGGCAGGGAGAGCCCCTGGACC	DFVLTQSPHSLSVTPGESASISCKSSHSLIHGDRNNYLAWYVQKPGRSPQLLIYLASSRASGVPDRFSGSGSDKDFTLKISRVETEDVGTYYCMQGRESPWTFGQGTKVDIKRTVAAPSVFIFPPSDEQLKSGTASVVCLLNNFYPREAKVQWKVDNALQSGNSQESVTEQDSKDSTYSLSSTLTLSKADYEKHKVYACEVTHQGLSSPVTKSFNRGEC	CMQGRESPWTF	DFVLTQSPHSLSVTPGESASISCKSSHSLIHGDRNNYLAWYVQKPGRSPQLLIYLASSRASGVPDRFSGSGSDKDFTLKISRVETEDVGTYYCMQGRESPWTFGQGTKVDIK	FALSE
PGDM1400_LC	17149.raw	SSHSLIHGDRNNYLAW	140160000	7	PGDM1400	14200	FALSE	TRUE	14.2ug	0	GACTTCGTGCTGACCCAGAGCCCCCACAGCCTGAGCGTGACCCCCGGCGAGAGCGCCAGCATCAGCTGCAAGAGCAGCCACAGCCTGATCCACGGCGACAGGAACAACTACCTGGCCTGGTACGTGCAGAAGCCCGGCAGGAGCCCCCAGCTGCTGATCTACCTGGCCAGCAGCAGGGCCAGCGGCGTGCCCGACAGGTTCAGCGGCAGCGGCAGCGACAAGGACTTCACCCTGAAGATCAGCAGGGTGGAGACCGAGGACGTGGGCACCTACTACTGCATGCAGGGCAGGGAGAGCCCCTGGACCTTCGGCCAGGGCACCAAGGTGGACATCAAG	ATGCAGGGCAGGGAGAGCCCCTGGACC	DFVLTQSPHSLSVTPGESASISCKSSHSLIHGDRNNYLAWYVQKPGRSPQLLIYLASSRASGVPDRFSGSGSDKDFTLKISRVETEDVGTYYCMQGRESPWTFGQGTKVDIKRTVAAPSVFIFPPSDEQLKSGTASVVCLLNNFYPREAKVQWKVDNALQSGNSQESVTEQDSKDSTYSLSSTLTLSKADYEKHKVYACEVTHQGLSSPVTKSFNRGEC	CMQGRESPWTF	DFVLTQSPHSLSVTPGESASISCKSSHSLIHGDRNNYLAWYVQKPGRSPQLLIYLASSRASGVPDRFSGSGSDKDFTLKISRVETEDVGTYYCMQGRESPWTFGQGTKVDIK	FALSE
PGDM1400_LC	17149.raw	VETEDVGTYYCMQGR	63185000	7	PGDM1400	14200	FALSE	TRUE	14.2ug	4	GACTTCGTGCTGACCCAGAGCCCCCACAGCCTGAGCGTGACCCCCGGCGAGAGCGCCAGCATCAGCTGCAAGAGCAGCCACAGCCTGATCCACGGCGACAGGAACAACTACCTGGCCTGGTACGTGCAGAAGCCCGGCAGGAGCCCCCAGCTGCTGATCTACCTGGCCAGCAGCAGGGCCAGCGGCGTGCCCGACAGGTTCAGCGGCAGCGGCAGCGACAAGGACTTCACCCTGAAGATCAGCAGGGTGGAGACCGAGGACGTGGGCACCTACTACTGCATGCAGGGCAGGGAGAGCCCCTGGACCTTCGGCCAGGGCACCAAGGTGGACATCAAG	ATGCAGGGCAGGGAGAGCCCCTGGACC	DFVLTQSPHSLSVTPGESASISCKSSHSLIHGDRNNYLAWYVQKPGRSPQLLIYLASSRASGVPDRFSGSGSDKDFTLKISRVETEDVGTYYCMQGRESPWTFGQGTKVDIKRTVAAPSVFIFPPSDEQLKSGTASVVCLLNNFYPREAKVQWKVDNALQSGNSQESVTEQDSKDSTYSLSSTLTLSKADYEKHKVYACEVTHQGLSSPVTKSFNRGEC	CMQGRESPWTF	DFVLTQSPHSLSVTPGESASISCKSSHSLIHGDRNNYLAWYVQKPGRSPQLLIYLASSRASGVPDRFSGSGSDKDFTLKISRVETEDVGTYYCMQGRESPWTFGQGTKVDIK	TRUE
PGDM1400_LC	17149.raw	VQKPGRSPQLLIY	36795000	7	PGDM1400	14200	FALSE	TRUE	14.2ug	0	GACTTCGTGCTGACCCAGAGCCCCCACAGCCTGAGCGTGACCCCCGGCGAGAGCGCCAGCATCAGCTGCAAGAGCAGCCACAGCCTGATCCACGGCGACAGGAACAACTACCTGGCCTGGTACGTGCAGAAGCCCGGCAGGAGCCCCCAGCTGCTGATCTACCTGGCCAGCAGCAGGGCCAGCGGCGTGCCCGACAGGTTCAGCGGCAGCGGCAGCGACAAGGACTTCACCCTGAAGATCAGCAGGGTGGAGACCGAGGACGTGGGCACCTACTACTGCATGCAGGGCAGGGAGAGCCCCTGGACCTTCGGCCAGGGCACCAAGGTGGACATCAAG	ATGCAGGGCAGGGAGAGCCCCTGGACC	DFVLTQSPHSLSVTPGESASISCKSSHSLIHGDRNNYLAWYVQKPGRSPQLLIYLASSRASGVPDRFSGSGSDKDFTLKISRVETEDVGTYYCMQGRESPWTFGQGTKVDIKRTVAAPSVFIFPPSDEQLKSGTASVVCLLNNFYPREAKVQWKVDNALQSGNSQESVTEQDSKDSTYSLSSTLTLSKADYEKHKVYACEVTHQGLSSPVTKSFNRGEC	CMQGRESPWTF	DFVLTQSPHSLSVTPGESASISCKSSHSLIHGDRNNYLAWYVQKPGRSPQLLIYLASSRASGVPDRFSGSGSDKDFTLKISRVETEDVGTYYCMQGRESPWTFGQGTKVDIK	FALSE
PGDM1400_LC	17151.raw	DFVLTQSPHSLSVTPGESASISCK	13193000	8	PGDM1400	142	FALSE	TRUE	14.2ug	0	GACTTCGTGCTGACCCAGAGCCCCCACAGCCTGAGCGTGACCCCCGGCGAGAGCGCCAGCATCAGCTGCAAGAGCAGCCACAGCCTGATCCACGGCGACAGGAACAACTACCTGGCCTGGTACGTGCAGAAGCCCGGCAGGAGCCCCCAGCTGCTGATCTACCTGGCCAGCAGCAGGGCCAGCGGCGTGCCCGACAGGTTCAGCGGCAGCGGCAGCGACAAGGACTTCACCCTGAAGATCAGCAGGGTGGAGACCGAGGACGTGGGCACCTACTACTGCATGCAGGGCAGGGAGAGCCCCTGGACCTTCGGCCAGGGCACCAAGGTGGACATCAAG	ATGCAGGGCAGGGAGAGCCCCTGGACC	DFVLTQSPHSLSVTPGESASISCKSSHSLIHGDRNNYLAWYVQKPGRSPQLLIYLASSRASGVPDRFSGSGSDKDFTLKISRVETEDVGTYYCMQGRESPWTFGQGTKVDIKRTVAAPSVFIFPPSDEQLKSGTASVVCLLNNFYPREAKVQWKVDNALQSGNSQESVTEQDSKDSTYSLSSTLTLSKADYEKHKVYACEVTHQGLSSPVTKSFNRGEC	CMQGRESPWTF	DFVLTQSPHSLSVTPGESASISCKSSHSLIHGDRNNYLAWYVQKPGRSPQLLIYLASSRASGVPDRFSGSGSDKDFTLKISRVETEDVGTYYCMQGRESPWTFGQGTKVDIK	FALSE
PGT121_LC	17147.raw	SDISVAPGETAR	64789000	6	PGDM1400	14200	FALSE	FALSE	NA	0	AGCGACATCAGCGTGGCCCCCGGCGAGACCGCCAGGATCAGCTGCGGCGAGAAGAGCCTGGGCAGCAGGGCCGTGCAGTGGTACCAGCACAGGGCCGGCCAGGCCCCCAGCCTGATCATCTACAACAACCAGGACAGGCCCAGCGGCATCCCCGAGAGGTTCAGCGGCAGCCCCGACAGCCCCTTCGGCACCACCGCCACCCTGACCATCACCAGCGTGGAGGCCGGCGACGAGGCCGACTACTACTGCCACATCTGGGACAGCAGGGTGCCCACCAAGTGGGTGTTCGGCGGCGGCACCACCCTGACCGTCCTA	CACATCTGGGACAGCAGGGTGCCCACCAAGTGGGTG	SDISVAPGETARISCGEKSLGSRAVQWYQHRAGQAPSLIIYNNQDRPSGIPERFSGSPDSPFGTTATLTITSVEAGDEADYYCHIWDSRVPTKWVFGGGTTLTVLGQPKAAPSVTLFPPSSEELQANKATLVCLISDFYPGAVTVAWKADSSPVKAGVETTTPSKQSNNKYAASSYLSLTPEQWKSHRSYSCQVTHEGSTVEKTVAPTECS	CHIWDSRVPTKWVF	SDISVAPGETARISCGEKSLGSRAVQWYQHRAGQAPSLIIYNNQDRPSGIPERFSGSPDSPFGTTATLTITSVEAGDEADYYCHIWDSRVPTKWVFGGGTTLTVL	FALSE
PGT121_LC	17149.raw	AVQWYQHR	2269200	7	PGDM1400	14200	FALSE	TRUE	14.2ug	0	AGCGACATCAGCGTGGCCCCCGGCGAGACCGCCAGGATCAGCTGCGGCGAGAAGAGCCTGGGCAGCAGGGCCGTGCAGTGGTACCAGCACAGGGCCGGCCAGGCCCCCAGCCTGATCATCTACAACAACCAGGACAGGCCCAGCGGCATCCCCGAGAGGTTCAGCGGCAGCCCCGACAGCCCCTTCGGCACCACCGCCACCCTGACCATCACCAGCGTGGAGGCCGGCGACGAGGCCGACTACTACTGCCACATCTGGGACAGCAGGGTGCCCACCAAGTGGGTGTTCGGCGGCGGCACCACCCTGACCGTCCTA	CACATCTGGGACAGCAGGGTGCCCACCAAGTGGGTG	SDISVAPGETARISCGEKSLGSRAVQWYQHRAGQAPSLIIYNNQDRPSGIPERFSGSPDSPFGTTATLTITSVEAGDEADYYCHIWDSRVPTKWVFGGGTTLTVLGQPKAAPSVTLFPPSSEELQANKATLVCLISDFYPGAVTVAWKADSSPVKAGVETTTPSKQSNNKYAASSYLSLTPEQWKSHRSYSCQVTHEGSTVEKTVAPTECS	CHIWDSRVPTKWVF	SDISVAPGETARISCGEKSLGSRAVQWYQHRAGQAPSLIIYNNQDRPSGIPERFSGSPDSPFGTTATLTITSVEAGDEADYYCHIWDSRVPTKWVFGGGTTLTVL	FALSE
PGT121_LC	17149.raw	SDISVAPGETAR	57667000	7	PGDM1400	14200	FALSE	TRUE	14.2ug	0	AGCGACATCAGCGTGGCCCCCGGCGAGACCGCCAGGATCAGCTGCGGCGAGAAGAGCCTGGGCAGCAGGGCCGTGCAGTGGTACCAGCACAGGGCCGGCCAGGCCCCCAGCCTGATCATCTACAACAACCAGGACAGGCCCAGCGGCATCCCCGAGAGGTTCAGCGGCAGCCCCGACAGCCCCTTCGGCACCACCGCCACCCTGACCATCACCAGCGTGGAGGCCGGCGACGAGGCCGACTACTACTGCCACATCTGGGACAGCAGGGTGCCCACCAAGTGGGTGTTCGGCGGCGGCACCACCCTGACCGTCCTA	CACATCTGGGACAGCAGGGTGCCCACCAAGTGGGTG	SDISVAPGETARISCGEKSLGSRAVQWYQHRAGQAPSLIIYNNQDRPSGIPERFSGSPDSPFGTTATLTITSVEAGDEADYYCHIWDSRVPTKWVFGGGTTLTVLGQPKAAPSVTLFPPSSEELQANKATLVCLISDFYPGAVTVAWKADSSPVKAGVETTTPSKQSNNKYAASSYLSLTPEQWKSHRSYSCQVTHEGSTVEKTVAPTECS	CHIWDSRVPTKWVF	SDISVAPGETARISCGEKSLGSRAVQWYQHRAGQAPSLIIYNNQDRPSGIPERFSGSPDSPFGTTATLTITSVEAGDEADYYCHIWDSRVPTKWVFGGGTTLTVL	FALSE
Umab_HC	17145.raw	EVQLVQSGAEVKKPGESLK	8966500	5	NA	NA	FALSE	TRUE	14.2ug	0	GAGGTGCAGCTGGTGCAGAGCGGCGCCGAGGTGAAGAAGCCCGGCGAGAGCCTGAAGATCAGCTGCAAGGGCAGCGGCTACAGCTTCACCACCTACTGGCTGGGCTGGGTGAGGCAGATGCCCGGCAAGGGCCTGGACTGGATCGGCATCATGAGCCCCGTGGACAGCGACATCAGGTACAGCCCCAGCTTCCAGGGCCAGGTGACCATGAGCGTGGACAAGAGCATCACCACCGCCTACCTGCAGTGGAACAGCCTGAAGGCCAGCGACACCGCCATGTACTACTGCGCCAGGAGGAGGCCCGGCCAGGGCTACTTCGACTTCTGGGGCCAGGGCACCCTGGTGACCGTGAGCAGCAGC	GCCAGGAGGAGGCCCGGCCAGGGCTACTTCGACTTC	EVQLVQSGAEVKKPGESLKISCKGSGYSFTTYWLGWVRQMPGKGLDWIGIMSPVDSDIRYSPSFQGQVTMSVDKSITTAYLQWNSLKASDTAMYYCARRRPGQGYFDFWGQGTLVTVSSSSTKGPSVFPLAPSSKSTSGGTAALGCLVKDYFPEPVTVSWNSGALTSGVHTFPAVLQSSGLYSLSSVVTVPSSSLGTQTYICNVNHKPSNTKVDKRVEPKSCDKTHTCPPCPAPELLGGPSVFLFPPKPKDTLMISRTPEVTCVVVDVSHEDPEVKFNWYVDGVEVHNAKTKPREEQYNSTYRVVSVLTVLHQDWLNGKEYKCKVSNKALPAPIEKTISKAKGQPREPQVYTLPPSRDELTKNQVSLTCLVKGFYPSDIAVEWESNGQPENNYKTTPPVLDSDGSFFLYSKLTVDKSRWQQGNVFSCSVMHEALHNHYTQKSLSLSPGK	CARRRPGQGYFDFW	EVQLVQSGAEVKKPGESLKISCKGSGYSFTTYWLGWVRQMPGKGLDWIGIMSPVDSDIRYSPSFQGQVTMSVDKSITTAYLQWNSLKASDTAMYYCARRRPGQGYFDFWGQGTLVTVSS	FALSE
Umab_HC	17151.raw	EVQLVQSGAEVKKPGESLK	6778800	8	PGDM1400	142	FALSE	TRUE	14.2ug	0	GAGGTGCAGCTGGTGCAGAGCGGCGCCGAGGTGAAGAAGCCCGGCGAGAGCCTGAAGATCAGCTGCAAGGGCAGCGGCTACAGCTTCACCACCTACTGGCTGGGCTGGGTGAGGCAGATGCCCGGCAAGGGCCTGGACTGGATCGGCATCATGAGCCCCGTGGACAGCGACATCAGGTACAGCCCCAGCTTCCAGGGCCAGGTGACCATGAGCGTGGACAAGAGCATCACCACCGCCTACCTGCAGTGGAACAGCCTGAAGGCCAGCGACACCGCCATGTACTACTGCGCCAGGAGGAGGCCCGGCCAGGGCTACTTCGACTTCTGGGGCCAGGGCACCCTGGTGACCGTGAGCAGCAGC	GCCAGGAGGAGGCCCGGCCAGGGCTACTTCGACTTC	EVQLVQSGAEVKKPGESLKISCKGSGYSFTTYWLGWVRQMPGKGLDWIGIMSPVDSDIRYSPSFQGQVTMSVDKSITTAYLQWNSLKASDTAMYYCARRRPGQGYFDFWGQGTLVTVSSSSTKGPSVFPLAPSSKSTSGGTAALGCLVKDYFPEPVTVSWNSGALTSGVHTFPAVLQSSGLYSLSSVVTVPSSSLGTQTYICNVNHKPSNTKVDKRVEPKSCDKTHTCPPCPAPELLGGPSVFLFPPKPKDTLMISRTPEVTCVVVDVSHEDPEVKFNWYVDGVEVHNAKTKPREEQYNSTYRVVSVLTVLHQDWLNGKEYKCKVSNKALPAPIEKTISKAKGQPREPQVYTLPPSRDELTKNQVSLTCLVKGFYPSDIAVEWESNGQPENNYKTTPPVLDSDGSFFLYSKLTVDKSRWQQGNVFSCSVMHEALHNHYTQKSLSLSPGK	CARRRPGQGYFDFW	EVQLVQSGAEVKKPGESLKISCKGSGYSFTTYWLGWVRQMPGKGLDWIGIMSPVDSDIRYSPSFQGQVTMSVDKSITTAYLQWNSLKASDTAMYYCARRRPGQGYFDFWGQGTLVTVSS	FALSE
Brimab_LC	17149.raw	QQLPGTAPK	1356700	7	PGDM1400	14200	FALSE	TRUE	14.2ug	0	CAGAGCGTGCTGACCCAGCCCCCCAGCGTGAGCGGCGCCCCCGGCCAGAGGGTGACCATCAGCTGCAGCGGCAGCAGGAGCAACATCGGCAGCAACACCGTGAAGTGGTACCAGCAGCTGCCCGGCACCGCCCCCAAGCTGCTGATCTACTACAACGACCAGAGGCCCAGCGGCGTGCCCGACAGGTTCAGCGGCAGCAAGAGCGGCACCAGCGCCAGCCTGGCCATCACCGGCCTGCAGGCCGAGGACGAGGCCGACTACTACTGCCAGAGCTACGACAGGTACACCCACCCCGCCCTGCTGTTCGGCACCGGCACCAAGGTGACCGTGCTG	CAGAGCTACGACAGGTACACCCACCCCGCCCTGCTG	QSVLTQPPSVSGAPGQRVTISCSGSRSNIGSNTVKWYQQLPGTAPKLLIYYNDQRPSGVPDRFSGSKSGTSASLAITGLQAEDEADYYCQSYDRYTHPALLFGTGTKVTVLGQPKAAPSVTLFPPSSEELQANKATLVCLISDFYPGAVTVAWKADSSPVKAGVETTTPSKQSNNKYAASSYLSLTPEQWKSHRSYSCQVTHEGSTVEKTVAPTECS	CQSYDRYTHPALLF	QSVLTQPPSVSGAPGQRVTISCSGSRSNIGSNTVKWYQQLPGTAPKLLIYYNDQRPSGVPDRFSGSKSGTSASLAITGLQAEDEADYYCQSYDRYTHPALLFGTGTKVTVL	FALSE
Brimab_LC	17149.raw	VTISCSGSR	1713900	7	PGDM1400	14200	FALSE	TRUE	14.2ug	0	CAGAGCGTGCTGACCCAGCCCCCCAGCGTGAGCGGCGCCCCCGGCCAGAGGGTGACCATCAGCTGCAGCGGCAGCAGGAGCAACATCGGCAGCAACACCGTGAAGTGGTACCAGCAGCTGCCCGGCACCGCCCCCAAGCTGCTGATCTACTACAACGACCAGAGGCCCAGCGGCGTGCCCGACAGGTTCAGCGGCAGCAAGAGCGGCACCAGCGCCAGCCTGGCCATCACCGGCCTGCAGGCCGAGGACGAGGCCGACTACTACTGCCAGAGCTACGACAGGTACACCCACCCCGCCCTGCTGTTCGGCACCGGCACCAAGGTGACCGTGCTG	CAGAGCTACGACAGGTACACCCACCCCGCCCTGCTG	QSVLTQPPSVSGAPGQRVTISCSGSRSNIGSNTVKWYQQLPGTAPKLLIYYNDQRPSGVPDRFSGSKSGTSASLAITGLQAEDEADYYCQSYDRYTHPALLFGTGTKVTVLGQPKAAPSVTLFPPSSEELQANKATLVCLISDFYPGAVTVAWKADSSPVKAGVETTTPSKQSNNKYAASSYLSLTPEQWKSHRSYSCQVTHEGSTVEKTVAPTECS	CQSYDRYTHPALLF	QSVLTQPPSVSGAPGQRVTISCSGSRSNIGSNTVKWYQQLPGTAPKLLIYYNDQRPSGVPDRFSGSKSGTSASLAITGLQAEDEADYYCQSYDRYTHPALLFGTGTKVTVL	FALSE
Brimab_LC	17151.raw	VTISCSGSR	1004600	8	PGDM1400	142	FALSE	TRUE	14.2ug	0	CAGAGCGTGCTGACCCAGCCCCCCAGCGTGAGCGGCGCCCCCGGCCAGAGGGTGACCATCAGCTGCAGCGGCAGCAGGAGCAACATCGGCAGCAACACCGTGAAGTGGTACCAGCAGCTGCCCGGCACCGCCCCCAAGCTGCTGATCTACTACAACGACCAGAGGCCCAGCGGCGTGCCCGACAGGTTCAGCGGCAGCAAGAGCGGCACCAGCGCCAGCCTGGCCATCACCGGCCTGCAGGCCGAGGACGAGGCCGACTACTACTGCCAGAGCTACGACAGGTACACCCACCCCGCCCTGCTGTTCGGCACCGGCACCAAGGTGACCGTGCTG	CAGAGCTACGACAGGTACACCCACCCCGCCCTGCTG	QSVLTQPPSVSGAPGQRVTISCSGSRSNIGSNTVKWYQQLPGTAPKLLIYYNDQRPSGVPDRFSGSKSGTSASLAITGLQAEDEADYYCQSYDRYTHPALLFGTGTKVTVLGQPKAAPSVTLFPPSSEELQANKATLVCLISDFYPGAVTVAWKADSSPVKAGVETTTPSKQSNNKYAASSYLSLTPEQWKSHRSYSCQVTHEGSTVEKTVAPTECS	CQSYDRYTHPALLF	QSVLTQPPSVSGAPGQRVTISCSGSRSNIGSNTVKWYQQLPGTAPKLLIYYNDQRPSGVPDRFSGSKSGTSASLAITGLQAEDEADYYCQSYDRYTHPALLFGTGTKVTVL	FALSE
h9C12_LC	17149.raw	SPQLLIY	8621000	7	PGDM1400	14200	FALSE	TRUE	14.2ug	0	AACATCGTGATGACCCAGACCCCCAAGTTCCTGCTGGTGAGCATCGGCGACAGCATCACCATCACCTGCAAGGCCAGCCAGAGCGTGACCAACGACGCCGCCTGGTACCAGAAGAAGCCCGGCCAGAGCCCCCAGCTGCTGATCTACCAGGCCAGCACCAGATACACCGGCGTGCCCGACAGATTCAGCGGCAGCGGCTACGGCACCGACTTCACCTTCACCATCAGCGCCGTGCAGGCCGAGGACCTGGCCGTGTACTTCTGCCACCAGGACTACAGCAGCCCCCTGACCTTCGGCGCCGGCACCAAGCTGGAGCTGAAG	CACCAGGACTACAGCAGCCCCCTGACC	NIVMTQTPKFLLVSIGDSITITCKASQSVTNDAAWYQKKPGQSPQLLIYQASTRYTGVPDRFSGSGYGTDFTFTISAVQAEDLAVYFCHQDYSSPLTFGAGTKLELKRADAAPTVSIFPPSSEQLTSGGASVVCFLNNFYPKDINVKWKIDGSERQNGVLNSWTDQDSKDSTYSMSSTLTLTKDEYERHNSYTCEATHKTSTSPIVKSFNRNEC	CHQDYSSPLTF	NIVMTQTPKFLLVSIGDSITITCKASQSVTNDAAWYQKKPGQSPQLLIYQASTRYTGVPDRFSGSGYGTDFTFTISAVQAEDLAVYFCHQDYSSPLTFGAGTKLELK	FALSE
