enzyme	amino_acid_sequence_Vregion	peptide	sequence_name	amino_acid_sequence_cdr3	peptide_start	peptide_end	cdr3_start	cdr3_end	overlap
Trypsin	QAQLVQSGPEVRKPGTSVKVSCKAPGNTLKTYDLHWVRSVPGQGLQWMGWISHEGDKKVIVERFKAKVTIDWDRSTNTAYLQLSGLTSGDTAVYYCAKGSKHRLRDYALYDDDGALNWAVDVDYLSNLEFWGQGTAVTVSS	DYALYDDDGALNWAVDVDYLSNLEFWGQGTAVTVSS	PGDM1400_HC	CAKGSKHRLRDYALYDDDGALNWAVDVDYLSNLEFW	106	141	96	131	25
Trypsin	QAQLVQSGPEVRKPGTSVKVSCKAPGNTLKTYDLHWVRSVPGQGLQWMGWISHEGDKKVIVERFKAKVTIDWDRSTNTAYLQLSGLTSGDTAVYYCAKGSKHRLRDYALYDDDGALNWAVDVDYLSNLEFWGQGTAVTVSS	STNTAYLQLSGLTSGDTAVYYCAKGSK	PGDM1400_HC	CAKGSKHRLRDYALYDDDGALNWAVDVDYLSNLEFW	75	101	96	131	5
Trypsin	QAQLVQSGPEVRKPGTSVKVSCKAPGNTLKTYDLHWVRSVPGQGLQWMGWISHEGDKKVIVERFKAKVTIDWDRSTNTAYLQLSGLTSGDTAVYYCAKGSKHRLRDYALYDDDGALNWAVDVDYLSNLEFWGQGTAVTVSS	LRDYALYDDDGALNWAVDVDYLSNLEFWGQGTAVTVSS	PGDM1400_HC	CAKGSKHRLRDYALYDDDGALNWAVDVDYLSNLEFW	104	141	96	131	27
Trypsin	QAQLVQSGPEVRKPGTSVKVSCKAPGNTLKTYDLHWVRSVPGQGLQWMGWISHEGDKKVIVERFKAKVTIDWDRSTNTAYLQLSGLTSGDTAVYYCAKGSKHRLRDYALYDDDGALNWAVDVDYLSNLEFWGQGTAVTVSS	VTIDWDRSTNTAYLQLSGLTSGDTAVYYCAKGSK	PGDM1400_HC	CAKGSKHRLRDYALYDDDGALNWAVDVDYLSNLEFW	68	101	96	131	5
Trypsin	QAQLVQSGPEVRKPGTSVKVSCKAPGNTLKTYDLHWVRSVPGQGLQWMGWISHEGDKKVIVERFKAKVTIDWDRSTNTAYLQLSGLTSGDTAVYYCAKGSKHRLRDYALYDDDGALNWAVDVDYLSNLEFWGQGTAVTVSS	STNTAYLQLSGLTSGDTAVYYCAKGSKHR	PGDM1400_HC	CAKGSKHRLRDYALYDDDGALNWAVDVDYLSNLEFW	75	103	96	131	7
Trypsin	QAQLVQSGPEVRKPGTSVKVSCKAPGNTLKTYDLHWVRSVPGQGLQWMGWISHEGDKKVIVERFKAKVTIDWDRSTNTAYLQLSGLTSGDTAVYYCAKGSKHRLRDYALYDDDGALNWAVDVDYLSNLEFWGQGTAVTVSS	GSKHRLR	PGDM1400_HC	CAKGSKHRLRDYALYDDDGALNWAVDVDYLSNLEFW	99	105	96	131	6
Trypsin	QAQLVQSGPEVRKPGTSVKVSCKAPGNTLKTYDLHWVRSVPGQGLQWMGWISHEGDKKVIVERFKAKVTIDWDRSTNTAYLQLSGLTSGDTAVYYCAKGSKHRLRDYALYDDDGALNWAVDVDYLSNLEFWGQGTAVTVSS	HRLRDYALYDDDGALNWAVDVDYLSNLEFWGQGTAVTVSS	PGDM1400_HC	CAKGSKHRLRDYALYDDDGALNWAVDVDYLSNLEFW	102	141	96	131	29
Trypsin	DFVLTQSPHSLSVTPGESASISCKSSHSLIHGDRNNYLAWYVQKPGRSPQLLIYLASSRASGVPDRFSGSGSDKDFTLKISRVETEDVGTYYCMQGRESPWTFGQGTKVDIK	VETEDVGTYYCMQGR	PGDM1400_LC	CMQGRESPWTF	83	97	93	103	4
Trypsin	DFVLTQSPHSLSVTPGESASISCKSSHSLIHGDRNNYLAWYVQKPGRSPQLLIYLASSRASGVPDRFSGSGSDKDFTLKISRVETEDVGTYYCMQGRESPWTFGQGTKVDIK	ESPWTFGQGTK	PGDM1400_LC	CMQGRESPWTF	98	108	93	103	5
Trypsin	DFVLTQSPHSLSVTPGESASISCKSSHSLIHGDRNNYLAWYVQKPGRSPQLLIYLASSRASGVPDRFSGSGSDKDFTLKISRVETEDVGTYYCMQGRESPWTFGQGTKVDIK	ISRVETEDVGTYYCMQGR	PGDM1400_LC	CMQGRESPWTF	80	97	93	103	4
Trypsin	DFVLTQSPHSLSVTPGESASISCKSSHSLIHGDRNNYLAWYVQKPGRSPQLLIYLASSRASGVPDRFSGSGSDKDFTLKISRVETEDVGTYYCMQGRESPWTFGQGTKVDIK	VETEDVGTYYCMQGRESPWTFGQGTK	PGDM1400_LC	CMQGRESPWTF	83	108	93	103	10
Trypsin	DFVLTQSPHSLSVTPGESASISCKSSHSLIHGDRNNYLAWYVQKPGRSPQLLIYLASSRASGVPDRFSGSGSDKDFTLKISRVETEDVGTYYCMQGRESPWTFGQGTKVDIK	ESPWTFGQGTKVDIK	PGDM1400_LC	CMQGRESPWTF	98	112	93	103	5
Trypsin	DFVLTQSPHSLSVTPGESASISCKSSHSLIHGDRNNYLAWYVQKPGRSPQLLIYLASSRASGVPDRFSGSGSDKDFTLKISRVETEDVGTYYCMQGRESPWTFGQGTKVDIK	FSGSGSDKDFTLKISRVETEDVGTYYCMQGR	PGDM1400_LC	CMQGRESPWTF	67	97	93	103	4
Trypsin	DFVLTQSPHSLSVTPGESASISCKSSHSLIHGDRNNYLAWYVQKPGRSPQLLIYLASSRASGVPDRFSGSGSDKDFTLKISRVETEDVGTYYCMQGRESPWTFGQGTKVDIK	ISRVETEDVGTYYCMQGRESPWTFGQGTK	PGDM1400_LC	CMQGRESPWTF	80	108	93	103	10
Trypsin	DFVLTQSPHSLSVTPGESASISCKSSHSLIHGDRNNYLAWYVQKPGRSPQLLIYLASSRASGVPDRFSGSGSDKDFTLKISRVETEDVGTYYCMQGRESPWTFGQGTKVDIK	VETEDVGTYYCMQGRESPWTFGQGTKVDIK	PGDM1400_LC	CMQGRESPWTF	83	112	93	103	10
Trypsin	QMQLQESGPGLVKPSETLSLTCSVSGASISDSYWSWIRRSPGKGLEWIGYVHKSGDTNYSPSLKSRVNLSLDTSKNQVSLSLVAATAADSGKYYCARTLHGRRIYGIVAFNEWFTYFYMDVWGNGTQVTVSS	IYGIVAFNEWFTYFYMDVWGNGTQVTVSS	PGT121_HC	CARTLHGRRIYGIVAFNEWFTYFYMDVW	104	132	95	122	18
Trypsin	QMQLQESGPGLVKPSETLSLTCSVSGASISDSYWSWIRRSPGKGLEWIGYVHKSGDTNYSPSLKSRVNLSLDTSKNQVSLSLVAATAADSGKYYCARTLHGRRIYGIVAFNEWFTYFYMDVWGNGTQVTVSS	YYCARTLHGR	PGT121_HC	CARTLHGRRIYGIVAFNEWFTYFYMDVW	93	102	95	122	7
Trypsin	QMQLQESGPGLVKPSETLSLTCSVSGASISDSYWSWIRRSPGKGLEWIGYVHKSGDTNYSPSLKSRVNLSLDTSKNQVSLSLVAATAADSGKYYCARTLHGRRIYGIVAFNEWFTYFYMDVWGNGTQVTVSS	RIYGIVAFNEWFTYFYMDVWGNGTQVTVSS	PGT121_HC	CARTLHGRRIYGIVAFNEWFTYFYMDVW	103	132	95	122	19
Trypsin	QMQLQESGPGLVKPSETLSLTCSVSGASISDSYWSWIRRSPGKGLEWIGYVHKSGDTNYSPSLKSRVNLSLDTSKNQVSLSLVAATAADSGKYYCARTLHGRRIYGIVAFNEWFTYFYMDVWGNGTQVTVSS	NQVSLSLVAATAADSGKYYCARTLHGR	PGT121_HC	CARTLHGRRIYGIVAFNEWFTYFYMDVW	76	102	95	122	7
Trypsin	QMQLQESGPGLVKPSETLSLTCSVSGASISDSYWSWIRRSPGKGLEWIGYVHKSGDTNYSPSLKSRVNLSLDTSKNQVSLSLVAATAADSGKYYCARTLHGRRIYGIVAFNEWFTYFYMDVWGNGTQVTVSS	YYCARTLHGRR	PGT121_HC	CARTLHGRRIYGIVAFNEWFTYFYMDVW	93	103	95	122	8
Trypsin	QMQLQESGPGLVKPSETLSLTCSVSGASISDSYWSWIRRSPGKGLEWIGYVHKSGDTNYSPSLKSRVNLSLDTSKNQVSLSLVAATAADSGKYYCARTLHGRRIYGIVAFNEWFTYFYMDVWGNGTQVTVSS	TLHGRRIYGIVAFNEWFTYFYMDVWGNGTQVTVSS	PGT121_HC	CARTLHGRRIYGIVAFNEWFTYFYMDVW	98	132	95	122	24
Trypsin	SDISVAPGETARISCGEKSLGSRAVQWYQHRAGQAPSLIIYNNQDRPSGIPERFSGSPDSPFGTTATLTITSVEAGDEADYYCHIWDSRVPTKWVFGGGTTLTVL	FSGSPDSPFGTTATLTITSVEAGDEADYYCHIWDSR	PGT121_LC	CHIWDSRVPTKWVF	54	89	83	96	6
Trypsin	SDISVAPGETARISCGEKSLGSRAVQWYQHRAGQAPSLIIYNNQDRPSGIPERFSGSPDSPFGTTATLTITSVEAGDEADYYCHIWDSRVPTKWVFGGGTTLTVL	AGQAPSLIIYNNQDRPSGIPERFSGSPDSPFGTTATLTITSVEAGDEADYYCHIWDSR	PGT121_LC	CHIWDSRVPTKWVF	32	89	83	96	6
Trypsin	SDISVAPGETARISCGEKSLGSRAVQWYQHRAGQAPSLIIYNNQDRPSGIPERFSGSPDSPFGTTATLTITSVEAGDEADYYCHIWDSRVPTKWVFGGGTTLTVL	FSGSPDSPFGTTATLTITSVEAGDEADYYCHIWDSRVPTK	PGT121_LC	CHIWDSRVPTKWVF	54	93	83	96	10
Trypsin	SDISVAPGETARISCGEKSLGSRAVQWYQHRAGQAPSLIIYNNQDRPSGIPERFSGSPDSPFGTTATLTITSVEAGDEADYYCHIWDSRVPTKWVFGGGTTLTVL	VPTKWVFGGGTTLTVL	PGT121_LC	CHIWDSRVPTKWVF	90	105	83	96	6
Trypsin	SDISVAPGETARISCGEKSLGSRAVQWYQHRAGQAPSLIIYNNQDRPSGIPERFSGSPDSPFGTTATLTITSVEAGDEADYYCHIWDSRVPTKWVFGGGTTLTVL	AVQWYQHRAGQAPSLIIYNNQDRPSGIPERFSGSPDSPFGTTATLTITSVEAGDEADYYCHIWDSR	PGT121_LC	CHIWDSRVPTKWVF	24	89	83	96	6
Trypsin	SDISVAPGETARISCGEKSLGSRAVQWYQHRAGQAPSLIIYNNQDRPSGIPERFSGSPDSPFGTTATLTITSVEAGDEADYYCHIWDSRVPTKWVFGGGTTLTVL	AGQAPSLIIYNNQDRPSGIPERFSGSPDSPFGTTATLTITSVEAGDEADYYCHIWDSRVPTK	PGT121_LC	CHIWDSRVPTKWVF	32	93	83	96	10
Trypsin	SDISVAPGETARISCGEKSLGSRAVQWYQHRAGQAPSLIIYNNQDRPSGIPERFSGSPDSPFGTTATLTITSVEAGDEADYYCHIWDSRVPTKWVFGGGTTLTVL	FSGSPDSPFGTTATLTITSVEAGDEADYYCHIWDSRVPTKWVFGGGTTLTVL	PGT121_LC	CHIWDSRVPTKWVF	54	105	83	96	13
Trypsin	EVQLVQSGAEVKKPGESLKISCKGSGYSFTTYWLGWVRQMPGKGLDWIGIMSPVDSDIRYSPSFQGQVTMSVDKSITTAYLQWNSLKASDTAMYYCARRRPGQGYFDFWGQGTLVTVSS	RRPGQGYFDFWGQGTLVTVSS	Umab_HC	CARRRPGQGYFDFW	99	119	96	109	10
Trypsin	EVQLVQSGAEVKKPGESLKISCKGSGYSFTTYWLGWVRQMPGKGLDWIGIMSPVDSDIRYSPSFQGQVTMSVDKSITTAYLQWNSLKASDTAMYYCARRRPGQGYFDFWGQGTLVTVSS	ASDTAMYYCARRRPGQGYFDFWGQGTLVTVSS	Umab_HC	CARRRPGQGYFDFW	88	119	96	109	13
Trypsin	EVQLVQSGAEVKKPGESLKISCKGSGYSFTTYWLGWVRQMPGKGLDWIGIMSPVDSDIRYSPSFQGQVTMSVDKSITTAYLQWNSLKASDTAMYYCARRRPGQGYFDFWGQGTLVTVSS	SITTAYLQWNSLKASDTAMYYCARRRPGQGYFDFWGQGTLVTVSS	Umab_HC	CARRRPGQGYFDFW	75	119	96	109	13
Trypsin	DIQMTQSPSSLSASVGDRVTITCRASQGISSWLAWYQQKPEKAPKSLIYAASSLQSGVPSRFSGSGSGTDFTLTISSLQPEDFATYYCQQYNIYPYTFGQGTKLEIK	FSGSGSGTDFTLTISSLQPEDFATYYCQQYNIYPYTFGQGTK	Umab_LC	CQQYNIYPYTF	62	103	88	98	10
Trypsin	DIQMTQSPSSLSASVGDRVTITCRASQGISSWLAWYQQKPEKAPKSLIYAASSLQSGVPSRFSGSGSGTDFTLTISSLQPEDFATYYCQQYNIYPYTFGQGTKLEIK	SLIYAASSLQSGVPSRFSGSGSGTDFTLTISSLQPEDFATYYCQQYNIYPYTFGQGTK	Umab_LC	CQQYNIYPYTF	46	103	88	98	10
Trypsin	DIQMTQSPSSLSASVGDRVTITCRASQGISSWLAWYQQKPEKAPKSLIYAASSLQSGVPSRFSGSGSGTDFTLTISSLQPEDFATYYCQQYNIYPYTFGQGTKLEIK	FSGSGSGTDFTLTISSLQPEDFATYYCQQYNIYPYTFGQGTKLEIK	Umab_LC	CQQYNIYPYTF	62	107	88	98	10
Trypsin	DIQMTQSPSSLSASVGDRVTITCRASQGISSWLAWYQQKPEKAPKSLIYAASSLQSGVPSRFSGSGSGTDFTLTISSLQPEDFATYYCQQYNIYPYTFGQGTKLEIK	APKSLIYAASSLQSGVPSRFSGSGSGTDFTLTISSLQPEDFATYYCQQYNIYPYTFGQGTK	Umab_LC	CQQYNIYPYTF	43	103	88	98	10
Trypsin	DIQMTQSPSSLSASVGDRVTITCRASQGISSWLAWYQQKPEKAPKSLIYAASSLQSGVPSRFSGSGSGTDFTLTISSLQPEDFATYYCQQYNIYPYTFGQGTKLEIK	SLIYAASSLQSGVPSRFSGSGSGTDFTLTISSLQPEDFATYYCQQYNIYPYTFGQGTKLEIK	Umab_LC	CQQYNIYPYTF	46	107	88	98	10
Trypsin	QVQLVESGGGVVQPGRSLRLSCAASGFTFSSYGMHWVRQAPGKGLEWVAFIRYDGSNKYYADSVKGRFTISRDNSKNTLYLQMNSLRAEDTAVYYCKTHGSHDNWGQGTMVTVSS	THGSHDNWGQGTMVTVSS	Brimab_HC	CKTHGSHDNW	98	115	96	105	7
Trypsin	QVQLVESGGGVVQPGRSLRLSCAASGFTFSSYGMHWVRQAPGKGLEWVAFIRYDGSNKYYADSVKGRFTISRDNSKNTLYLQMNSLRAEDTAVYYCKTHGSHDNWGQGTMVTVSS	AEDTAVYYCKTHGSHDNWGQGTMVTVSS	Brimab_HC	CKTHGSHDNW	88	115	96	105	9
Trypsin	QVQLVESGGGVVQPGRSLRLSCAASGFTFSSYGMHWVRQAPGKGLEWVAFIRYDGSNKYYADSVKGRFTISRDNSKNTLYLQMNSLRAEDTAVYYCKTHGSHDNWGQGTMVTVSS	NTLYLQMNSLRAEDTAVYYCKTHGSHDNWGQGTMVTVSS	Brimab_HC	CKTHGSHDNW	77	115	96	105	9
Trypsin	QSVLTQPPSVSGAPGQRVTISCSGSRSNIGSNTVKWYQQLPGTAPKLLIYYNDQRPSGVPDRFSGSKSGTSASLAITGLQAEDEADYYCQSYDRYTHPALLFGTGTKVTVL	SGTSASLAITGLQAEDEADYYCQSYDR	Brimab_LC	CQSYDRYTHPALLF	68	94	89	102	5
Trypsin	QSVLTQPPSVSGAPGQRVTISCSGSRSNIGSNTVKWYQQLPGTAPKLLIYYNDQRPSGVPDRFSGSKSGTSASLAITGLQAEDEADYYCQSYDRYTHPALLFGTGTKVTVL	YTHPALLFGTGTK	Brimab_LC	CQSYDRYTHPALLF	95	107	89	102	7
Trypsin	QSVLTQPPSVSGAPGQRVTISCSGSRSNIGSNTVKWYQQLPGTAPKLLIYYNDQRPSGVPDRFSGSKSGTSASLAITGLQAEDEADYYCQSYDRYTHPALLFGTGTKVTVL	FSGSKSGTSASLAITGLQAEDEADYYCQSYDR	Brimab_LC	CQSYDRYTHPALLF	63	94	89	102	5
Trypsin	QSVLTQPPSVSGAPGQRVTISCSGSRSNIGSNTVKWYQQLPGTAPKLLIYYNDQRPSGVPDRFSGSKSGTSASLAITGLQAEDEADYYCQSYDRYTHPALLFGTGTKVTVL	SGTSASLAITGLQAEDEADYYCQSYDRYTHPALLFGTGTK	Brimab_LC	CQSYDRYTHPALLF	68	107	89	102	13
Trypsin	QSVLTQPPSVSGAPGQRVTISCSGSRSNIGSNTVKWYQQLPGTAPKLLIYYNDQRPSGVPDRFSGSKSGTSASLAITGLQAEDEADYYCQSYDRYTHPALLFGTGTKVTVL	YTHPALLFGTGTKVTVL	Brimab_LC	CQSYDRYTHPALLF	95	111	89	102	7
Trypsin	QSVLTQPPSVSGAPGQRVTISCSGSRSNIGSNTVKWYQQLPGTAPKLLIYYNDQRPSGVPDRFSGSKSGTSASLAITGLQAEDEADYYCQSYDRYTHPALLFGTGTKVTVL	LLIYYNDQRPSGVPDRFSGSKSGTSASLAITGLQAEDEADYYCQSYDR	Brimab_LC	CQSYDRYTHPALLF	47	94	89	102	5
Trypsin	QSVLTQPPSVSGAPGQRVTISCSGSRSNIGSNTVKWYQQLPGTAPKLLIYYNDQRPSGVPDRFSGSKSGTSASLAITGLQAEDEADYYCQSYDRYTHPALLFGTGTKVTVL	FSGSKSGTSASLAITGLQAEDEADYYCQSYDRYTHPALLFGTGTK	Brimab_LC	CQSYDRYTHPALLF	63	107	89	102	13
Trypsin	QSVLTQPPSVSGAPGQRVTISCSGSRSNIGSNTVKWYQQLPGTAPKLLIYYNDQRPSGVPDRFSGSKSGTSASLAITGLQAEDEADYYCQSYDRYTHPALLFGTGTKVTVL	SGTSASLAITGLQAEDEADYYCQSYDRYTHPALLFGTGTKVTVL	Brimab_LC	CQSYDRYTHPALLF	68	111	89	102	13
Trypsin	QVQLKQSGPGLLQPSQRLSITCTVSGFSLGRYGVHWIRQSPGKGLEWLGVIWRGGTTDYNAVFMSRLSINKDDSKSQVFFTMNSLRPDDTAIYYCARQGSNFPLAYWGQGTLVTVSA	QGSNFPLAYWGQGTLVTVSA	h9C12-WT_HC	CARQGSNFPLAYW	98	117	95	107	9
Trypsin	QVQLKQSGPGLLQPSQRLSITCTVSGFSLGRYGVHWIRQSPGKGLEWLGVIWRGGTTDYNAVFMSRLSINKDDSKSQVFFTMNSLRPDDTAIYYCARQGSNFPLAYWGQGTLVTVSA	SQVFFTMNSLRPDDTAIYYCARQGSNFPLAYWGQGTLVTVSA	h9C12-WT_HC	CARQGSNFPLAYW	76	117	95	107	12
Trypsin	QVQLKQSGPGLLQPSQRLSITCTVSGFSLGRYGVHWIRQSPGKGLEWLGVIWRGGTTDYNAVFMSRLSINKDDSKSQVFFTMNSLRPDDTAIYYCARQGSNFPLAYWGQGTLVTVSA	DDSKSQVFFTMNSLRPDDTAIYYCARQGSNFPLAYWGQGTLVTVSA	h9C12-WT_HC	CARQGSNFPLAYW	72	117	95	107	12
Trypsin	QVQLKQSGPGLLQPSQRLSITCTVSGFSLGRYGVHWIRQSPGKGLEWLGVIWRGGTTDYNAVFMSRLSINKDDSKSQVFFTMNSLRPDDTAIYYCARAGSNFPLAYWGQGTLVTVS	AGSNFPLAYWGQGTLVTVS	h9C12-Q97A_HC	CARAGSNFPLAYW	98	116	95	107	9
Trypsin	QVQLKQSGPGLLQPSQRLSITCTVSGFSLGRYGVHWIRQSPGKGLEWLGVIWRGGTTDYNAVFMSRLSINKDDSKSQVFFTMNSLRPDDTAIYYCARAGSNFPLAYWGQGTLVTVS	SQVFFTMNSLRPDDTAIYYCARAGSNFPLAYWGQGTLVTVS	h9C12-Q97A_HC	CARAGSNFPLAYW	76	116	95	107	12
Trypsin	QVQLKQSGPGLLQPSQRLSITCTVSGFSLGRYGVHWIRQSPGKGLEWLGVIWRGGTTDYNAVFMSRLSINKDDSKSQVFFTMNSLRPDDTAIYYCARAGSNFPLAYWGQGTLVTVS	DDSKSQVFFTMNSLRPDDTAIYYCARAGSNFPLAYWGQGTLVTVS	h9C12-Q97A_HC	CARAGSNFPLAYW	72	116	95	107	12
Trypsin	NIVMTQTPKFLLVSIGDSITITCKASQSVTNDAAWYQKKPGQSPQLLIYQASTRYTGVPDRFSGSGYGTDFTFTISAVQAEDLAVYFCHQDYSSPLTFGAGTKLELK	FSGSGYGTDFTFTISAVQAEDLAVYFCHQDYSSPLTFGAGTK	h9C12_LC	CHQDYSSPLTF	62	103	88	98	10
Trypsin	NIVMTQTPKFLLVSIGDSITITCKASQSVTNDAAWYQKKPGQSPQLLIYQASTRYTGVPDRFSGSGYGTDFTFTISAVQAEDLAVYFCHQDYSSPLTFGAGTKLELK	YTGVPDRFSGSGYGTDFTFTISAVQAEDLAVYFCHQDYSSPLTFGAGTK	h9C12_LC	CHQDYSSPLTF	55	103	88	98	10
Trypsin	NIVMTQTPKFLLVSIGDSITITCKASQSVTNDAAWYQKKPGQSPQLLIYQASTRYTGVPDRFSGSGYGTDFTFTISAVQAEDLAVYFCHQDYSSPLTFGAGTKLELK	FSGSGYGTDFTFTISAVQAEDLAVYFCHQDYSSPLTFGAGTKLELK	h9C12_LC	CHQDYSSPLTF	62	107	88	98	10
Trypsin	NIVMTQTPKFLLVSIGDSITITCKASQSVTNDAAWYQKKPGQSPQLLIYQASTRYTGVPDRFSGSGYGTDFTFTISAVQAEDLAVYFCHQDYSSPLTFGAGTKLELK	KPGQSPQLLIYQASTRYTGVPDRFSGSGYGTDFTFTISAVQAEDLAVYFCHQDYSSPLTFGAGTK	h9C12_LC	CHQDYSSPLTF	39	103	88	98	10
Trypsin	NIVMTQTPKFLLVSIGDSITITCKASQSVTNDAAWYQKKPGQSPQLLIYQASTRYTGVPDRFSGSGYGTDFTFTISAVQAEDLAVYFCHQDYSSPLTFGAGTKLELK	YTGVPDRFSGSGYGTDFTFTISAVQAEDLAVYFCHQDYSSPLTFGAGTKLELK	h9C12_LC	CHQDYSSPLTF	55	107	88	98	10
Chymotrypsin	QAQLVQSGPEVRKPGTSVKVSCKAPGNTLKTYDLHWVRSVPGQGLQWMGWISHEGDKKVIVERFKAKVTIDWDRSTNTAYLQLSGLTSGDTAVYYCAKGSKHRLRDYALYDDDGALNWAVDVDYLSNLEFWGQGTAVTVSS	CAKGSKHRLRDY	PGDM1400_HC	CAKGSKHRLRDYALYDDDGALNWAVDVDYLSNLEFW	96	107	96	131	11
Chymotrypsin	QAQLVQSGPEVRKPGTSVKVSCKAPGNTLKTYDLHWVRSVPGQGLQWMGWISHEGDKKVIVERFKAKVTIDWDRSTNTAYLQLSGLTSGDTAVYYCAKGSKHRLRDYALYDDDGALNWAVDVDYLSNLEFWGQGTAVTVSS	DDDGALNW	PGDM1400_HC	CAKGSKHRLRDYALYDDDGALNWAVDVDYLSNLEFW	111	118	96	131	7
Chymotrypsin	QAQLVQSGPEVRKPGTSVKVSCKAPGNTLKTYDLHWVRSVPGQGLQWMGWISHEGDKKVIVERFKAKVTIDWDRSTNTAYLQLSGLTSGDTAVYYCAKGSKHRLRDYALYDDDGALNWAVDVDYLSNLEFWGQGTAVTVSS	YCAKGSKHRLRDY	PGDM1400_HC	CAKGSKHRLRDYALYDDDGALNWAVDVDYLSNLEFW	95	107	96	131	11
Chymotrypsin	QAQLVQSGPEVRKPGTSVKVSCKAPGNTLKTYDLHWVRSVPGQGLQWMGWISHEGDKKVIVERFKAKVTIDWDRSTNTAYLQLSGLTSGDTAVYYCAKGSKHRLRDYALYDDDGALNWAVDVDYLSNLEFWGQGTAVTVSS	CAKGSKHRLRDYALY	PGDM1400_HC	CAKGSKHRLRDYALYDDDGALNWAVDVDYLSNLEFW	96	110	96	131	14
Chymotrypsin	QAQLVQSGPEVRKPGTSVKVSCKAPGNTLKTYDLHWVRSVPGQGLQWMGWISHEGDKKVIVERFKAKVTIDWDRSTNTAYLQLSGLTSGDTAVYYCAKGSKHRLRDYALYDDDGALNWAVDVDYLSNLEFWGQGTAVTVSS	ALYDDDGALNW	PGDM1400_HC	CAKGSKHRLRDYALYDDDGALNWAVDVDYLSNLEFW	108	118	96	131	10
Chymotrypsin	QAQLVQSGPEVRKPGTSVKVSCKAPGNTLKTYDLHWVRSVPGQGLQWMGWISHEGDKKVIVERFKAKVTIDWDRSTNTAYLQLSGLTSGDTAVYYCAKGSKHRLRDYALYDDDGALNWAVDVDYLSNLEFWGQGTAVTVSS	DDDGALNWAVDVDY	PGDM1400_HC	CAKGSKHRLRDYALYDDDGALNWAVDVDYLSNLEFW	111	124	96	131	13
Chymotrypsin	QAQLVQSGPEVRKPGTSVKVSCKAPGNTLKTYDLHWVRSVPGQGLQWMGWISHEGDKKVIVERFKAKVTIDWDRSTNTAYLQLSGLTSGDTAVYYCAKGSKHRLRDYALYDDDGALNWAVDVDYLSNLEFWGQGTAVTVSS	AVDVDYLSNLEF	PGDM1400_HC	CAKGSKHRLRDYALYDDDGALNWAVDVDYLSNLEFW	119	130	96	131	11
Chymotrypsin	QAQLVQSGPEVRKPGTSVKVSCKAPGNTLKTYDLHWVRSVPGQGLQWMGWISHEGDKKVIVERFKAKVTIDWDRSTNTAYLQLSGLTSGDTAVYYCAKGSKHRLRDYALYDDDGALNWAVDVDYLSNLEFWGQGTAVTVSS	LSNLEFW	PGDM1400_HC	CAKGSKHRLRDYALYDDDGALNWAVDVDYLSNLEFW	125	131	96	131	6
Chymotrypsin	QAQLVQSGPEVRKPGTSVKVSCKAPGNTLKTYDLHWVRSVPGQGLQWMGWISHEGDKKVIVERFKAKVTIDWDRSTNTAYLQLSGLTSGDTAVYYCAKGSKHRLRDYALYDDDGALNWAVDVDYLSNLEFWGQGTAVTVSS	LQLSGLTSGDTAVYYCAKGSKHRLRDY	PGDM1400_HC	CAKGSKHRLRDYALYDDDGALNWAVDVDYLSNLEFW	81	107	96	131	11
Chymotrypsin	QAQLVQSGPEVRKPGTSVKVSCKAPGNTLKTYDLHWVRSVPGQGLQWMGWISHEGDKKVIVERFKAKVTIDWDRSTNTAYLQLSGLTSGDTAVYYCAKGSKHRLRDYALYDDDGALNWAVDVDYLSNLEFWGQGTAVTVSS	YCAKGSKHRLRDYALY	PGDM1400_HC	CAKGSKHRLRDYALYDDDGALNWAVDVDYLSNLEFW	95	110	96	131	14
Chymotrypsin	QAQLVQSGPEVRKPGTSVKVSCKAPGNTLKTYDLHWVRSVPGQGLQWMGWISHEGDKKVIVERFKAKVTIDWDRSTNTAYLQLSGLTSGDTAVYYCAKGSKHRLRDYALYDDDGALNWAVDVDYLSNLEFWGQGTAVTVSS	CAKGSKHRLRDYALYDDDGALNW	PGDM1400_HC	CAKGSKHRLRDYALYDDDGALNWAVDVDYLSNLEFW	96	118	96	131	22
Chymotrypsin	QAQLVQSGPEVRKPGTSVKVSCKAPGNTLKTYDLHWVRSVPGQGLQWMGWISHEGDKKVIVERFKAKVTIDWDRSTNTAYLQLSGLTSGDTAVYYCAKGSKHRLRDYALYDDDGALNWAVDVDYLSNLEFWGQGTAVTVSS	ALYDDDGALNWAVDVDY	PGDM1400_HC	CAKGSKHRLRDYALYDDDGALNWAVDVDYLSNLEFW	108	124	96	131	16
Chymotrypsin	QAQLVQSGPEVRKPGTSVKVSCKAPGNTLKTYDLHWVRSVPGQGLQWMGWISHEGDKKVIVERFKAKVTIDWDRSTNTAYLQLSGLTSGDTAVYYCAKGSKHRLRDYALYDDDGALNWAVDVDYLSNLEFWGQGTAVTVSS	DDDGALNWAVDVDYLSNLEF	PGDM1400_HC	CAKGSKHRLRDYALYDDDGALNWAVDVDYLSNLEFW	111	130	96	131	19
Chymotrypsin	QAQLVQSGPEVRKPGTSVKVSCKAPGNTLKTYDLHWVRSVPGQGLQWMGWISHEGDKKVIVERFKAKVTIDWDRSTNTAYLQLSGLTSGDTAVYYCAKGSKHRLRDYALYDDDGALNWAVDVDYLSNLEFWGQGTAVTVSS	AVDVDYLSNLEFW	PGDM1400_HC	CAKGSKHRLRDYALYDDDGALNWAVDVDYLSNLEFW	119	131	96	131	12
Chymotrypsin	QAQLVQSGPEVRKPGTSVKVSCKAPGNTLKTYDLHWVRSVPGQGLQWMGWISHEGDKKVIVERFKAKVTIDWDRSTNTAYLQLSGLTSGDTAVYYCAKGSKHRLRDYALYDDDGALNWAVDVDYLSNLEFWGQGTAVTVSS	LSNLEFWGQGTAVTVSS	PGDM1400_HC	CAKGSKHRLRDYALYDDDGALNWAVDVDYLSNLEFW	125	141	96	131	6
Chymotrypsin	DFVLTQSPHSLSVTPGESASISCKSSHSLIHGDRNNYLAWYVQKPGRSPQLLIYLASSRASGVPDRFSGSGSDKDFTLKISRVETEDVGTYYCMQGRESPWTFGQGTKVDIK	CMQGRESPW	PGDM1400_LC	CMQGRESPWTF	93	101	93	103	8
Chymotrypsin	DFVLTQSPHSLSVTPGESASISCKSSHSLIHGDRNNYLAWYVQKPGRSPQLLIYLASSRASGVPDRFSGSGSDKDFTLKISRVETEDVGTYYCMQGRESPWTFGQGTKVDIK	YCMQGRESPW	PGDM1400_LC	CMQGRESPWTF	92	101	93	103	8
Chymotrypsin	DFVLTQSPHSLSVTPGESASISCKSSHSLIHGDRNNYLAWYVQKPGRSPQLLIYLASSRASGVPDRFSGSGSDKDFTLKISRVETEDVGTYYCMQGRESPWTFGQGTKVDIK	CMQGRESPWTF	PGDM1400_LC	CMQGRESPWTF	93	103	93	103	10
Chymotrypsin	DFVLTQSPHSLSVTPGESASISCKSSHSLIHGDRNNYLAWYVQKPGRSPQLLIYLASSRASGVPDRFSGSGSDKDFTLKISRVETEDVGTYYCMQGRESPWTFGQGTKVDIK	TLKISRVETEDVGTYYCMQGRESPW	PGDM1400_LC	CMQGRESPWTF	77	101	93	103	8
Chymotrypsin	DFVLTQSPHSLSVTPGESASISCKSSHSLIHGDRNNYLAWYVQKPGRSPQLLIYLASSRASGVPDRFSGSGSDKDFTLKISRVETEDVGTYYCMQGRESPWTFGQGTKVDIK	YCMQGRESPWTF	PGDM1400_LC	CMQGRESPWTF	92	103	93	103	10
Chymotrypsin	DFVLTQSPHSLSVTPGESASISCKSSHSLIHGDRNNYLAWYVQKPGRSPQLLIYLASSRASGVPDRFSGSGSDKDFTLKISRVETEDVGTYYCMQGRESPWTFGQGTKVDIK	CMQGRESPWTFGQGTKVDIK	PGDM1400_LC	CMQGRESPWTF	93	112	93	103	10
Chymotrypsin	QMQLQESGPGLVKPSETLSLTCSVSGASISDSYWSWIRRSPGKGLEWIGYVHKSGDTNYSPSLKSRVNLSLDTSKNQVSLSLVAATAADSGKYYCARTLHGRRIYGIVAFNEWFTYFYMDVWGNGTQVTVSS	CARTLHGRRIY	PGT121_HC	CARTLHGRRIYGIVAFNEWFTYFYMDVW	95	105	95	122	10
Chymotrypsin	QMQLQESGPGLVKPSETLSLTCSVSGASISDSYWSWIRRSPGKGLEWIGYVHKSGDTNYSPSLKSRVNLSLDTSKNQVSLSLVAATAADSGKYYCARTLHGRRIYGIVAFNEWFTYFYMDVWGNGTQVTVSS	YCARTLHGRRIY	PGT121_HC	CARTLHGRRIYGIVAFNEWFTYFYMDVW	94	105	95	122	10
Chymotrypsin	QMQLQESGPGLVKPSETLSLTCSVSGASISDSYWSWIRRSPGKGLEWIGYVHKSGDTNYSPSLKSRVNLSLDTSKNQVSLSLVAATAADSGKYYCARTLHGRRIYGIVAFNEWFTYFYMDVWGNGTQVTVSS	CARTLHGRRIYGIVAF	PGT121_HC	CARTLHGRRIYGIVAFNEWFTYFYMDVW	95	110	95	122	15
Chymotrypsin	QMQLQESGPGLVKPSETLSLTCSVSGASISDSYWSWIRRSPGKGLEWIGYVHKSGDTNYSPSLKSRVNLSLDTSKNQVSLSLVAATAADSGKYYCARTLHGRRIYGIVAFNEWFTYFYMDVWGNGTQVTVSS	GIVAFNEW	PGT121_HC	CARTLHGRRIYGIVAFNEWFTYFYMDVW	106	113	95	122	7
Chymotrypsin	QMQLQESGPGLVKPSETLSLTCSVSGASISDSYWSWIRRSPGKGLEWIGYVHKSGDTNYSPSLKSRVNLSLDTSKNQVSLSLVAATAADSGKYYCARTLHGRRIYGIVAFNEWFTYFYMDVWGNGTQVTVSS	MDVWGNGTQVTVSS	PGT121_HC	CARTLHGRRIYGIVAFNEWFTYFYMDVW	119	132	95	122	3
Chymotrypsin	QMQLQESGPGLVKPSETLSLTCSVSGASISDSYWSWIRRSPGKGLEWIGYVHKSGDTNYSPSLKSRVNLSLDTSKNQVSLSLVAATAADSGKYYCARTLHGRRIYGIVAFNEWFTYFYMDVWGNGTQVTVSS	SPSLKSRVNLSLDTSKNQVSLSLVAATAADSGKYYCARTLHGRRIY	PGT121_HC	CARTLHGRRIYGIVAFNEWFTYFYMDVW	60	105	95	122	10
Chymotrypsin	QMQLQESGPGLVKPSETLSLTCSVSGASISDSYWSWIRRSPGKGLEWIGYVHKSGDTNYSPSLKSRVNLSLDTSKNQVSLSLVAATAADSGKYYCARTLHGRRIYGIVAFNEWFTYFYMDVWGNGTQVTVSS	YCARTLHGRRIYGIVAF	PGT121_HC	CARTLHGRRIYGIVAFNEWFTYFYMDVW	94	110	95	122	15
Chymotrypsin	QMQLQESGPGLVKPSETLSLTCSVSGASISDSYWSWIRRSPGKGLEWIGYVHKSGDTNYSPSLKSRVNLSLDTSKNQVSLSLVAATAADSGKYYCARTLHGRRIYGIVAFNEWFTYFYMDVWGNGTQVTVSS	CARTLHGRRIYGIVAFNEW	PGT121_HC	CARTLHGRRIYGIVAFNEWFTYFYMDVW	95	113	95	122	18
Chymotrypsin	QMQLQESGPGLVKPSETLSLTCSVSGASISDSYWSWIRRSPGKGLEWIGYVHKSGDTNYSPSLKSRVNLSLDTSKNQVSLSLVAATAADSGKYYCARTLHGRRIYGIVAFNEWFTYFYMDVWGNGTQVTVSS	GIVAFNEWF	PGT121_HC	CARTLHGRRIYGIVAFNEWFTYFYMDVW	106	114	95	122	8
Chymotrypsin	QMQLQESGPGLVKPSETLSLTCSVSGASISDSYWSWIRRSPGKGLEWIGYVHKSGDTNYSPSLKSRVNLSLDTSKNQVSLSLVAATAADSGKYYCARTLHGRRIYGIVAFNEWFTYFYMDVWGNGTQVTVSS	YMDVWGNGTQVTVSS	PGT121_HC	CARTLHGRRIYGIVAFNEWFTYFYMDVW	118	132	95	122	4
Chymotrypsin	SDISVAPGETARISCGEKSLGSRAVQWYQHRAGQAPSLIIYNNQDRPSGIPERFSGSPDSPFGTTATLTITSVEAGDEADYYCHIWDSRVPTKWVFGGGTTLTVL	DSRVPTKW	PGT121_LC	CHIWDSRVPTKWVF	87	94	83	96	7
Chymotrypsin	SDISVAPGETARISCGEKSLGSRAVQWYQHRAGQAPSLIIYNNQDRPSGIPERFSGSPDSPFGTTATLTITSVEAGDEADYYCHIWDSRVPTKWVFGGGTTLTVL	CHIWDSRVPTKW	PGT121_LC	CHIWDSRVPTKWVF	83	94	83	96	11
Chymotrypsin	SDISVAPGETARISCGEKSLGSRAVQWYQHRAGQAPSLIIYNNQDRPSGIPERFSGSPDSPFGTTATLTITSVEAGDEADYYCHIWDSRVPTKWVFGGGTTLTVL	DSRVPTKWVF	PGT121_LC	CHIWDSRVPTKWVF	87	96	83	96	9
Chymotrypsin	SDISVAPGETARISCGEKSLGSRAVQWYQHRAGQAPSLIIYNNQDRPSGIPERFSGSPDSPFGTTATLTITSVEAGDEADYYCHIWDSRVPTKWVFGGGTTLTVL	GTTATLTITSVEAGDEADYYCHIW	PGT121_LC	CHIWDSRVPTKWVF	63	86	83	96	3
Chymotrypsin	SDISVAPGETARISCGEKSLGSRAVQWYQHRAGQAPSLIIYNNQDRPSGIPERFSGSPDSPFGTTATLTITSVEAGDEADYYCHIWDSRVPTKWVFGGGTTLTVL	YCHIWDSRVPTKW	PGT121_LC	CHIWDSRVPTKWVF	82	94	83	96	11
Chymotrypsin	SDISVAPGETARISCGEKSLGSRAVQWYQHRAGQAPSLIIYNNQDRPSGIPERFSGSPDSPFGTTATLTITSVEAGDEADYYCHIWDSRVPTKWVFGGGTTLTVL	CHIWDSRVPTKWVF	PGT121_LC	CHIWDSRVPTKWVF	83	96	83	96	13
Chymotrypsin	SDISVAPGETARISCGEKSLGSRAVQWYQHRAGQAPSLIIYNNQDRPSGIPERFSGSPDSPFGTTATLTITSVEAGDEADYYCHIWDSRVPTKWVFGGGTTLTVL	DSRVPTKWVFGGGTTLTVL	PGT121_LC	CHIWDSRVPTKWVF	87	105	83	96	9
Chymotrypsin	EVQLVQSGAEVKKPGESLKISCKGSGYSFTTYWLGWVRQMPGKGLDWIGIMSPVDSDIRYSPSFQGQVTMSVDKSITTAYLQWNSLKASDTAMYYCARRRPGQGYFDFWGQGTLVTVSS	CARRRPGQGY	Umab_HC	CARRRPGQGYFDFW	96	105	96	109	9
Chymotrypsin	EVQLVQSGAEVKKPGESLKISCKGSGYSFTTYWLGWVRQMPGKGLDWIGIMSPVDSDIRYSPSFQGQVTMSVDKSITTAYLQWNSLKASDTAMYYCARRRPGQGYFDFWGQGTLVTVSS	YCARRRPGQGY	Umab_HC	CARRRPGQGYFDFW	95	105	96	109	9
Chymotrypsin	EVQLVQSGAEVKKPGESLKISCKGSGYSFTTYWLGWVRQMPGKGLDWIGIMSPVDSDIRYSPSFQGQVTMSVDKSITTAYLQWNSLKASDTAMYYCARRRPGQGYFDFWGQGTLVTVSS	CARRRPGQGYF	Umab_HC	CARRRPGQGYFDFW	96	106	96	109	10
Chymotrypsin	EVQLVQSGAEVKKPGESLKISCKGSGYSFTTYWLGWVRQMPGKGLDWIGIMSPVDSDIRYSPSFQGQVTMSVDKSITTAYLQWNSLKASDTAMYYCARRRPGQGYFDFWGQGTLVTVSS	NSLKASDTAMYYCARRRPGQGY	Umab_HC	CARRRPGQGYFDFW	84	105	96	109	9
Chymotrypsin	EVQLVQSGAEVKKPGESLKISCKGSGYSFTTYWLGWVRQMPGKGLDWIGIMSPVDSDIRYSPSFQGQVTMSVDKSITTAYLQWNSLKASDTAMYYCARRRPGQGYFDFWGQGTLVTVSS	YCARRRPGQGYF	Umab_HC	CARRRPGQGYFDFW	95	106	96	109	10
Chymotrypsin	EVQLVQSGAEVKKPGESLKISCKGSGYSFTTYWLGWVRQMPGKGLDWIGIMSPVDSDIRYSPSFQGQVTMSVDKSITTAYLQWNSLKASDTAMYYCARRRPGQGYFDFWGQGTLVTVSS	CARRRPGQGYFDF	Umab_HC	CARRRPGQGYFDFW	96	108	96	109	12
Chymotrypsin	DIQMTQSPSSLSASVGDRVTITCRASQGISSWLAWYQQKPEKAPKSLIYAASSLQSGVPSRFSGSGSGTDFTLTISSLQPEDFATYYCQQYNIYPYTFGQGTKLEIK	CQQYNIYPY	Umab_LC	CQQYNIYPYTF	88	96	88	98	8
Chymotrypsin	DIQMTQSPSSLSASVGDRVTITCRASQGISSWLAWYQQKPEKAPKSLIYAASSLQSGVPSRFSGSGSGTDFTLTISSLQPEDFATYYCQQYNIYPYTFGQGTKLEIK	NIYPYTF	Umab_LC	CQQYNIYPYTF	92	98	88	98	6
Chymotrypsin	DIQMTQSPSSLSASVGDRVTITCRASQGISSWLAWYQQKPEKAPKSLIYAASSLQSGVPSRFSGSGSGTDFTLTISSLQPEDFATYYCQQYNIYPYTFGQGTKLEIK	ATYYCQQY	Umab_LC	CQQYNIYPYTF	84	91	88	98	3
Chymotrypsin	DIQMTQSPSSLSASVGDRVTITCRASQGISSWLAWYQQKPEKAPKSLIYAASSLQSGVPSRFSGSGSGTDFTLTISSLQPEDFATYYCQQYNIYPYTFGQGTKLEIK	YCQQYNIYPY	Umab_LC	CQQYNIYPYTF	87	96	88	98	8
Chymotrypsin	DIQMTQSPSSLSASVGDRVTITCRASQGISSWLAWYQQKPEKAPKSLIYAASSLQSGVPSRFSGSGSGTDFTLTISSLQPEDFATYYCQQYNIYPYTFGQGTKLEIK	CQQYNIYPYTF	Umab_LC	CQQYNIYPYTF	88	98	88	98	10
Chymotrypsin	DIQMTQSPSSLSASVGDRVTITCRASQGISSWLAWYQQKPEKAPKSLIYAASSLQSGVPSRFSGSGSGTDFTLTISSLQPEDFATYYCQQYNIYPYTFGQGTKLEIK	NIYPYTFGQGTKLEIK	Umab_LC	CQQYNIYPYTF	92	107	88	98	6
Chymotrypsin	QVQLVESGGGVVQPGRSLRLSCAASGFTFSSYGMHWVRQAPGKGLEWVAFIRYDGSNKYYADSVKGRFTISRDNSKNTLYLQMNSLRAEDTAVYYCKTHGSHDNWGQGTMVTVSS	CKTHGSHDNW	Brimab_HC	CKTHGSHDNW	96	105	96	105	9
Chymotrypsin	QVQLVESGGGVVQPGRSLRLSCAASGFTFSSYGMHWVRQAPGKGLEWVAFIRYDGSNKYYADSVKGRFTISRDNSKNTLYLQMNSLRAEDTAVYYCKTHGSHDNWGQGTMVTVSS	YCKTHGSHDNW	Brimab_HC	CKTHGSHDNW	95	105	96	105	9
Chymotrypsin	QVQLVESGGGVVQPGRSLRLSCAASGFTFSSYGMHWVRQAPGKGLEWVAFIRYDGSNKYYADSVKGRFTISRDNSKNTLYLQMNSLRAEDTAVYYCKTHGSHDNWGQGTMVTVSS	CKTHGSHDNWGQGTMVTVSS	Brimab_HC	CKTHGSHDNW	96	115	96	105	9
Chymotrypsin	QVQLVESGGGVVQPGRSLRLSCAASGFTFSSYGMHWVRQAPGKGLEWVAFIRYDGSNKYYADSVKGRFTISRDNSKNTLYLQMNSLRAEDTAVYYCKTHGSHDNWGQGTMVTVSS	LQMNSLRAEDTAVYYCKTHGSHDNW	Brimab_HC	CKTHGSHDNW	81	105	96	105	9
Chymotrypsin	QVQLVESGGGVVQPGRSLRLSCAASGFTFSSYGMHWVRQAPGKGLEWVAFIRYDGSNKYYADSVKGRFTISRDNSKNTLYLQMNSLRAEDTAVYYCKTHGSHDNWGQGTMVTVSS	YCKTHGSHDNWGQGTMVTVSS	Brimab_HC	CKTHGSHDNW	95	115	96	105	9
Chymotrypsin	QSVLTQPPSVSGAPGQRVTISCSGSRSNIGSNTVKWYQQLPGTAPKLLIYYNDQRPSGVPDRFSGSKSGTSASLAITGLQAEDEADYYCQSYDRYTHPALLFGTGTKVTVL	THPALLF	Brimab_LC	CQSYDRYTHPALLF	96	102	89	102	6
Chymotrypsin	QSVLTQPPSVSGAPGQRVTISCSGSRSNIGSNTVKWYQQLPGTAPKLLIYYNDQRPSGVPDRFSGSKSGTSASLAITGLQAEDEADYYCQSYDRYTHPALLFGTGTKVTVL	CQSYDRY	Brimab_LC	CQSYDRYTHPALLF	89	95	89	102	6
Chymotrypsin	QSVLTQPPSVSGAPGQRVTISCSGSRSNIGSNTVKWYQQLPGTAPKLLIYYNDQRPSGVPDRFSGSKSGTSASLAITGLQAEDEADYYCQSYDRYTHPALLFGTGTKVTVL	DRYTHPALLF	Brimab_LC	CQSYDRYTHPALLF	93	102	89	102	9
Chymotrypsin	QSVLTQPPSVSGAPGQRVTISCSGSRSNIGSNTVKWYQQLPGTAPKLLIYYNDQRPSGVPDRFSGSKSGTSASLAITGLQAEDEADYYCQSYDRYTHPALLFGTGTKVTVL	THPALLFGTGTKVTVL	Brimab_LC	CQSYDRYTHPALLF	96	111	89	102	6
Chymotrypsin	QSVLTQPPSVSGAPGQRVTISCSGSRSNIGSNTVKWYQQLPGTAPKLLIYYNDQRPSGVPDRFSGSKSGTSASLAITGLQAEDEADYYCQSYDRYTHPALLFGTGTKVTVL	SGSKSGTSASLAITGLQAEDEADYYCQSY	Brimab_LC	CQSYDRYTHPALLF	64	92	89	102	3
Chymotrypsin	QSVLTQPPSVSGAPGQRVTISCSGSRSNIGSNTVKWYQQLPGTAPKLLIYYNDQRPSGVPDRFSGSKSGTSASLAITGLQAEDEADYYCQSYDRYTHPALLFGTGTKVTVL	YCQSYDRY	Brimab_LC	CQSYDRYTHPALLF	88	95	89	102	6
Chymotrypsin	QSVLTQPPSVSGAPGQRVTISCSGSRSNIGSNTVKWYQQLPGTAPKLLIYYNDQRPSGVPDRFSGSKSGTSASLAITGLQAEDEADYYCQSYDRYTHPALLFGTGTKVTVL	CQSYDRYTHPALLF	Brimab_LC	CQSYDRYTHPALLF	89	102	89	102	13
Chymotrypsin	QSVLTQPPSVSGAPGQRVTISCSGSRSNIGSNTVKWYQQLPGTAPKLLIYYNDQRPSGVPDRFSGSKSGTSASLAITGLQAEDEADYYCQSYDRYTHPALLFGTGTKVTVL	DRYTHPALLFGTGTKVTVL	Brimab_LC	CQSYDRYTHPALLF	93	111	89	102	9
Chymotrypsin	QVQLKQSGPGLLQPSQRLSITCTVSGFSLGRYGVHWIRQSPGKGLEWLGVIWRGGTTDYNAVFMSRLSINKDDSKSQVFFTMNSLRPDDTAIYYCARQGSNFPLAYWGQGTLVTVSA	CARQGSNFPLAY	h9C12-WT_HC	CARQGSNFPLAYW	95	106	95	107	11
Chymotrypsin	QVQLKQSGPGLLQPSQRLSITCTVSGFSLGRYGVHWIRQSPGKGLEWLGVIWRGGTTDYNAVFMSRLSINKDDSKSQVFFTMNSLRPDDTAIYYCARQGSNFPLAYWGQGTLVTVSA	YCARQGSNFPLAY	h9C12-WT_HC	CARQGSNFPLAYW	94	106	95	107	11
Chymotrypsin	QVQLKQSGPGLLQPSQRLSITCTVSGFSLGRYGVHWIRQSPGKGLEWLGVIWRGGTTDYNAVFMSRLSINKDDSKSQVFFTMNSLRPDDTAIYYCARQGSNFPLAYWGQGTLVTVSA	CARQGSNFPLAYW	h9C12-WT_HC	CARQGSNFPLAYW	95	107	95	107	12
Chymotrypsin	QVQLKQSGPGLLQPSQRLSITCTVSGFSLGRYGVHWIRQSPGKGLEWLGVIWRGGTTDYNAVFMSRLSINKDDSKSQVFFTMNSLRPDDTAIYYCARQGSNFPLAYWGQGTLVTVSA	TMNSLRPDDTAIYYCARQGSNFPLAY	h9C12-WT_HC	CARQGSNFPLAYW	81	106	95	107	11
Chymotrypsin	QVQLKQSGPGLLQPSQRLSITCTVSGFSLGRYGVHWIRQSPGKGLEWLGVIWRGGTTDYNAVFMSRLSINKDDSKSQVFFTMNSLRPDDTAIYYCARQGSNFPLAYWGQGTLVTVSA	YCARQGSNFPLAYW	h9C12-WT_HC	CARQGSNFPLAYW	94	107	95	107	12
Chymotrypsin	QVQLKQSGPGLLQPSQRLSITCTVSGFSLGRYGVHWIRQSPGKGLEWLGVIWRGGTTDYNAVFMSRLSINKDDSKSQVFFTMNSLRPDDTAIYYCARQGSNFPLAYWGQGTLVTVSA	CARQGSNFPLAYWGQGTLVTVSA	h9C12-WT_HC	CARQGSNFPLAYW	95	117	95	107	12
Chymotrypsin	QVQLKQSGPGLLQPSQRLSITCTVSGFSLGRYGVHWIRQSPGKGLEWLGVIWRGGTTDYNAVFMSRLSINKDDSKSQVFFTMNSLRPDDTAIYYCARAGSNFPLAYWGQGTLVTVS	CARAGSNFPLAY	h9C12-Q97A_HC	CARAGSNFPLAYW	95	106	95	107	11
Chymotrypsin	QVQLKQSGPGLLQPSQRLSITCTVSGFSLGRYGVHWIRQSPGKGLEWLGVIWRGGTTDYNAVFMSRLSINKDDSKSQVFFTMNSLRPDDTAIYYCARAGSNFPLAYWGQGTLVTVS	YCARAGSNFPLAY	h9C12-Q97A_HC	CARAGSNFPLAYW	94	106	95	107	11
Chymotrypsin	QVQLKQSGPGLLQPSQRLSITCTVSGFSLGRYGVHWIRQSPGKGLEWLGVIWRGGTTDYNAVFMSRLSINKDDSKSQVFFTMNSLRPDDTAIYYCARAGSNFPLAYWGQGTLVTVS	CARAGSNFPLAYW	h9C12-Q97A_HC	CARAGSNFPLAYW	95	107	95	107	12
Chymotrypsin	QVQLKQSGPGLLQPSQRLSITCTVSGFSLGRYGVHWIRQSPGKGLEWLGVIWRGGTTDYNAVFMSRLSINKDDSKSQVFFTMNSLRPDDTAIYYCARAGSNFPLAYWGQGTLVTVS	TMNSLRPDDTAIYYCARAGSNFPLAY	h9C12-Q97A_HC	CARAGSNFPLAYW	81	106	95	107	11
Chymotrypsin	QVQLKQSGPGLLQPSQRLSITCTVSGFSLGRYGVHWIRQSPGKGLEWLGVIWRGGTTDYNAVFMSRLSINKDDSKSQVFFTMNSLRPDDTAIYYCARAGSNFPLAYWGQGTLVTVS	YCARAGSNFPLAYW	h9C12-Q97A_HC	CARAGSNFPLAYW	94	107	95	107	12
Chymotrypsin	QVQLKQSGPGLLQPSQRLSITCTVSGFSLGRYGVHWIRQSPGKGLEWLGVIWRGGTTDYNAVFMSRLSINKDDSKSQVFFTMNSLRPDDTAIYYCARAGSNFPLAYWGQGTLVTVS	CARAGSNFPLAYWGQGTLVTVS	h9C12-Q97A_HC	CARAGSNFPLAYW	95	116	95	107	12
Chymotrypsin	NIVMTQTPKFLLVSIGDSITITCKASQSVTNDAAWYQKKPGQSPQLLIYQASTRYTGVPDRFSGSGYGTDFTFTISAVQAEDLAVYFCHQDYSSPLTFGAGTKLELK	CHQDYSSPLTF	h9C12_LC	CHQDYSSPLTF	88	98	88	98	10
Chymotrypsin	NIVMTQTPKFLLVSIGDSITITCKASQSVTNDAAWYQKKPGQSPQLLIYQASTRYTGVPDRFSGSGYGTDFTFTISAVQAEDLAVYFCHQDYSSPLTFGAGTKLELK	SSPLTFGAGTKLELK	h9C12_LC	CHQDYSSPLTF	93	107	88	98	5
Chymotrypsin	NIVMTQTPKFLLVSIGDSITITCKASQSVTNDAAWYQKKPGQSPQLLIYQASTRYTGVPDRFSGSGYGTDFTFTISAVQAEDLAVYFCHQDYSSPLTFGAGTKLELK	TISAVQAEDLAVYFCHQDY	h9C12_LC	CHQDYSSPLTF	74	92	88	98	4
Chymotrypsin	NIVMTQTPKFLLVSIGDSITITCKASQSVTNDAAWYQKKPGQSPQLLIYQASTRYTGVPDRFSGSGYGTDFTFTISAVQAEDLAVYFCHQDYSSPLTFGAGTKLELK	FCHQDYSSPLTF	h9C12_LC	CHQDYSSPLTF	87	98	88	98	10
Chymotrypsin	NIVMTQTPKFLLVSIGDSITITCKASQSVTNDAAWYQKKPGQSPQLLIYQASTRYTGVPDRFSGSGYGTDFTFTISAVQAEDLAVYFCHQDYSSPLTFGAGTKLELK	CHQDYSSPLTFGAGTKLELK	h9C12_LC	CHQDYSSPLTF	88	107	88	98	10
Chymotrypsin + Trypsin	QAQLVQSGPEVRKPGTSVKVSCKAPGNTLKTYDLHWVRSVPGQGLQWMGWISHEGDKKVIVERFKAKVTIDWDRSTNTAYLQLSGLTSGDTAVYYCAKGSKHRLRDYALYDDDGALNWAVDVDYLSNLEFWGQGTAVTVSS	CAKGSKHR	PGDM1400_HC	CAKGSKHRLRDYALYDDDGALNWAVDVDYLSNLEFW	96	103	96	131	7
Chymotrypsin + Trypsin	QAQLVQSGPEVRKPGTSVKVSCKAPGNTLKTYDLHWVRSVPGQGLQWMGWISHEGDKKVIVERFKAKVTIDWDRSTNTAYLQLSGLTSGDTAVYYCAKGSKHRLRDYALYDDDGALNWAVDVDYLSNLEFWGQGTAVTVSS	GSKHRLR	PGDM1400_HC	CAKGSKHRLRDYALYDDDGALNWAVDVDYLSNLEFW	99	105	96	131	6
Chymotrypsin + Trypsin	QAQLVQSGPEVRKPGTSVKVSCKAPGNTLKTYDLHWVRSVPGQGLQWMGWISHEGDKKVIVERFKAKVTIDWDRSTNTAYLQLSGLTSGDTAVYYCAKGSKHRLRDYALYDDDGALNWAVDVDYLSNLEFWGQGTAVTVSS	DDDGALNW	PGDM1400_HC	CAKGSKHRLRDYALYDDDGALNWAVDVDYLSNLEFW	111	118	96	131	7
Chymotrypsin + Trypsin	QAQLVQSGPEVRKPGTSVKVSCKAPGNTLKTYDLHWVRSVPGQGLQWMGWISHEGDKKVIVERFKAKVTIDWDRSTNTAYLQLSGLTSGDTAVYYCAKGSKHRLRDYALYDDDGALNWAVDVDYLSNLEFWGQGTAVTVSS	YCAKGSK	PGDM1400_HC	CAKGSKHRLRDYALYDDDGALNWAVDVDYLSNLEFW	95	101	96	131	5
Chymotrypsin + Trypsin	QAQLVQSGPEVRKPGTSVKVSCKAPGNTLKTYDLHWVRSVPGQGLQWMGWISHEGDKKVIVERFKAKVTIDWDRSTNTAYLQLSGLTSGDTAVYYCAKGSKHRLRDYALYDDDGALNWAVDVDYLSNLEFWGQGTAVTVSS	YCAKGSKHR	PGDM1400_HC	CAKGSKHRLRDYALYDDDGALNWAVDVDYLSNLEFW	95	103	96	131	7
Chymotrypsin + Trypsin	QAQLVQSGPEVRKPGTSVKVSCKAPGNTLKTYDLHWVRSVPGQGLQWMGWISHEGDKKVIVERFKAKVTIDWDRSTNTAYLQLSGLTSGDTAVYYCAKGSKHRLRDYALYDDDGALNWAVDVDYLSNLEFWGQGTAVTVSS	GSKHRLR	PGDM1400_HC	CAKGSKHRLRDYALYDDDGALNWAVDVDYLSNLEFW	99	105	96	131	6
Chymotrypsin + Trypsin	QAQLVQSGPEVRKPGTSVKVSCKAPGNTLKTYDLHWVRSVPGQGLQWMGWISHEGDKKVIVERFKAKVTIDWDRSTNTAYLQLSGLTSGDTAVYYCAKGSKHRLRDYALYDDDGALNWAVDVDYLSNLEFWGQGTAVTVSS	LRDYALY	PGDM1400_HC	CAKGSKHRLRDYALYDDDGALNWAVDVDYLSNLEFW	104	110	96	131	6
Chymotrypsin + Trypsin	QAQLVQSGPEVRKPGTSVKVSCKAPGNTLKTYDLHWVRSVPGQGLQWMGWISHEGDKKVIVERFKAKVTIDWDRSTNTAYLQLSGLTSGDTAVYYCAKGSKHRLRDYALYDDDGALNWAVDVDYLSNLEFWGQGTAVTVSS	CAKGSKHR	PGDM1400_HC	CAKGSKHRLRDYALYDDDGALNWAVDVDYLSNLEFW	96	103	96	131	7
Chymotrypsin + Trypsin	QAQLVQSGPEVRKPGTSVKVSCKAPGNTLKTYDLHWVRSVPGQGLQWMGWISHEGDKKVIVERFKAKVTIDWDRSTNTAYLQLSGLTSGDTAVYYCAKGSKHRLRDYALYDDDGALNWAVDVDYLSNLEFWGQGTAVTVSS	GSKHRLR	PGDM1400_HC	CAKGSKHRLRDYALYDDDGALNWAVDVDYLSNLEFW	99	105	96	131	6
Chymotrypsin + Trypsin	QAQLVQSGPEVRKPGTSVKVSCKAPGNTLKTYDLHWVRSVPGQGLQWMGWISHEGDKKVIVERFKAKVTIDWDRSTNTAYLQLSGLTSGDTAVYYCAKGSKHRLRDYALYDDDGALNWAVDVDYLSNLEFWGQGTAVTVSS	HRLRDYALY	PGDM1400_HC	CAKGSKHRLRDYALYDDDGALNWAVDVDYLSNLEFW	102	110	96	131	8
Chymotrypsin + Trypsin	QAQLVQSGPEVRKPGTSVKVSCKAPGNTLKTYDLHWVRSVPGQGLQWMGWISHEGDKKVIVERFKAKVTIDWDRSTNTAYLQLSGLTSGDTAVYYCAKGSKHRLRDYALYDDDGALNWAVDVDYLSNLEFWGQGTAVTVSS	ALYDDDGALNW	PGDM1400_HC	CAKGSKHRLRDYALYDDDGALNWAVDVDYLSNLEFW	108	118	96	131	10
Chymotrypsin + Trypsin	QAQLVQSGPEVRKPGTSVKVSCKAPGNTLKTYDLHWVRSVPGQGLQWMGWISHEGDKKVIVERFKAKVTIDWDRSTNTAYLQLSGLTSGDTAVYYCAKGSKHRLRDYALYDDDGALNWAVDVDYLSNLEFWGQGTAVTVSS	DDDGALNWAVDVDY	PGDM1400_HC	CAKGSKHRLRDYALYDDDGALNWAVDVDYLSNLEFW	111	124	96	131	13
Chymotrypsin + Trypsin	QAQLVQSGPEVRKPGTSVKVSCKAPGNTLKTYDLHWVRSVPGQGLQWMGWISHEGDKKVIVERFKAKVTIDWDRSTNTAYLQLSGLTSGDTAVYYCAKGSKHRLRDYALYDDDGALNWAVDVDYLSNLEFWGQGTAVTVSS	AVDVDYLSNLEF	PGDM1400_HC	CAKGSKHRLRDYALYDDDGALNWAVDVDYLSNLEFW	119	130	96	131	11
Chymotrypsin + Trypsin	QAQLVQSGPEVRKPGTSVKVSCKAPGNTLKTYDLHWVRSVPGQGLQWMGWISHEGDKKVIVERFKAKVTIDWDRSTNTAYLQLSGLTSGDTAVYYCAKGSKHRLRDYALYDDDGALNWAVDVDYLSNLEFWGQGTAVTVSS	LSNLEFW	PGDM1400_HC	CAKGSKHRLRDYALYDDDGALNWAVDVDYLSNLEFW	125	131	96	131	6
Chymotrypsin + Trypsin	QAQLVQSGPEVRKPGTSVKVSCKAPGNTLKTYDLHWVRSVPGQGLQWMGWISHEGDKKVIVERFKAKVTIDWDRSTNTAYLQLSGLTSGDTAVYYCAKGSKHRLRDYALYDDDGALNWAVDVDYLSNLEFWGQGTAVTVSS	LQLSGLTSGDTAVYYCAKGSK	PGDM1400_HC	CAKGSKHRLRDYALYDDDGALNWAVDVDYLSNLEFW	81	101	96	131	5
Chymotrypsin + Trypsin	QAQLVQSGPEVRKPGTSVKVSCKAPGNTLKTYDLHWVRSVPGQGLQWMGWISHEGDKKVIVERFKAKVTIDWDRSTNTAYLQLSGLTSGDTAVYYCAKGSKHRLRDYALYDDDGALNWAVDVDYLSNLEFWGQGTAVTVSS	LQLSGLTSGDTAVYYCAKGSKHR	PGDM1400_HC	CAKGSKHRLRDYALYDDDGALNWAVDVDYLSNLEFW	81	103	96	131	7
Chymotrypsin + Trypsin	QAQLVQSGPEVRKPGTSVKVSCKAPGNTLKTYDLHWVRSVPGQGLQWMGWISHEGDKKVIVERFKAKVTIDWDRSTNTAYLQLSGLTSGDTAVYYCAKGSKHRLRDYALYDDDGALNWAVDVDYLSNLEFWGQGTAVTVSS	GSKHRLR	PGDM1400_HC	CAKGSKHRLRDYALYDDDGALNWAVDVDYLSNLEFW	99	105	96	131	6
Chymotrypsin + Trypsin	QAQLVQSGPEVRKPGTSVKVSCKAPGNTLKTYDLHWVRSVPGQGLQWMGWISHEGDKKVIVERFKAKVTIDWDRSTNTAYLQLSGLTSGDTAVYYCAKGSKHRLRDYALYDDDGALNWAVDVDYLSNLEFWGQGTAVTVSS	YCAKGSK	PGDM1400_HC	CAKGSKHRLRDYALYDDDGALNWAVDVDYLSNLEFW	95	101	96	131	5
Chymotrypsin + Trypsin	QAQLVQSGPEVRKPGTSVKVSCKAPGNTLKTYDLHWVRSVPGQGLQWMGWISHEGDKKVIVERFKAKVTIDWDRSTNTAYLQLSGLTSGDTAVYYCAKGSKHRLRDYALYDDDGALNWAVDVDYLSNLEFWGQGTAVTVSS	LRDYALY	PGDM1400_HC	CAKGSKHRLRDYALYDDDGALNWAVDVDYLSNLEFW	104	110	96	131	6
Chymotrypsin + Trypsin	QAQLVQSGPEVRKPGTSVKVSCKAPGNTLKTYDLHWVRSVPGQGLQWMGWISHEGDKKVIVERFKAKVTIDWDRSTNTAYLQLSGLTSGDTAVYYCAKGSKHRLRDYALYDDDGALNWAVDVDYLSNLEFWGQGTAVTVSS	YCAKGSKHR	PGDM1400_HC	CAKGSKHRLRDYALYDDDGALNWAVDVDYLSNLEFW	95	103	96	131	7
Chymotrypsin + Trypsin	QAQLVQSGPEVRKPGTSVKVSCKAPGNTLKTYDLHWVRSVPGQGLQWMGWISHEGDKKVIVERFKAKVTIDWDRSTNTAYLQLSGLTSGDTAVYYCAKGSKHRLRDYALYDDDGALNWAVDVDYLSNLEFWGQGTAVTVSS	GSKHRLR	PGDM1400_HC	CAKGSKHRLRDYALYDDDGALNWAVDVDYLSNLEFW	99	105	96	131	6
Chymotrypsin + Trypsin	QAQLVQSGPEVRKPGTSVKVSCKAPGNTLKTYDLHWVRSVPGQGLQWMGWISHEGDKKVIVERFKAKVTIDWDRSTNTAYLQLSGLTSGDTAVYYCAKGSKHRLRDYALYDDDGALNWAVDVDYLSNLEFWGQGTAVTVSS	HRLRDYALY	PGDM1400_HC	CAKGSKHRLRDYALYDDDGALNWAVDVDYLSNLEFW	102	110	96	131	8
Chymotrypsin + Trypsin	QAQLVQSGPEVRKPGTSVKVSCKAPGNTLKTYDLHWVRSVPGQGLQWMGWISHEGDKKVIVERFKAKVTIDWDRSTNTAYLQLSGLTSGDTAVYYCAKGSKHRLRDYALYDDDGALNWAVDVDYLSNLEFWGQGTAVTVSS	DYALYDDDGALNW	PGDM1400_HC	CAKGSKHRLRDYALYDDDGALNWAVDVDYLSNLEFW	106	118	96	131	12
Chymotrypsin + Trypsin	QAQLVQSGPEVRKPGTSVKVSCKAPGNTLKTYDLHWVRSVPGQGLQWMGWISHEGDKKVIVERFKAKVTIDWDRSTNTAYLQLSGLTSGDTAVYYCAKGSKHRLRDYALYDDDGALNWAVDVDYLSNLEFWGQGTAVTVSS	LRDYALYDDDGALNW	PGDM1400_HC	CAKGSKHRLRDYALYDDDGALNWAVDVDYLSNLEFW	104	118	96	131	14
Chymotrypsin + Trypsin	QAQLVQSGPEVRKPGTSVKVSCKAPGNTLKTYDLHWVRSVPGQGLQWMGWISHEGDKKVIVERFKAKVTIDWDRSTNTAYLQLSGLTSGDTAVYYCAKGSKHRLRDYALYDDDGALNWAVDVDYLSNLEFWGQGTAVTVSS	CAKGSKHR	PGDM1400_HC	CAKGSKHRLRDYALYDDDGALNWAVDVDYLSNLEFW	96	103	96	131	7
Chymotrypsin + Trypsin	QAQLVQSGPEVRKPGTSVKVSCKAPGNTLKTYDLHWVRSVPGQGLQWMGWISHEGDKKVIVERFKAKVTIDWDRSTNTAYLQLSGLTSGDTAVYYCAKGSKHRLRDYALYDDDGALNWAVDVDYLSNLEFWGQGTAVTVSS	GSKHRLR	PGDM1400_HC	CAKGSKHRLRDYALYDDDGALNWAVDVDYLSNLEFW	99	105	96	131	6
Chymotrypsin + Trypsin	QAQLVQSGPEVRKPGTSVKVSCKAPGNTLKTYDLHWVRSVPGQGLQWMGWISHEGDKKVIVERFKAKVTIDWDRSTNTAYLQLSGLTSGDTAVYYCAKGSKHRLRDYALYDDDGALNWAVDVDYLSNLEFWGQGTAVTVSS	HRLRDYALYDDDGALNW	PGDM1400_HC	CAKGSKHRLRDYALYDDDGALNWAVDVDYLSNLEFW	102	118	96	131	16
Chymotrypsin + Trypsin	QAQLVQSGPEVRKPGTSVKVSCKAPGNTLKTYDLHWVRSVPGQGLQWMGWISHEGDKKVIVERFKAKVTIDWDRSTNTAYLQLSGLTSGDTAVYYCAKGSKHRLRDYALYDDDGALNWAVDVDYLSNLEFWGQGTAVTVSS	ALYDDDGALNWAVDVDY	PGDM1400_HC	CAKGSKHRLRDYALYDDDGALNWAVDVDYLSNLEFW	108	124	96	131	16
Chymotrypsin + Trypsin	QAQLVQSGPEVRKPGTSVKVSCKAPGNTLKTYDLHWVRSVPGQGLQWMGWISHEGDKKVIVERFKAKVTIDWDRSTNTAYLQLSGLTSGDTAVYYCAKGSKHRLRDYALYDDDGALNWAVDVDYLSNLEFWGQGTAVTVSS	DDDGALNWAVDVDYLSNLEF	PGDM1400_HC	CAKGSKHRLRDYALYDDDGALNWAVDVDYLSNLEFW	111	130	96	131	19
Chymotrypsin + Trypsin	QAQLVQSGPEVRKPGTSVKVSCKAPGNTLKTYDLHWVRSVPGQGLQWMGWISHEGDKKVIVERFKAKVTIDWDRSTNTAYLQLSGLTSGDTAVYYCAKGSKHRLRDYALYDDDGALNWAVDVDYLSNLEFWGQGTAVTVSS	AVDVDYLSNLEFW	PGDM1400_HC	CAKGSKHRLRDYALYDDDGALNWAVDVDYLSNLEFW	119	131	96	131	12
Chymotrypsin + Trypsin	QAQLVQSGPEVRKPGTSVKVSCKAPGNTLKTYDLHWVRSVPGQGLQWMGWISHEGDKKVIVERFKAKVTIDWDRSTNTAYLQLSGLTSGDTAVYYCAKGSKHRLRDYALYDDDGALNWAVDVDYLSNLEFWGQGTAVTVSS	LSNLEFWGQGTAVTVSS	PGDM1400_HC	CAKGSKHRLRDYALYDDDGALNWAVDVDYLSNLEFW	125	141	96	131	6
Chymotrypsin + Trypsin	DFVLTQSPHSLSVTPGESASISCKSSHSLIHGDRNNYLAWYVQKPGRSPQLLIYLASSRASGVPDRFSGSGSDKDFTLKISRVETEDVGTYYCMQGRESPWTFGQGTKVDIK	CMQGRESPW	PGDM1400_LC	CMQGRESPWTF	93	101	93	103	8
Chymotrypsin + Trypsin	DFVLTQSPHSLSVTPGESASISCKSSHSLIHGDRNNYLAWYVQKPGRSPQLLIYLASSRASGVPDRFSGSGSDKDFTLKISRVETEDVGTYYCMQGRESPWTFGQGTKVDIK	YCMQGRESPW	PGDM1400_LC	CMQGRESPWTF	92	101	93	103	8
Chymotrypsin + Trypsin	DFVLTQSPHSLSVTPGESASISCKSSHSLIHGDRNNYLAWYVQKPGRSPQLLIYLASSRASGVPDRFSGSGSDKDFTLKISRVETEDVGTYYCMQGRESPWTFGQGTKVDIK	CMQGRESPWTF	PGDM1400_LC	CMQGRESPWTF	93	103	93	103	10
Chymotrypsin + Trypsin	DFVLTQSPHSLSVTPGESASISCKSSHSLIHGDRNNYLAWYVQKPGRSPQLLIYLASSRASGVPDRFSGSGSDKDFTLKISRVETEDVGTYYCMQGRESPWTFGQGTKVDIK	VETEDVGTYYCMQGR	PGDM1400_LC	CMQGRESPWTF	83	97	93	103	4
Chymotrypsin + Trypsin	DFVLTQSPHSLSVTPGESASISCKSSHSLIHGDRNNYLAWYVQKPGRSPQLLIYLASSRASGVPDRFSGSGSDKDFTLKISRVETEDVGTYYCMQGRESPWTFGQGTKVDIK	ISRVETEDVGTYYCMQGR	PGDM1400_LC	CMQGRESPWTF	80	97	93	103	4
Chymotrypsin + Trypsin	DFVLTQSPHSLSVTPGESASISCKSSHSLIHGDRNNYLAWYVQKPGRSPQLLIYLASSRASGVPDRFSGSGSDKDFTLKISRVETEDVGTYYCMQGRESPWTFGQGTKVDIK	VETEDVGTYYCMQGRESPW	PGDM1400_LC	CMQGRESPWTF	83	101	93	103	8
Chymotrypsin + Trypsin	DFVLTQSPHSLSVTPGESASISCKSSHSLIHGDRNNYLAWYVQKPGRSPQLLIYLASSRASGVPDRFSGSGSDKDFTLKISRVETEDVGTYYCMQGRESPWTFGQGTKVDIK	TLKISRVETEDVGTYYCMQGR	PGDM1400_LC	CMQGRESPWTF	77	97	93	103	4
Chymotrypsin + Trypsin	DFVLTQSPHSLSVTPGESASISCKSSHSLIHGDRNNYLAWYVQKPGRSPQLLIYLASSRASGVPDRFSGSGSDKDFTLKISRVETEDVGTYYCMQGRESPWTFGQGTKVDIK	ISRVETEDVGTYYCMQGRESPW	PGDM1400_LC	CMQGRESPWTF	80	101	93	103	8
Chymotrypsin + Trypsin	DFVLTQSPHSLSVTPGESASISCKSSHSLIHGDRNNYLAWYVQKPGRSPQLLIYLASSRASGVPDRFSGSGSDKDFTLKISRVETEDVGTYYCMQGRESPWTFGQGTKVDIK	YCMQGRESPWTF	PGDM1400_LC	CMQGRESPWTF	92	103	93	103	10
Chymotrypsin + Trypsin	DFVLTQSPHSLSVTPGESASISCKSSHSLIHGDRNNYLAWYVQKPGRSPQLLIYLASSRASGVPDRFSGSGSDKDFTLKISRVETEDVGTYYCMQGRESPWTFGQGTKVDIK	ESPWTFGQGTK	PGDM1400_LC	CMQGRESPWTF	98	108	93	103	5
Chymotrypsin + Trypsin	DFVLTQSPHSLSVTPGESASISCKSSHSLIHGDRNNYLAWYVQKPGRSPQLLIYLASSRASGVPDRFSGSGSDKDFTLKISRVETEDVGTYYCMQGRESPWTFGQGTKVDIK	CMQGRESPWTFGQGTK	PGDM1400_LC	CMQGRESPWTF	93	108	93	103	10
Chymotrypsin + Trypsin	DFVLTQSPHSLSVTPGESASISCKSSHSLIHGDRNNYLAWYVQKPGRSPQLLIYLASSRASGVPDRFSGSGSDKDFTLKISRVETEDVGTYYCMQGRESPWTFGQGTKVDIK	ESPWTFGQGTKVDIK	PGDM1400_LC	CMQGRESPWTF	98	112	93	103	5
Chymotrypsin + Trypsin	DFVLTQSPHSLSVTPGESASISCKSSHSLIHGDRNNYLAWYVQKPGRSPQLLIYLASSRASGVPDRFSGSGSDKDFTLKISRVETEDVGTYYCMQGRESPWTFGQGTKVDIK	CMQGRESPWTFGQGTKVDIK	PGDM1400_LC	CMQGRESPWTF	93	112	93	103	10
Chymotrypsin + Trypsin	QMQLQESGPGLVKPSETLSLTCSVSGASISDSYWSWIRRSPGKGLEWIGYVHKSGDTNYSPSLKSRVNLSLDTSKNQVSLSLVAATAADSGKYYCARTLHGRRIYGIVAFNEWFTYFYMDVWGNGTQVTVSS	CARTLHGR	PGT121_HC	CARTLHGRRIYGIVAFNEWFTYFYMDVW	95	102	95	122	7
Chymotrypsin + Trypsin	QMQLQESGPGLVKPSETLSLTCSVSGASISDSYWSWIRRSPGKGLEWIGYVHKSGDTNYSPSLKSRVNLSLDTSKNQVSLSLVAATAADSGKYYCARTLHGRRIYGIVAFNEWFTYFYMDVWGNGTQVTVSS	CARTLHGRR	PGT121_HC	CARTLHGRRIYGIVAFNEWFTYFYMDVW	95	103	95	122	8
Chymotrypsin + Trypsin	QMQLQESGPGLVKPSETLSLTCSVSGASISDSYWSWIRRSPGKGLEWIGYVHKSGDTNYSPSLKSRVNLSLDTSKNQVSLSLVAATAADSGKYYCARTLHGRRIYGIVAFNEWFTYFYMDVWGNGTQVTVSS	TLHGRRIY	PGT121_HC	CARTLHGRRIYGIVAFNEWFTYFYMDVW	98	105	95	122	7
Chymotrypsin + Trypsin	QMQLQESGPGLVKPSETLSLTCSVSGASISDSYWSWIRRSPGKGLEWIGYVHKSGDTNYSPSLKSRVNLSLDTSKNQVSLSLVAATAADSGKYYCARTLHGRRIYGIVAFNEWFTYFYMDVWGNGTQVTVSS	YCARTLHGR	PGT121_HC	CARTLHGRRIYGIVAFNEWFTYFYMDVW	94	102	95	122	7
Chymotrypsin + Trypsin	QMQLQESGPGLVKPSETLSLTCSVSGASISDSYWSWIRRSPGKGLEWIGYVHKSGDTNYSPSLKSRVNLSLDTSKNQVSLSLVAATAADSGKYYCARTLHGRRIYGIVAFNEWFTYFYMDVWGNGTQVTVSS	YCARTLHGRR	PGT121_HC	CARTLHGRRIYGIVAFNEWFTYFYMDVW	94	103	95	122	8
Chymotrypsin + Trypsin	QMQLQESGPGLVKPSETLSLTCSVSGASISDSYWSWIRRSPGKGLEWIGYVHKSGDTNYSPSLKSRVNLSLDTSKNQVSLSLVAATAADSGKYYCARTLHGRRIYGIVAFNEWFTYFYMDVWGNGTQVTVSS	TLHGRRIY	PGT121_HC	CARTLHGRRIYGIVAFNEWFTYFYMDVW	98	105	95	122	7
Chymotrypsin + Trypsin	QMQLQESGPGLVKPSETLSLTCSVSGASISDSYWSWIRRSPGKGLEWIGYVHKSGDTNYSPSLKSRVNLSLDTSKNQVSLSLVAATAADSGKYYCARTLHGRRIYGIVAFNEWFTYFYMDVWGNGTQVTVSS	IYGIVAF	PGT121_HC	CARTLHGRRIYGIVAFNEWFTYFYMDVW	104	110	95	122	6
Chymotrypsin + Trypsin	QMQLQESGPGLVKPSETLSLTCSVSGASISDSYWSWIRRSPGKGLEWIGYVHKSGDTNYSPSLKSRVNLSLDTSKNQVSLSLVAATAADSGKYYCARTLHGRRIYGIVAFNEWFTYFYMDVWGNGTQVTVSS	CARTLHGR	PGT121_HC	CARTLHGRRIYGIVAFNEWFTYFYMDVW	95	102	95	122	7
Chymotrypsin + Trypsin	QMQLQESGPGLVKPSETLSLTCSVSGASISDSYWSWIRRSPGKGLEWIGYVHKSGDTNYSPSLKSRVNLSLDTSKNQVSLSLVAATAADSGKYYCARTLHGRRIYGIVAFNEWFTYFYMDVWGNGTQVTVSS	RIYGIVAF	PGT121_HC	CARTLHGRRIYGIVAFNEWFTYFYMDVW	103	110	95	122	7
Chymotrypsin + Trypsin	QMQLQESGPGLVKPSETLSLTCSVSGASISDSYWSWIRRSPGKGLEWIGYVHKSGDTNYSPSLKSRVNLSLDTSKNQVSLSLVAATAADSGKYYCARTLHGRRIYGIVAFNEWFTYFYMDVWGNGTQVTVSS	CARTLHGRR	PGT121_HC	CARTLHGRRIYGIVAFNEWFTYFYMDVW	95	103	95	122	8
Chymotrypsin + Trypsin	QMQLQESGPGLVKPSETLSLTCSVSGASISDSYWSWIRRSPGKGLEWIGYVHKSGDTNYSPSLKSRVNLSLDTSKNQVSLSLVAATAADSGKYYCARTLHGRRIYGIVAFNEWFTYFYMDVWGNGTQVTVSS	TLHGRRIYGIVAF	PGT121_HC	CARTLHGRRIYGIVAFNEWFTYFYMDVW	98	110	95	122	12
Chymotrypsin + Trypsin	QMQLQESGPGLVKPSETLSLTCSVSGASISDSYWSWIRRSPGKGLEWIGYVHKSGDTNYSPSLKSRVNLSLDTSKNQVSLSLVAATAADSGKYYCARTLHGRRIYGIVAFNEWFTYFYMDVWGNGTQVTVSS	GIVAFNEW	PGT121_HC	CARTLHGRRIYGIVAFNEWFTYFYMDVW	106	113	95	122	7
Chymotrypsin + Trypsin	QMQLQESGPGLVKPSETLSLTCSVSGASISDSYWSWIRRSPGKGLEWIGYVHKSGDTNYSPSLKSRVNLSLDTSKNQVSLSLVAATAADSGKYYCARTLHGRRIYGIVAFNEWFTYFYMDVWGNGTQVTVSS	MDVWGNGTQVTVSS	PGT121_HC	CARTLHGRRIYGIVAFNEWFTYFYMDVW	119	132	95	122	3
Chymotrypsin + Trypsin	QMQLQESGPGLVKPSETLSLTCSVSGASISDSYWSWIRRSPGKGLEWIGYVHKSGDTNYSPSLKSRVNLSLDTSKNQVSLSLVAATAADSGKYYCARTLHGRRIYGIVAFNEWFTYFYMDVWGNGTQVTVSS	YYCARTLHGR	PGT121_HC	CARTLHGRRIYGIVAFNEWFTYFYMDVW	93	102	95	122	7
Chymotrypsin + Trypsin	QMQLQESGPGLVKPSETLSLTCSVSGASISDSYWSWIRRSPGKGLEWIGYVHKSGDTNYSPSLKSRVNLSLDTSKNQVSLSLVAATAADSGKYYCARTLHGRRIYGIVAFNEWFTYFYMDVWGNGTQVTVSS	NQVSLSLVAATAADSGKYYCARTLHGR	PGT121_HC	CARTLHGRRIYGIVAFNEWFTYFYMDVW	76	102	95	122	7
Chymotrypsin + Trypsin	QMQLQESGPGLVKPSETLSLTCSVSGASISDSYWSWIRRSPGKGLEWIGYVHKSGDTNYSPSLKSRVNLSLDTSKNQVSLSLVAATAADSGKYYCARTLHGRRIYGIVAFNEWFTYFYMDVWGNGTQVTVSS	YYCARTLHGRR	PGT121_HC	CARTLHGRRIYGIVAFNEWFTYFYMDVW	93	103	95	122	8
Chymotrypsin + Trypsin	QMQLQESGPGLVKPSETLSLTCSVSGASISDSYWSWIRRSPGKGLEWIGYVHKSGDTNYSPSLKSRVNLSLDTSKNQVSLSLVAATAADSGKYYCARTLHGRRIYGIVAFNEWFTYFYMDVWGNGTQVTVSS	TLHGRRIY	PGT121_HC	CARTLHGRRIYGIVAFNEWFTYFYMDVW	98	105	95	122	7
Chymotrypsin + Trypsin	QMQLQESGPGLVKPSETLSLTCSVSGASISDSYWSWIRRSPGKGLEWIGYVHKSGDTNYSPSLKSRVNLSLDTSKNQVSLSLVAATAADSGKYYCARTLHGRRIYGIVAFNEWFTYFYMDVWGNGTQVTVSS	IYGIVAF	PGT121_HC	CARTLHGRRIYGIVAFNEWFTYFYMDVW	104	110	95	122	6
Chymotrypsin + Trypsin	QMQLQESGPGLVKPSETLSLTCSVSGASISDSYWSWIRRSPGKGLEWIGYVHKSGDTNYSPSLKSRVNLSLDTSKNQVSLSLVAATAADSGKYYCARTLHGRRIYGIVAFNEWFTYFYMDVWGNGTQVTVSS	YCARTLHGR	PGT121_HC	CARTLHGRRIYGIVAFNEWFTYFYMDVW	94	102	95	122	7
Chymotrypsin + Trypsin	QMQLQESGPGLVKPSETLSLTCSVSGASISDSYWSWIRRSPGKGLEWIGYVHKSGDTNYSPSLKSRVNLSLDTSKNQVSLSLVAATAADSGKYYCARTLHGRRIYGIVAFNEWFTYFYMDVWGNGTQVTVSS	RIYGIVAF	PGT121_HC	CARTLHGRRIYGIVAFNEWFTYFYMDVW	103	110	95	122	7
Chymotrypsin + Trypsin	QMQLQESGPGLVKPSETLSLTCSVSGASISDSYWSWIRRSPGKGLEWIGYVHKSGDTNYSPSLKSRVNLSLDTSKNQVSLSLVAATAADSGKYYCARTLHGRRIYGIVAFNEWFTYFYMDVWGNGTQVTVSS	YCARTLHGRR	PGT121_HC	CARTLHGRRIYGIVAFNEWFTYFYMDVW	94	103	95	122	8
Chymotrypsin + Trypsin	QMQLQESGPGLVKPSETLSLTCSVSGASISDSYWSWIRRSPGKGLEWIGYVHKSGDTNYSPSLKSRVNLSLDTSKNQVSLSLVAATAADSGKYYCARTLHGRRIYGIVAFNEWFTYFYMDVWGNGTQVTVSS	TLHGRRIYGIVAF	PGT121_HC	CARTLHGRRIYGIVAFNEWFTYFYMDVW	98	110	95	122	12
Chymotrypsin + Trypsin	QMQLQESGPGLVKPSETLSLTCSVSGASISDSYWSWIRRSPGKGLEWIGYVHKSGDTNYSPSLKSRVNLSLDTSKNQVSLSLVAATAADSGKYYCARTLHGRRIYGIVAFNEWFTYFYMDVWGNGTQVTVSS	IYGIVAFNEW	PGT121_HC	CARTLHGRRIYGIVAFNEWFTYFYMDVW	104	113	95	122	9
Chymotrypsin + Trypsin	QMQLQESGPGLVKPSETLSLTCSVSGASISDSYWSWIRRSPGKGLEWIGYVHKSGDTNYSPSLKSRVNLSLDTSKNQVSLSLVAATAADSGKYYCARTLHGRRIYGIVAFNEWFTYFYMDVWGNGTQVTVSS	CARTLHGR	PGT121_HC	CARTLHGRRIYGIVAFNEWFTYFYMDVW	95	102	95	122	7
Chymotrypsin + Trypsin	QMQLQESGPGLVKPSETLSLTCSVSGASISDSYWSWIRRSPGKGLEWIGYVHKSGDTNYSPSLKSRVNLSLDTSKNQVSLSLVAATAADSGKYYCARTLHGRRIYGIVAFNEWFTYFYMDVWGNGTQVTVSS	RIYGIVAFNEW	PGT121_HC	CARTLHGRRIYGIVAFNEWFTYFYMDVW	103	113	95	122	10
Chymotrypsin + Trypsin	QMQLQESGPGLVKPSETLSLTCSVSGASISDSYWSWIRRSPGKGLEWIGYVHKSGDTNYSPSLKSRVNLSLDTSKNQVSLSLVAATAADSGKYYCARTLHGRRIYGIVAFNEWFTYFYMDVWGNGTQVTVSS	CARTLHGRR	PGT121_HC	CARTLHGRRIYGIVAFNEWFTYFYMDVW	95	103	95	122	8
Chymotrypsin + Trypsin	QMQLQESGPGLVKPSETLSLTCSVSGASISDSYWSWIRRSPGKGLEWIGYVHKSGDTNYSPSLKSRVNLSLDTSKNQVSLSLVAATAADSGKYYCARTLHGRRIYGIVAFNEWFTYFYMDVWGNGTQVTVSS	TLHGRRIYGIVAFNEW	PGT121_HC	CARTLHGRRIYGIVAFNEWFTYFYMDVW	98	113	95	122	15
Chymotrypsin + Trypsin	QMQLQESGPGLVKPSETLSLTCSVSGASISDSYWSWIRRSPGKGLEWIGYVHKSGDTNYSPSLKSRVNLSLDTSKNQVSLSLVAATAADSGKYYCARTLHGRRIYGIVAFNEWFTYFYMDVWGNGTQVTVSS	GIVAFNEWF	PGT121_HC	CARTLHGRRIYGIVAFNEWFTYFYMDVW	106	114	95	122	8
Chymotrypsin + Trypsin	QMQLQESGPGLVKPSETLSLTCSVSGASISDSYWSWIRRSPGKGLEWIGYVHKSGDTNYSPSLKSRVNLSLDTSKNQVSLSLVAATAADSGKYYCARTLHGRRIYGIVAFNEWFTYFYMDVWGNGTQVTVSS	YMDVWGNGTQVTVSS	PGT121_HC	CARTLHGRRIYGIVAFNEWFTYFYMDVW	118	132	95	122	4
Chymotrypsin + Trypsin	SDISVAPGETARISCGEKSLGSRAVQWYQHRAGQAPSLIIYNNQDRPSGIPERFSGSPDSPFGTTATLTITSVEAGDEADYYCHIWDSRVPTKWVFGGGTTLTVL	DSRVPTK	PGT121_LC	CHIWDSRVPTKWVF	87	93	83	96	6
Chymotrypsin + Trypsin	SDISVAPGETARISCGEKSLGSRAVQWYQHRAGQAPSLIIYNNQDRPSGIPERFSGSPDSPFGTTATLTITSVEAGDEADYYCHIWDSRVPTKWVFGGGTTLTVL	DSRVPTKW	PGT121_LC	CHIWDSRVPTKWVF	87	94	83	96	7
Chymotrypsin + Trypsin	SDISVAPGETARISCGEKSLGSRAVQWYQHRAGQAPSLIIYNNQDRPSGIPERFSGSPDSPFGTTATLTITSVEAGDEADYYCHIWDSRVPTKWVFGGGTTLTVL	CHIWDSR	PGT121_LC	CHIWDSRVPTKWVF	83	89	83	96	6
Chymotrypsin + Trypsin	SDISVAPGETARISCGEKSLGSRAVQWYQHRAGQAPSLIIYNNQDRPSGIPERFSGSPDSPFGTTATLTITSVEAGDEADYYCHIWDSRVPTKWVFGGGTTLTVL	CHIWDSRVPTK	PGT121_LC	CHIWDSRVPTKWVF	83	93	83	96	10
Chymotrypsin + Trypsin	SDISVAPGETARISCGEKSLGSRAVQWYQHRAGQAPSLIIYNNQDRPSGIPERFSGSPDSPFGTTATLTITSVEAGDEADYYCHIWDSRVPTKWVFGGGTTLTVL	CHIWDSRVPTKW	PGT121_LC	CHIWDSRVPTKWVF	83	94	83	96	11
Chymotrypsin + Trypsin	SDISVAPGETARISCGEKSLGSRAVQWYQHRAGQAPSLIIYNNQDRPSGIPERFSGSPDSPFGTTATLTITSVEAGDEADYYCHIWDSRVPTKWVFGGGTTLTVL	DSRVPTK	PGT121_LC	CHIWDSRVPTKWVF	87	93	83	96	6
Chymotrypsin + Trypsin	SDISVAPGETARISCGEKSLGSRAVQWYQHRAGQAPSLIIYNNQDRPSGIPERFSGSPDSPFGTTATLTITSVEAGDEADYYCHIWDSRVPTKWVFGGGTTLTVL	VPTKWVF	PGT121_LC	CHIWDSRVPTKWVF	90	96	83	96	6
Chymotrypsin + Trypsin	SDISVAPGETARISCGEKSLGSRAVQWYQHRAGQAPSLIIYNNQDRPSGIPERFSGSPDSPFGTTATLTITSVEAGDEADYYCHIWDSRVPTKWVFGGGTTLTVL	DSRVPTKWVF	PGT121_LC	CHIWDSRVPTKWVF	87	96	83	96	9
Chymotrypsin + Trypsin	SDISVAPGETARISCGEKSLGSRAVQWYQHRAGQAPSLIIYNNQDRPSGIPERFSGSPDSPFGTTATLTITSVEAGDEADYYCHIWDSRVPTKWVFGGGTTLTVL	GTTATLTITSVEAGDEADYYCHIW	PGT121_LC	CHIWDSRVPTKWVF	63	86	83	96	3
Chymotrypsin + Trypsin	SDISVAPGETARISCGEKSLGSRAVQWYQHRAGQAPSLIIYNNQDRPSGIPERFSGSPDSPFGTTATLTITSVEAGDEADYYCHIWDSRVPTKWVFGGGTTLTVL	YCHIWDSR	PGT121_LC	CHIWDSRVPTKWVF	82	89	83	96	6
Chymotrypsin + Trypsin	SDISVAPGETARISCGEKSLGSRAVQWYQHRAGQAPSLIIYNNQDRPSGIPERFSGSPDSPFGTTATLTITSVEAGDEADYYCHIWDSRVPTKWVFGGGTTLTVL	YCHIWDSRVPTK	PGT121_LC	CHIWDSRVPTKWVF	82	93	83	96	10
Chymotrypsin + Trypsin	SDISVAPGETARISCGEKSLGSRAVQWYQHRAGQAPSLIIYNNQDRPSGIPERFSGSPDSPFGTTATLTITSVEAGDEADYYCHIWDSRVPTKWVFGGGTTLTVL	YCHIWDSRVPTKW	PGT121_LC	CHIWDSRVPTKWVF	82	94	83	96	11
Chymotrypsin + Trypsin	SDISVAPGETARISCGEKSLGSRAVQWYQHRAGQAPSLIIYNNQDRPSGIPERFSGSPDSPFGTTATLTITSVEAGDEADYYCHIWDSRVPTKWVFGGGTTLTVL	CHIWDSR	PGT121_LC	CHIWDSRVPTKWVF	83	89	83	96	6
Chymotrypsin + Trypsin	SDISVAPGETARISCGEKSLGSRAVQWYQHRAGQAPSLIIYNNQDRPSGIPERFSGSPDSPFGTTATLTITSVEAGDEADYYCHIWDSRVPTKWVFGGGTTLTVL	CHIWDSRVPTK	PGT121_LC	CHIWDSRVPTKWVF	83	93	83	96	10
Chymotrypsin + Trypsin	SDISVAPGETARISCGEKSLGSRAVQWYQHRAGQAPSLIIYNNQDRPSGIPERFSGSPDSPFGTTATLTITSVEAGDEADYYCHIWDSRVPTKWVFGGGTTLTVL	VPTKWVF	PGT121_LC	CHIWDSRVPTKWVF	90	96	83	96	6
Chymotrypsin + Trypsin	SDISVAPGETARISCGEKSLGSRAVQWYQHRAGQAPSLIIYNNQDRPSGIPERFSGSPDSPFGTTATLTITSVEAGDEADYYCHIWDSRVPTKWVFGGGTTLTVL	CHIWDSRVPTKWVF	PGT121_LC	CHIWDSRVPTKWVF	83	96	83	96	13
Chymotrypsin + Trypsin	SDISVAPGETARISCGEKSLGSRAVQWYQHRAGQAPSLIIYNNQDRPSGIPERFSGSPDSPFGTTATLTITSVEAGDEADYYCHIWDSRVPTKWVFGGGTTLTVL	DSRVPTK	PGT121_LC	CHIWDSRVPTKWVF	87	93	83	96	6
Chymotrypsin + Trypsin	SDISVAPGETARISCGEKSLGSRAVQWYQHRAGQAPSLIIYNNQDRPSGIPERFSGSPDSPFGTTATLTITSVEAGDEADYYCHIWDSRVPTKWVFGGGTTLTVL	VPTKWVFGGGTTLTVL	PGT121_LC	CHIWDSRVPTKWVF	90	105	83	96	6
Chymotrypsin + Trypsin	SDISVAPGETARISCGEKSLGSRAVQWYQHRAGQAPSLIIYNNQDRPSGIPERFSGSPDSPFGTTATLTITSVEAGDEADYYCHIWDSRVPTKWVFGGGTTLTVL	DSRVPTKWVFGGGTTLTVL	PGT121_LC	CHIWDSRVPTKWVF	87	105	83	96	9
Chymotrypsin + Trypsin	EVQLVQSGAEVKKPGESLKISCKGSGYSFTTYWLGWVRQMPGKGLDWIGIMSPVDSDIRYSPSFQGQVTMSVDKSITTAYLQWNSLKASDTAMYYCARRRPGQGYFDFWGQGTLVTVSS	RRPGQGY	Umab_HC	CARRRPGQGYFDFW	99	105	96	109	6
Chymotrypsin + Trypsin	EVQLVQSGAEVKKPGESLKISCKGSGYSFTTYWLGWVRQMPGKGLDWIGIMSPVDSDIRYSPSFQGQVTMSVDKSITTAYLQWNSLKASDTAMYYCARRRPGQGYFDFWGQGTLVTVSS	CARRRPGQGY	Umab_HC	CARRRPGQGYFDFW	96	105	96	109	9
Chymotrypsin + Trypsin	EVQLVQSGAEVKKPGESLKISCKGSGYSFTTYWLGWVRQMPGKGLDWIGIMSPVDSDIRYSPSFQGQVTMSVDKSITTAYLQWNSLKASDTAMYYCARRRPGQGYFDFWGQGTLVTVSS	RRPGQGY	Umab_HC	CARRRPGQGYFDFW	99	105	96	109	6
Chymotrypsin + Trypsin	EVQLVQSGAEVKKPGESLKISCKGSGYSFTTYWLGWVRQMPGKGLDWIGIMSPVDSDIRYSPSFQGQVTMSVDKSITTAYLQWNSLKASDTAMYYCARRRPGQGYFDFWGQGTLVTVSS	YCARRRPGQGY	Umab_HC	CARRRPGQGYFDFW	95	105	96	109	9
Chymotrypsin + Trypsin	EVQLVQSGAEVKKPGESLKISCKGSGYSFTTYWLGWVRQMPGKGLDWIGIMSPVDSDIRYSPSFQGQVTMSVDKSITTAYLQWNSLKASDTAMYYCARRRPGQGYFDFWGQGTLVTVSS	RRPGQGYF	Umab_HC	CARRRPGQGYFDFW	99	106	96	109	7
Chymotrypsin + Trypsin	EVQLVQSGAEVKKPGESLKISCKGSGYSFTTYWLGWVRQMPGKGLDWIGIMSPVDSDIRYSPSFQGQVTMSVDKSITTAYLQWNSLKASDTAMYYCARRRPGQGYFDFWGQGTLVTVSS	CARRRPGQGYF	Umab_HC	CARRRPGQGYFDFW	96	106	96	109	10
Chymotrypsin + Trypsin	EVQLVQSGAEVKKPGESLKISCKGSGYSFTTYWLGWVRQMPGKGLDWIGIMSPVDSDIRYSPSFQGQVTMSVDKSITTAYLQWNSLKASDTAMYYCARRRPGQGYFDFWGQGTLVTVSS	RRPGQGY	Umab_HC	CARRRPGQGYFDFW	99	105	96	109	6
Chymotrypsin + Trypsin	EVQLVQSGAEVKKPGESLKISCKGSGYSFTTYWLGWVRQMPGKGLDWIGIMSPVDSDIRYSPSFQGQVTMSVDKSITTAYLQWNSLKASDTAMYYCARRRPGQGYFDFWGQGTLVTVSS	ASDTAMYYCARRRPGQGY	Umab_HC	CARRRPGQGYFDFW	88	105	96	109	9
Chymotrypsin + Trypsin	EVQLVQSGAEVKKPGESLKISCKGSGYSFTTYWLGWVRQMPGKGLDWIGIMSPVDSDIRYSPSFQGQVTMSVDKSITTAYLQWNSLKASDTAMYYCARRRPGQGYFDFWGQGTLVTVSS	NSLKASDTAMYYCARRRPGQGY	Umab_HC	CARRRPGQGYFDFW	84	105	96	109	9
Chymotrypsin + Trypsin	EVQLVQSGAEVKKPGESLKISCKGSGYSFTTYWLGWVRQMPGKGLDWIGIMSPVDSDIRYSPSFQGQVTMSVDKSITTAYLQWNSLKASDTAMYYCARRRPGQGYFDFWGQGTLVTVSS	RRPGQGYF	Umab_HC	CARRRPGQGYFDFW	99	106	96	109	7
Chymotrypsin + Trypsin	EVQLVQSGAEVKKPGESLKISCKGSGYSFTTYWLGWVRQMPGKGLDWIGIMSPVDSDIRYSPSFQGQVTMSVDKSITTAYLQWNSLKASDTAMYYCARRRPGQGYFDFWGQGTLVTVSS	YCARRRPGQGYF	Umab_HC	CARRRPGQGYFDFW	95	106	96	109	10
Chymotrypsin + Trypsin	EVQLVQSGAEVKKPGESLKISCKGSGYSFTTYWLGWVRQMPGKGLDWIGIMSPVDSDIRYSPSFQGQVTMSVDKSITTAYLQWNSLKASDTAMYYCARRRPGQGYFDFWGQGTLVTVSS	RRPGQGYFDF	Umab_HC	CARRRPGQGYFDFW	99	108	96	109	9
Chymotrypsin + Trypsin	EVQLVQSGAEVKKPGESLKISCKGSGYSFTTYWLGWVRQMPGKGLDWIGIMSPVDSDIRYSPSFQGQVTMSVDKSITTAYLQWNSLKASDTAMYYCARRRPGQGYFDFWGQGTLVTVSS	CARRRPGQGYFDF	Umab_HC	CARRRPGQGYFDFW	96	108	96	109	12
Chymotrypsin + Trypsin	DIQMTQSPSSLSASVGDRVTITCRASQGISSWLAWYQQKPEKAPKSLIYAASSLQSGVPSRFSGSGSGTDFTLTISSLQPEDFATYYCQQYNIYPYTFGQGTKLEIK	CQQYNIYPY	Umab_LC	CQQYNIYPYTF	88	96	88	98	8
Chymotrypsin + Trypsin	DIQMTQSPSSLSASVGDRVTITCRASQGISSWLAWYQQKPEKAPKSLIYAASSLQSGVPSRFSGSGSGTDFTLTISSLQPEDFATYYCQQYNIYPYTFGQGTKLEIK	NIYPYTF	Umab_LC	CQQYNIYPYTF	92	98	88	98	6
Chymotrypsin + Trypsin	DIQMTQSPSSLSASVGDRVTITCRASQGISSWLAWYQQKPEKAPKSLIYAASSLQSGVPSRFSGSGSGTDFTLTISSLQPEDFATYYCQQYNIYPYTFGQGTKLEIK	ATYYCQQY	Umab_LC	CQQYNIYPYTF	84	91	88	98	3
Chymotrypsin + Trypsin	DIQMTQSPSSLSASVGDRVTITCRASQGISSWLAWYQQKPEKAPKSLIYAASSLQSGVPSRFSGSGSGTDFTLTISSLQPEDFATYYCQQYNIYPYTFGQGTKLEIK	YCQQYNIYPY	Umab_LC	CQQYNIYPYTF	87	96	88	98	8
Chymotrypsin + Trypsin	DIQMTQSPSSLSASVGDRVTITCRASQGISSWLAWYQQKPEKAPKSLIYAASSLQSGVPSRFSGSGSGTDFTLTISSLQPEDFATYYCQQYNIYPYTFGQGTKLEIK	CQQYNIYPYTF	Umab_LC	CQQYNIYPYTF	88	98	88	98	10
Chymotrypsin + Trypsin	DIQMTQSPSSLSASVGDRVTITCRASQGISSWLAWYQQKPEKAPKSLIYAASSLQSGVPSRFSGSGSGTDFTLTISSLQPEDFATYYCQQYNIYPYTFGQGTKLEIK	NIYPYTFGQGTK	Umab_LC	CQQYNIYPYTF	92	103	88	98	6
Chymotrypsin + Trypsin	DIQMTQSPSSLSASVGDRVTITCRASQGISSWLAWYQQKPEKAPKSLIYAASSLQSGVPSRFSGSGSGTDFTLTISSLQPEDFATYYCQQYNIYPYTFGQGTKLEIK	NIYPYTFGQGTKLEIK	Umab_LC	CQQYNIYPYTF	92	107	88	98	6
Chymotrypsin + Trypsin	QVQLVESGGGVVQPGRSLRLSCAASGFTFSSYGMHWVRQAPGKGLEWVAFIRYDGSNKYYADSVKGRFTISRDNSKNTLYLQMNSLRAEDTAVYYCKTHGSHDNWGQGTMVTVSS	THGSHDNW	Brimab_HC	CKTHGSHDNW	98	105	96	105	7
Chymotrypsin + Trypsin	QVQLVESGGGVVQPGRSLRLSCAASGFTFSSYGMHWVRQAPGKGLEWVAFIRYDGSNKYYADSVKGRFTISRDNSKNTLYLQMNSLRAEDTAVYYCKTHGSHDNWGQGTMVTVSS	CKTHGSHDNW	Brimab_HC	CKTHGSHDNW	96	105	96	105	9
Chymotrypsin + Trypsin	QVQLVESGGGVVQPGRSLRLSCAASGFTFSSYGMHWVRQAPGKGLEWVAFIRYDGSNKYYADSVKGRFTISRDNSKNTLYLQMNSLRAEDTAVYYCKTHGSHDNWGQGTMVTVSS	THGSHDNW	Brimab_HC	CKTHGSHDNW	98	105	96	105	7
Chymotrypsin + Trypsin	QVQLVESGGGVVQPGRSLRLSCAASGFTFSSYGMHWVRQAPGKGLEWVAFIRYDGSNKYYADSVKGRFTISRDNSKNTLYLQMNSLRAEDTAVYYCKTHGSHDNWGQGTMVTVSS	YCKTHGSHDNW	Brimab_HC	CKTHGSHDNW	95	105	96	105	9
Chymotrypsin + Trypsin	QVQLVESGGGVVQPGRSLRLSCAASGFTFSSYGMHWVRQAPGKGLEWVAFIRYDGSNKYYADSVKGRFTISRDNSKNTLYLQMNSLRAEDTAVYYCKTHGSHDNWGQGTMVTVSS	THGSHDNWGQGTMVTVSS	Brimab_HC	CKTHGSHDNW	98	115	96	105	7
Chymotrypsin + Trypsin	QVQLVESGGGVVQPGRSLRLSCAASGFTFSSYGMHWVRQAPGKGLEWVAFIRYDGSNKYYADSVKGRFTISRDNSKNTLYLQMNSLRAEDTAVYYCKTHGSHDNWGQGTMVTVSS	CKTHGSHDNWGQGTMVTVSS	Brimab_HC	CKTHGSHDNW	96	115	96	105	9
Chymotrypsin + Trypsin	QVQLVESGGGVVQPGRSLRLSCAASGFTFSSYGMHWVRQAPGKGLEWVAFIRYDGSNKYYADSVKGRFTISRDNSKNTLYLQMNSLRAEDTAVYYCKTHGSHDNWGQGTMVTVSS	THGSHDNW	Brimab_HC	CKTHGSHDNW	98	105	96	105	7
Chymotrypsin + Trypsin	QVQLVESGGGVVQPGRSLRLSCAASGFTFSSYGMHWVRQAPGKGLEWVAFIRYDGSNKYYADSVKGRFTISRDNSKNTLYLQMNSLRAEDTAVYYCKTHGSHDNWGQGTMVTVSS	AEDTAVYYCKTHGSHDNW	Brimab_HC	CKTHGSHDNW	88	105	96	105	9
Chymotrypsin + Trypsin	QVQLVESGGGVVQPGRSLRLSCAASGFTFSSYGMHWVRQAPGKGLEWVAFIRYDGSNKYYADSVKGRFTISRDNSKNTLYLQMNSLRAEDTAVYYCKTHGSHDNWGQGTMVTVSS	LQMNSLRAEDTAVYYCKTHGSHDNW	Brimab_HC	CKTHGSHDNW	81	105	96	105	9
Chymotrypsin + Trypsin	QVQLVESGGGVVQPGRSLRLSCAASGFTFSSYGMHWVRQAPGKGLEWVAFIRYDGSNKYYADSVKGRFTISRDNSKNTLYLQMNSLRAEDTAVYYCKTHGSHDNWGQGTMVTVSS	THGSHDNWGQGTMVTVSS	Brimab_HC	CKTHGSHDNW	98	115	96	105	7
Chymotrypsin + Trypsin	QVQLVESGGGVVQPGRSLRLSCAASGFTFSSYGMHWVRQAPGKGLEWVAFIRYDGSNKYYADSVKGRFTISRDNSKNTLYLQMNSLRAEDTAVYYCKTHGSHDNWGQGTMVTVSS	YCKTHGSHDNWGQGTMVTVSS	Brimab_HC	CKTHGSHDNW	95	115	96	105	9
Chymotrypsin + Trypsin	QSVLTQPPSVSGAPGQRVTISCSGSRSNIGSNTVKWYQQLPGTAPKLLIYYNDQRPSGVPDRFSGSKSGTSASLAITGLQAEDEADYYCQSYDRYTHPALLFGTGTKVTVL	THPALLF	Brimab_LC	CQSYDRYTHPALLF	96	102	89	102	6
Chymotrypsin + Trypsin	QSVLTQPPSVSGAPGQRVTISCSGSRSNIGSNTVKWYQQLPGTAPKLLIYYNDQRPSGVPDRFSGSKSGTSASLAITGLQAEDEADYYCQSYDRYTHPALLFGTGTKVTVL	CQSYDRY	Brimab_LC	CQSYDRYTHPALLF	89	95	89	102	6
Chymotrypsin + Trypsin	QSVLTQPPSVSGAPGQRVTISCSGSRSNIGSNTVKWYQQLPGTAPKLLIYYNDQRPSGVPDRFSGSKSGTSASLAITGLQAEDEADYYCQSYDRYTHPALLFGTGTKVTVL	YTHPALLF	Brimab_LC	CQSYDRYTHPALLF	95	102	89	102	7
Chymotrypsin + Trypsin	QSVLTQPPSVSGAPGQRVTISCSGSRSNIGSNTVKWYQQLPGTAPKLLIYYNDQRPSGVPDRFSGSKSGTSASLAITGLQAEDEADYYCQSYDRYTHPALLFGTGTKVTVL	DRYTHPALLF	Brimab_LC	CQSYDRYTHPALLF	93	102	89	102	9
Chymotrypsin + Trypsin	QSVLTQPPSVSGAPGQRVTISCSGSRSNIGSNTVKWYQQLPGTAPKLLIYYNDQRPSGVPDRFSGSKSGTSASLAITGLQAEDEADYYCQSYDRYTHPALLFGTGTKVTVL	THPALLFGTGTK	Brimab_LC	CQSYDRYTHPALLF	96	107	89	102	6
Chymotrypsin + Trypsin	QSVLTQPPSVSGAPGQRVTISCSGSRSNIGSNTVKWYQQLPGTAPKLLIYYNDQRPSGVPDRFSGSKSGTSASLAITGLQAEDEADYYCQSYDRYTHPALLFGTGTKVTVL	THPALLFGTGTKVTVL	Brimab_LC	CQSYDRYTHPALLF	96	111	89	102	6
Chymotrypsin + Trypsin	QSVLTQPPSVSGAPGQRVTISCSGSRSNIGSNTVKWYQQLPGTAPKLLIYYNDQRPSGVPDRFSGSKSGTSASLAITGLQAEDEADYYCQSYDRYTHPALLFGTGTKVTVL	SGTSASLAITGLQAEDEADYYCQSY	Brimab_LC	CQSYDRYTHPALLF	68	92	89	102	3
Chymotrypsin + Trypsin	QSVLTQPPSVSGAPGQRVTISCSGSRSNIGSNTVKWYQQLPGTAPKLLIYYNDQRPSGVPDRFSGSKSGTSASLAITGLQAEDEADYYCQSYDRYTHPALLFGTGTKVTVL	SGSKSGTSASLAITGLQAEDEADYYCQSY	Brimab_LC	CQSYDRYTHPALLF	64	92	89	102	3
Chymotrypsin + Trypsin	QSVLTQPPSVSGAPGQRVTISCSGSRSNIGSNTVKWYQQLPGTAPKLLIYYNDQRPSGVPDRFSGSKSGTSASLAITGLQAEDEADYYCQSYDRYTHPALLFGTGTKVTVL	YCQSYDR	Brimab_LC	CQSYDRYTHPALLF	88	94	89	102	5
Chymotrypsin + Trypsin	QSVLTQPPSVSGAPGQRVTISCSGSRSNIGSNTVKWYQQLPGTAPKLLIYYNDQRPSGVPDRFSGSKSGTSASLAITGLQAEDEADYYCQSYDRYTHPALLFGTGTKVTVL	YCQSYDRY	Brimab_LC	CQSYDRYTHPALLF	88	95	89	102	6
Chymotrypsin + Trypsin	QSVLTQPPSVSGAPGQRVTISCSGSRSNIGSNTVKWYQQLPGTAPKLLIYYNDQRPSGVPDRFSGSKSGTSASLAITGLQAEDEADYYCQSYDRYTHPALLFGTGTKVTVL	YTHPALLF	Brimab_LC	CQSYDRYTHPALLF	95	102	89	102	7
Chymotrypsin + Trypsin	QSVLTQPPSVSGAPGQRVTISCSGSRSNIGSNTVKWYQQLPGTAPKLLIYYNDQRPSGVPDRFSGSKSGTSASLAITGLQAEDEADYYCQSYDRYTHPALLFGTGTKVTVL	CQSYDRYTHPALLF	Brimab_LC	CQSYDRYTHPALLF	89	102	89	102	13
Chymotrypsin + Trypsin	QSVLTQPPSVSGAPGQRVTISCSGSRSNIGSNTVKWYQQLPGTAPKLLIYYNDQRPSGVPDRFSGSKSGTSASLAITGLQAEDEADYYCQSYDRYTHPALLFGTGTKVTVL	YTHPALLFGTGTK	Brimab_LC	CQSYDRYTHPALLF	95	107	89	102	7
Chymotrypsin + Trypsin	QSVLTQPPSVSGAPGQRVTISCSGSRSNIGSNTVKWYQQLPGTAPKLLIYYNDQRPSGVPDRFSGSKSGTSASLAITGLQAEDEADYYCQSYDRYTHPALLFGTGTKVTVL	DRYTHPALLFGTGTK	Brimab_LC	CQSYDRYTHPALLF	93	107	89	102	9
Chymotrypsin + Trypsin	QSVLTQPPSVSGAPGQRVTISCSGSRSNIGSNTVKWYQQLPGTAPKLLIYYNDQRPSGVPDRFSGSKSGTSASLAITGLQAEDEADYYCQSYDRYTHPALLFGTGTKVTVL	YTHPALLFGTGTKVTVL	Brimab_LC	CQSYDRYTHPALLF	95	111	89	102	7
Chymotrypsin + Trypsin	QSVLTQPPSVSGAPGQRVTISCSGSRSNIGSNTVKWYQQLPGTAPKLLIYYNDQRPSGVPDRFSGSKSGTSASLAITGLQAEDEADYYCQSYDRYTHPALLFGTGTKVTVL	DRYTHPALLFGTGTKVTVL	Brimab_LC	CQSYDRYTHPALLF	93	111	89	102	9
Chymotrypsin + Trypsin	QVQLKQSGPGLLQPSQRLSITCTVSGFSLGRYGVHWIRQSPGKGLEWLGVIWRGGTTDYNAVFMSRLSINKDDSKSQVFFTMNSLRPDDTAIYYCARQGSNFPLAYWGQGTLVTVSA	QGSNFPLAY	h9C12-WT_HC	CARQGSNFPLAYW	98	106	95	107	8
Chymotrypsin + Trypsin	QVQLKQSGPGLLQPSQRLSITCTVSGFSLGRYGVHWIRQSPGKGLEWLGVIWRGGTTDYNAVFMSRLSINKDDSKSQVFFTMNSLRPDDTAIYYCARQGSNFPLAYWGQGTLVTVSA	CARQGSNFPLAY	h9C12-WT_HC	CARQGSNFPLAYW	95	106	95	107	11
Chymotrypsin + Trypsin	QVQLKQSGPGLLQPSQRLSITCTVSGFSLGRYGVHWIRQSPGKGLEWLGVIWRGGTTDYNAVFMSRLSINKDDSKSQVFFTMNSLRPDDTAIYYCARQGSNFPLAYWGQGTLVTVSA	QGSNFPLAY	h9C12-WT_HC	CARQGSNFPLAYW	98	106	95	107	8
Chymotrypsin + Trypsin	QVQLKQSGPGLLQPSQRLSITCTVSGFSLGRYGVHWIRQSPGKGLEWLGVIWRGGTTDYNAVFMSRLSINKDDSKSQVFFTMNSLRPDDTAIYYCARQGSNFPLAYWGQGTLVTVSA	YCARQGSNFPLAY	h9C12-WT_HC	CARQGSNFPLAYW	94	106	95	107	11
Chymotrypsin + Trypsin	QVQLKQSGPGLLQPSQRLSITCTVSGFSLGRYGVHWIRQSPGKGLEWLGVIWRGGTTDYNAVFMSRLSINKDDSKSQVFFTMNSLRPDDTAIYYCARQGSNFPLAYWGQGTLVTVSA	QGSNFPLAYW	h9C12-WT_HC	CARQGSNFPLAYW	98	107	95	107	9
Chymotrypsin + Trypsin	QVQLKQSGPGLLQPSQRLSITCTVSGFSLGRYGVHWIRQSPGKGLEWLGVIWRGGTTDYNAVFMSRLSINKDDSKSQVFFTMNSLRPDDTAIYYCARQGSNFPLAYWGQGTLVTVSA	CARQGSNFPLAYW	h9C12-WT_HC	CARQGSNFPLAYW	95	107	95	107	12
Chymotrypsin + Trypsin	QVQLKQSGPGLLQPSQRLSITCTVSGFSLGRYGVHWIRQSPGKGLEWLGVIWRGGTTDYNAVFMSRLSINKDDSKSQVFFTMNSLRPDDTAIYYCARQGSNFPLAYWGQGTLVTVSA	QGSNFPLAY	h9C12-WT_HC	CARQGSNFPLAYW	98	106	95	107	8
Chymotrypsin + Trypsin	QVQLKQSGPGLLQPSQRLSITCTVSGFSLGRYGVHWIRQSPGKGLEWLGVIWRGGTTDYNAVFMSRLSINKDDSKSQVFFTMNSLRPDDTAIYYCARQGSNFPLAYWGQGTLVTVSA	TMNSLRPDDTAIYYCARQGSNFPLAY	h9C12-WT_HC	CARQGSNFPLAYW	81	106	95	107	11
Chymotrypsin + Trypsin	QVQLKQSGPGLLQPSQRLSITCTVSGFSLGRYGVHWIRQSPGKGLEWLGVIWRGGTTDYNAVFMSRLSINKDDSKSQVFFTMNSLRPDDTAIYYCARQGSNFPLAYWGQGTLVTVSA	QGSNFPLAYW	h9C12-WT_HC	CARQGSNFPLAYW	98	107	95	107	9
Chymotrypsin + Trypsin	QVQLKQSGPGLLQPSQRLSITCTVSGFSLGRYGVHWIRQSPGKGLEWLGVIWRGGTTDYNAVFMSRLSINKDDSKSQVFFTMNSLRPDDTAIYYCARQGSNFPLAYWGQGTLVTVSA	YCARQGSNFPLAYW	h9C12-WT_HC	CARQGSNFPLAYW	94	107	95	107	12
Chymotrypsin + Trypsin	QVQLKQSGPGLLQPSQRLSITCTVSGFSLGRYGVHWIRQSPGKGLEWLGVIWRGGTTDYNAVFMSRLSINKDDSKSQVFFTMNSLRPDDTAIYYCARQGSNFPLAYWGQGTLVTVSA	QGSNFPLAYWGQGTLVTVSA	h9C12-WT_HC	CARQGSNFPLAYW	98	117	95	107	9
Chymotrypsin + Trypsin	QVQLKQSGPGLLQPSQRLSITCTVSGFSLGRYGVHWIRQSPGKGLEWLGVIWRGGTTDYNAVFMSRLSINKDDSKSQVFFTMNSLRPDDTAIYYCARQGSNFPLAYWGQGTLVTVSA	CARQGSNFPLAYWGQGTLVTVSA	h9C12-WT_HC	CARQGSNFPLAYW	95	117	95	107	12
Chymotrypsin + Trypsin	QVQLKQSGPGLLQPSQRLSITCTVSGFSLGRYGVHWIRQSPGKGLEWLGVIWRGGTTDYNAVFMSRLSINKDDSKSQVFFTMNSLRPDDTAIYYCARAGSNFPLAYWGQGTLVTVS	AGSNFPLAY	h9C12-Q97A_HC	CARAGSNFPLAYW	98	106	95	107	8
Chymotrypsin + Trypsin	QVQLKQSGPGLLQPSQRLSITCTVSGFSLGRYGVHWIRQSPGKGLEWLGVIWRGGTTDYNAVFMSRLSINKDDSKSQVFFTMNSLRPDDTAIYYCARAGSNFPLAYWGQGTLVTVS	CARAGSNFPLAY	h9C12-Q97A_HC	CARAGSNFPLAYW	95	106	95	107	11
Chymotrypsin + Trypsin	QVQLKQSGPGLLQPSQRLSITCTVSGFSLGRYGVHWIRQSPGKGLEWLGVIWRGGTTDYNAVFMSRLSINKDDSKSQVFFTMNSLRPDDTAIYYCARAGSNFPLAYWGQGTLVTVS	AGSNFPLAY	h9C12-Q97A_HC	CARAGSNFPLAYW	98	106	95	107	8
Chymotrypsin + Trypsin	QVQLKQSGPGLLQPSQRLSITCTVSGFSLGRYGVHWIRQSPGKGLEWLGVIWRGGTTDYNAVFMSRLSINKDDSKSQVFFTMNSLRPDDTAIYYCARAGSNFPLAYWGQGTLVTVS	YCARAGSNFPLAY	h9C12-Q97A_HC	CARAGSNFPLAYW	94	106	95	107	11
Chymotrypsin + Trypsin	QVQLKQSGPGLLQPSQRLSITCTVSGFSLGRYGVHWIRQSPGKGLEWLGVIWRGGTTDYNAVFMSRLSINKDDSKSQVFFTMNSLRPDDTAIYYCARAGSNFPLAYWGQGTLVTVS	AGSNFPLAYW	h9C12-Q97A_HC	CARAGSNFPLAYW	98	107	95	107	9
Chymotrypsin + Trypsin	QVQLKQSGPGLLQPSQRLSITCTVSGFSLGRYGVHWIRQSPGKGLEWLGVIWRGGTTDYNAVFMSRLSINKDDSKSQVFFTMNSLRPDDTAIYYCARAGSNFPLAYWGQGTLVTVS	CARAGSNFPLAYW	h9C12-Q97A_HC	CARAGSNFPLAYW	95	107	95	107	12
Chymotrypsin + Trypsin	QVQLKQSGPGLLQPSQRLSITCTVSGFSLGRYGVHWIRQSPGKGLEWLGVIWRGGTTDYNAVFMSRLSINKDDSKSQVFFTMNSLRPDDTAIYYCARAGSNFPLAYWGQGTLVTVS	AGSNFPLAY	h9C12-Q97A_HC	CARAGSNFPLAYW	98	106	95	107	8
Chymotrypsin + Trypsin	QVQLKQSGPGLLQPSQRLSITCTVSGFSLGRYGVHWIRQSPGKGLEWLGVIWRGGTTDYNAVFMSRLSINKDDSKSQVFFTMNSLRPDDTAIYYCARAGSNFPLAYWGQGTLVTVS	TMNSLRPDDTAIYYCARAGSNFPLAY	h9C12-Q97A_HC	CARAGSNFPLAYW	81	106	95	107	11
Chymotrypsin + Trypsin	QVQLKQSGPGLLQPSQRLSITCTVSGFSLGRYGVHWIRQSPGKGLEWLGVIWRGGTTDYNAVFMSRLSINKDDSKSQVFFTMNSLRPDDTAIYYCARAGSNFPLAYWGQGTLVTVS	AGSNFPLAYW	h9C12-Q97A_HC	CARAGSNFPLAYW	98	107	95	107	9
Chymotrypsin + Trypsin	QVQLKQSGPGLLQPSQRLSITCTVSGFSLGRYGVHWIRQSPGKGLEWLGVIWRGGTTDYNAVFMSRLSINKDDSKSQVFFTMNSLRPDDTAIYYCARAGSNFPLAYWGQGTLVTVS	YCARAGSNFPLAYW	h9C12-Q97A_HC	CARAGSNFPLAYW	94	107	95	107	12
Chymotrypsin + Trypsin	QVQLKQSGPGLLQPSQRLSITCTVSGFSLGRYGVHWIRQSPGKGLEWLGVIWRGGTTDYNAVFMSRLSINKDDSKSQVFFTMNSLRPDDTAIYYCARAGSNFPLAYWGQGTLVTVS	AGSNFPLAYWGQGTLVTVS	h9C12-Q97A_HC	CARAGSNFPLAYW	98	116	95	107	9
Chymotrypsin + Trypsin	QVQLKQSGPGLLQPSQRLSITCTVSGFSLGRYGVHWIRQSPGKGLEWLGVIWRGGTTDYNAVFMSRLSINKDDSKSQVFFTMNSLRPDDTAIYYCARAGSNFPLAYWGQGTLVTVS	CARAGSNFPLAYWGQGTLVTVS	h9C12-Q97A_HC	CARAGSNFPLAYW	95	116	95	107	12
Chymotrypsin + Trypsin	NIVMTQTPKFLLVSIGDSITITCKASQSVTNDAAWYQKKPGQSPQLLIYQASTRYTGVPDRFSGSGYGTDFTFTISAVQAEDLAVYFCHQDYSSPLTFGAGTKLELK	CHQDYSSPLTF	h9C12_LC	CHQDYSSPLTF	88	98	88	98	10
Chymotrypsin + Trypsin	NIVMTQTPKFLLVSIGDSITITCKASQSVTNDAAWYQKKPGQSPQLLIYQASTRYTGVPDRFSGSGYGTDFTFTISAVQAEDLAVYFCHQDYSSPLTFGAGTKLELK	SSPLTFGAGTK	h9C12_LC	CHQDYSSPLTF	93	103	88	98	5
Chymotrypsin + Trypsin	NIVMTQTPKFLLVSIGDSITITCKASQSVTNDAAWYQKKPGQSPQLLIYQASTRYTGVPDRFSGSGYGTDFTFTISAVQAEDLAVYFCHQDYSSPLTFGAGTKLELK	SSPLTFGAGTKLELK	h9C12_LC	CHQDYSSPLTF	93	107	88	98	5
Chymotrypsin + Trypsin	NIVMTQTPKFLLVSIGDSITITCKASQSVTNDAAWYQKKPGQSPQLLIYQASTRYTGVPDRFSGSGYGTDFTFTISAVQAEDLAVYFCHQDYSSPLTFGAGTKLELK	TISAVQAEDLAVYFCHQDY	h9C12_LC	CHQDYSSPLTF	74	92	88	98	4
Chymotrypsin + Trypsin	NIVMTQTPKFLLVSIGDSITITCKASQSVTNDAAWYQKKPGQSPQLLIYQASTRYTGVPDRFSGSGYGTDFTFTISAVQAEDLAVYFCHQDYSSPLTFGAGTKLELK	FCHQDYSSPLTF	h9C12_LC	CHQDYSSPLTF	87	98	88	98	10
Chymotrypsin + Trypsin	NIVMTQTPKFLLVSIGDSITITCKASQSVTNDAAWYQKKPGQSPQLLIYQASTRYTGVPDRFSGSGYGTDFTFTISAVQAEDLAVYFCHQDYSSPLTFGAGTKLELK	CHQDYSSPLTFGAGTK	h9C12_LC	CHQDYSSPLTF	88	103	88	98	10
Chymotrypsin + Trypsin	NIVMTQTPKFLLVSIGDSITITCKASQSVTNDAAWYQKKPGQSPQLLIYQASTRYTGVPDRFSGSGYGTDFTFTISAVQAEDLAVYFCHQDYSSPLTFGAGTKLELK	CHQDYSSPLTFGAGTKLELK	h9C12_LC	CHQDYSSPLTF	88	107	88	98	10
AspN	QAQLVQSGPEVRKPGTSVKVSCKAPGNTLKTYDLHWVRSVPGQGLQWMGWISHEGDKKVIVERFKAKVTIDWDRSTNTAYLQLSGLTSGDTAVYYCAKGSKHRLRDYALYDDDGALNWAVDVDYLSNLEFWGQGTAVTVSS	DTAVYYCAKGSKHRLR	PGDM1400_HC	CAKGSKHRLRDYALYDDDGALNWAVDVDYLSNLEFW	90	105	96	131	9
AspN	QAQLVQSGPEVRKPGTSVKVSCKAPGNTLKTYDLHWVRSVPGQGLQWMGWISHEGDKKVIVERFKAKVTIDWDRSTNTAYLQLSGLTSGDTAVYYCAKGSKHRLRDYALYDDDGALNWAVDVDYLSNLEFWGQGTAVTVSS	DGALNWAV	PGDM1400_HC	CAKGSKHRLRDYALYDDDGALNWAVDVDYLSNLEFW	113	120	96	131	7
AspN	QAQLVQSGPEVRKPGTSVKVSCKAPGNTLKTYDLHWVRSVPGQGLQWMGWISHEGDKKVIVERFKAKVTIDWDRSTNTAYLQLSGLTSGDTAVYYCAKGSKHRLRDYALYDDDGALNWAVDVDYLSNLEFWGQGTAVTVSS	DYLSNLEFWGQGTAVTVSS	PGDM1400_HC	CAKGSKHRLRDYALYDDDGALNWAVDVDYLSNLEFW	123	141	96	131	8
AspN	QAQLVQSGPEVRKPGTSVKVSCKAPGNTLKTYDLHWVRSVPGQGLQWMGWISHEGDKKVIVERFKAKVTIDWDRSTNTAYLQLSGLTSGDTAVYYCAKGSKHRLRDYALYDDDGALNWAVDVDYLSNLEFWGQGTAVTVSS	DRSTNTAYLQLSGLTSGDTAVYYCAKGSKHRLR	PGDM1400_HC	CAKGSKHRLRDYALYDDDGALNWAVDVDYLSNLEFW	73	105	96	131	9
AspN	QAQLVQSGPEVRKPGTSVKVSCKAPGNTLKTYDLHWVRSVPGQGLQWMGWISHEGDKKVIVERFKAKVTIDWDRSTNTAYLQLSGLTSGDTAVYYCAKGSKHRLRDYALYDDDGALNWAVDVDYLSNLEFWGQGTAVTVSS	DTAVYYCAKGSKHRLRDYALY	PGDM1400_HC	CAKGSKHRLRDYALYDDDGALNWAVDVDYLSNLEFW	90	110	96	131	14
AspN	QAQLVQSGPEVRKPGTSVKVSCKAPGNTLKTYDLHWVRSVPGQGLQWMGWISHEGDKKVIVERFKAKVTIDWDRSTNTAYLQLSGLTSGDTAVYYCAKGSKHRLRDYALYDDDGALNWAVDVDYLSNLEFWGQGTAVTVSS	DDGALNWAV	PGDM1400_HC	CAKGSKHRLRDYALYDDDGALNWAVDVDYLSNLEFW	112	120	96	131	8
AspN	QAQLVQSGPEVRKPGTSVKVSCKAPGNTLKTYDLHWVRSVPGQGLQWMGWISHEGDKKVIVERFKAKVTIDWDRSTNTAYLQLSGLTSGDTAVYYCAKGSKHRLRDYALYDDDGALNWAVDVDYLSNLEFWGQGTAVTVSS	DGALNWAVDV	PGDM1400_HC	CAKGSKHRLRDYALYDDDGALNWAVDVDYLSNLEFW	113	122	96	131	9
AspN	QAQLVQSGPEVRKPGTSVKVSCKAPGNTLKTYDLHWVRSVPGQGLQWMGWISHEGDKKVIVERFKAKVTIDWDRSTNTAYLQLSGLTSGDTAVYYCAKGSKHRLRDYALYDDDGALNWAVDVDYLSNLEFWGQGTAVTVSS	DVDYLSNLEFWGQGTAVTVSS	PGDM1400_HC	CAKGSKHRLRDYALYDDDGALNWAVDVDYLSNLEFW	121	141	96	131	10
AspN	QAQLVQSGPEVRKPGTSVKVSCKAPGNTLKTYDLHWVRSVPGQGLQWMGWISHEGDKKVIVERFKAKVTIDWDRSTNTAYLQLSGLTSGDTAVYYCAKGSKHRLRDYALYDDDGALNWAVDVDYLSNLEFWGQGTAVTVSS	DWDRSTNTAYLQLSGLTSGDTAVYYCAKGSKHRLR	PGDM1400_HC	CAKGSKHRLRDYALYDDDGALNWAVDVDYLSNLEFW	71	105	96	131	9
AspN	QAQLVQSGPEVRKPGTSVKVSCKAPGNTLKTYDLHWVRSVPGQGLQWMGWISHEGDKKVIVERFKAKVTIDWDRSTNTAYLQLSGLTSGDTAVYYCAKGSKHRLRDYALYDDDGALNWAVDVDYLSNLEFWGQGTAVTVSS	DRSTNTAYLQLSGLTSGDTAVYYCAKGSKHRLRDYALY	PGDM1400_HC	CAKGSKHRLRDYALYDDDGALNWAVDVDYLSNLEFW	73	110	96	131	14
AspN	QAQLVQSGPEVRKPGTSVKVSCKAPGNTLKTYDLHWVRSVPGQGLQWMGWISHEGDKKVIVERFKAKVTIDWDRSTNTAYLQLSGLTSGDTAVYYCAKGSKHRLRDYALYDDDGALNWAVDVDYLSNLEFWGQGTAVTVSS	DTAVYYCAKGSKHRLRDYALYD	PGDM1400_HC	CAKGSKHRLRDYALYDDDGALNWAVDVDYLSNLEFW	90	111	96	131	15
AspN	QAQLVQSGPEVRKPGTSVKVSCKAPGNTLKTYDLHWVRSVPGQGLQWMGWISHEGDKKVIVERFKAKVTIDWDRSTNTAYLQLSGLTSGDTAVYYCAKGSKHRLRDYALYDDDGALNWAVDVDYLSNLEFWGQGTAVTVSS	DYALYDD	PGDM1400_HC	CAKGSKHRLRDYALYDDDGALNWAVDVDYLSNLEFW	106	112	96	131	6
AspN	QAQLVQSGPEVRKPGTSVKVSCKAPGNTLKTYDLHWVRSVPGQGLQWMGWISHEGDKKVIVERFKAKVTIDWDRSTNTAYLQLSGLTSGDTAVYYCAKGSKHRLRDYALYDDDGALNWAVDVDYLSNLEFWGQGTAVTVSS	DDDGALNWAV	PGDM1400_HC	CAKGSKHRLRDYALYDDDGALNWAVDVDYLSNLEFW	111	120	96	131	9
AspN	QAQLVQSGPEVRKPGTSVKVSCKAPGNTLKTYDLHWVRSVPGQGLQWMGWISHEGDKKVIVERFKAKVTIDWDRSTNTAYLQLSGLTSGDTAVYYCAKGSKHRLRDYALYDDDGALNWAVDVDYLSNLEFWGQGTAVTVSS	DDGALNWAVDV	PGDM1400_HC	CAKGSKHRLRDYALYDDDGALNWAVDVDYLSNLEFW	112	122	96	131	10
AspN	QAQLVQSGPEVRKPGTSVKVSCKAPGNTLKTYDLHWVRSVPGQGLQWMGWISHEGDKKVIVERFKAKVTIDWDRSTNTAYLQLSGLTSGDTAVYYCAKGSKHRLRDYALYDDDGALNWAVDVDYLSNLEFWGQGTAVTVSS	DGALNWAVDVDYLSNLEFWGQGTAVTVSS	PGDM1400_HC	CAKGSKHRLRDYALYDDDGALNWAVDVDYLSNLEFW	113	141	96	131	18
AspN	DFVLTQSPHSLSVTPGESASISCKSSHSLIHGDRNNYLAWYVQKPGRSPQLLIYLASSRASGVPDRFSGSGSDKDFTLKISRVETEDVGTYYCMQGRESPWTFGQGTKVDIK	DVGTYYCMQGRESPWTFGQGTKV	PGDM1400_LC	CMQGRESPWTF	87	109	93	103	10
AspN	DFVLTQSPHSLSVTPGESASISCKSSHSLIHGDRNNYLAWYVQKPGRSPQLLIYLASSRASGVPDRFSGSGSDKDFTLKISRVETEDVGTYYCMQGRESPWTFGQGTKVDIK	DFTLKISRVETEDVGTYYCMQGRESPWTFGQGTKV	PGDM1400_LC	CMQGRESPWTF	75	109	93	103	10
AspN	DFVLTQSPHSLSVTPGESASISCKSSHSLIHGDRNNYLAWYVQKPGRSPQLLIYLASSRASGVPDRFSGSGSDKDFTLKISRVETEDVGTYYCMQGRESPWTFGQGTKVDIK	DVGTYYCMQGRESPWTFGQGTKVDIK	PGDM1400_LC	CMQGRESPWTF	87	112	93	103	10
AspN	DFVLTQSPHSLSVTPGESASISCKSSHSLIHGDRNNYLAWYVQKPGRSPQLLIYLASSRASGVPDRFSGSGSDKDFTLKISRVETEDVGTYYCMQGRESPWTFGQGTKVDIK	DKDFTLKISRVETEDVGTYYCMQGRESPWTFGQGTKV	PGDM1400_LC	CMQGRESPWTF	73	109	93	103	10
AspN	DFVLTQSPHSLSVTPGESASISCKSSHSLIHGDRNNYLAWYVQKPGRSPQLLIYLASSRASGVPDRFSGSGSDKDFTLKISRVETEDVGTYYCMQGRESPWTFGQGTKVDIK	DFTLKISRVETEDVGTYYCMQGRESPWTFGQGTKVDIK	PGDM1400_LC	CMQGRESPWTF	75	112	93	103	10
AspN	QMQLQESGPGLVKPSETLSLTCSVSGASISDSYWSWIRRSPGKGLEWIGYVHKSGDTNYSPSLKSRVNLSLDTSKNQVSLSLVAATAADSGKYYCARTLHGRRIYGIVAFNEWFTYFYMDVWGNGTQVTVSS	DSGKYYCARTLHGRRIYGIVAFNEWFTYFYM	PGT121_HC	CARTLHGRRIYGIVAFNEWFTYFYMDVW	89	119	95	122	24
AspN	QMQLQESGPGLVKPSETLSLTCSVSGASISDSYWSWIRRSPGKGLEWIGYVHKSGDTNYSPSLKSRVNLSLDTSKNQVSLSLVAATAADSGKYYCARTLHGRRIYGIVAFNEWFTYFYMDVWGNGTQVTVSS	DTSKNQVSLSLVAATAADSGKYYCARTLHGRRIYGIVAFNEWFTYFYM	PGT121_HC	CARTLHGRRIYGIVAFNEWFTYFYMDVW	72	119	95	122	24
AspN	QMQLQESGPGLVKPSETLSLTCSVSGASISDSYWSWIRRSPGKGLEWIGYVHKSGDTNYSPSLKSRVNLSLDTSKNQVSLSLVAATAADSGKYYCARTLHGRRIYGIVAFNEWFTYFYMDVWGNGTQVTVSS	DSGKYYCARTLHGRRIYGIVAFNEWFTYFYMDVWGNGTQVTVSS	PGT121_HC	CARTLHGRRIYGIVAFNEWFTYFYMDVW	89	132	95	122	27
AspN	QMQLQESGPGLVKPSETLSLTCSVSGASISDSYWSWIRRSPGKGLEWIGYVHKSGDTNYSPSLKSRVNLSLDTSKNQVSLSLVAATAADSGKYYCARTLHGRRIYGIVAFNEWFTYFYMDVWGNGTQVTVSS	DTNYSPSLKSRVNLSLDTSKNQVSLSLVAATAADSGKYYCARTLHGRRIYGIVAFNEWFTYFYM	PGT121_HC	CARTLHGRRIYGIVAFNEWFTYFYMDVW	56	119	95	122	24
AspN	QMQLQESGPGLVKPSETLSLTCSVSGASISDSYWSWIRRSPGKGLEWIGYVHKSGDTNYSPSLKSRVNLSLDTSKNQVSLSLVAATAADSGKYYCARTLHGRRIYGIVAFNEWFTYFYMDVWGNGTQVTVSS	DTSKNQVSLSLVAATAADSGKYYCARTLHGRRIYGIVAFNEWFTYFYMDVWGNGTQVTVSS	PGT121_HC	CARTLHGRRIYGIVAFNEWFTYFYMDVW	72	132	95	122	27
AspN	SDISVAPGETARISCGEKSLGSRAVQWYQHRAGQAPSLIIYNNQDRPSGIPERFSGSPDSPFGTTATLTITSVEAGDEADYYCHIWDSRVPTKWVFGGGTTLTVL	DYYCHIW	PGT121_LC	CHIWDSRVPTKWVF	80	86	83	96	3
AspN	SDISVAPGETARISCGEKSLGSRAVQWYQHRAGQAPSLIIYNNQDRPSGIPERFSGSPDSPFGTTATLTITSVEAGDEADYYCHIWDSRVPTKWVFGGGTTLTVL	DSRVPTKWVFGGGTTLTVL	PGT121_LC	CHIWDSRVPTKWVF	87	105	83	96	9
AspN	SDISVAPGETARISCGEKSLGSRAVQWYQHRAGQAPSLIIYNNQDRPSGIPERFSGSPDSPFGTTATLTITSVEAGDEADYYCHIWDSRVPTKWVFGGGTTLTVL	DEADYYCHIW	PGT121_LC	CHIWDSRVPTKWVF	77	86	83	96	3
AspN	SDISVAPGETARISCGEKSLGSRAVQWYQHRAGQAPSLIIYNNQDRPSGIPERFSGSPDSPFGTTATLTITSVEAGDEADYYCHIWDSRVPTKWVFGGGTTLTVL	DYYCHIWDSRVPTKWVFGGGTTLTVL	PGT121_LC	CHIWDSRVPTKWVF	80	105	83	96	13
AspN	SDISVAPGETARISCGEKSLGSRAVQWYQHRAGQAPSLIIYNNQDRPSGIPERFSGSPDSPFGTTATLTITSVEAGDEADYYCHIWDSRVPTKWVFGGGTTLTVL	DSPFGTTATLTITSVEAGDEADYYCHIW	PGT121_LC	CHIWDSRVPTKWVF	59	86	83	96	3
AspN	SDISVAPGETARISCGEKSLGSRAVQWYQHRAGQAPSLIIYNNQDRPSGIPERFSGSPDSPFGTTATLTITSVEAGDEADYYCHIWDSRVPTKWVFGGGTTLTVL	DEADYYCHIWDSRVPTKWVFGGGTTLTVL	PGT121_LC	CHIWDSRVPTKWVF	77	105	83	96	13
AspN	EVQLVQSGAEVKKPGESLKISCKGSGYSFTTYWLGWVRQMPGKGLDWIGIMSPVDSDIRYSPSFQGQVTMSVDKSITTAYLQWNSLKASDTAMYYCARRRPGQGYFDFWGQGTLVTVSS	DTAMYYCARRRPGQGYF	Umab_HC	CARRRPGQGYFDFW	90	106	96	109	10
AspN	EVQLVQSGAEVKKPGESLKISCKGSGYSFTTYWLGWVRQMPGKGLDWIGIMSPVDSDIRYSPSFQGQVTMSVDKSITTAYLQWNSLKASDTAMYYCARRRPGQGYFDFWGQGTLVTVSS	DKSITTAYLQWNSLKASDTAMYYCARRRPGQGYF	Umab_HC	CARRRPGQGYFDFW	73	106	96	109	10
AspN	EVQLVQSGAEVKKPGESLKISCKGSGYSFTTYWLGWVRQMPGKGLDWIGIMSPVDSDIRYSPSFQGQVTMSVDKSITTAYLQWNSLKASDTAMYYCARRRPGQGYFDFWGQGTLVTVSS	DTAMYYCARRRPGQGYFDFWGQGTLVTVSS	Umab_HC	CARRRPGQGYFDFW	90	119	96	109	13
AspN	EVQLVQSGAEVKKPGESLKISCKGSGYSFTTYWLGWVRQMPGKGLDWIGIMSPVDSDIRYSPSFQGQVTMSVDKSITTAYLQWNSLKASDTAMYYCARRRPGQGYFDFWGQGTLVTVSS	DIRYSPSFQGQVTMSVDKSITTAYLQWNSLKASDTAMYYCARRRPGQGYF	Umab_HC	CARRRPGQGYFDFW	57	106	96	109	10
AspN	EVQLVQSGAEVKKPGESLKISCKGSGYSFTTYWLGWVRQMPGKGLDWIGIMSPVDSDIRYSPSFQGQVTMSVDKSITTAYLQWNSLKASDTAMYYCARRRPGQGYFDFWGQGTLVTVSS	DKSITTAYLQWNSLKASDTAMYYCARRRPGQGYFDFWGQGTLVTVSS	Umab_HC	CARRRPGQGYFDFW	73	119	96	109	13
AspN	DIQMTQSPSSLSASVGDRVTITCRASQGISSWLAWYQQKPEKAPKSLIYAASSLQSGVPSRFSGSGSGTDFTLTISSLQPEDFATYYCQQYNIYPYTFGQGTKLEIK	DFATYYCQQYNIYPYTFGQGTKLEIK	Umab_LC	CQQYNIYPYTF	82	107	88	98	10
AspN	DIQMTQSPSSLSASVGDRVTITCRASQGISSWLAWYQQKPEKAPKSLIYAASSLQSGVPSRFSGSGSGTDFTLTISSLQPEDFATYYCQQYNIYPYTFGQGTKLEIK	DFTLTISSLQPEDFATYYCQQYNIYPYTFGQGTKLEIK	Umab_LC	CQQYNIYPYTF	70	107	88	98	10
AspN	DIQMTQSPSSLSASVGDRVTITCRASQGISSWLAWYQQKPEKAPKSLIYAASSLQSGVPSRFSGSGSGTDFTLTISSLQPEDFATYYCQQYNIYPYTFGQGTKLEIK	DRVTITCRASQGISSWLAWYQQKPEKAPKSLIYAASSLQSGVPSRFSGSGSGTDFTLTISSLQPEDFATYYCQQYNIYPYTFGQGTKLEIK	Umab_LC	CQQYNIYPYTF	17	107	88	98	10
AspN	QVQLVESGGGVVQPGRSLRLSCAASGFTFSSYGMHWVRQAPGKGLEWVAFIRYDGSNKYYADSVKGRFTISRDNSKNTLYLQMNSLRAEDTAVYYCKTHGSHDNWGQGTMVTVSS	DTAVYYCKTHGSH	Brimab_HC	CKTHGSHDNW	90	102	96	105	6
AspN	QVQLVESGGGVVQPGRSLRLSCAASGFTFSSYGMHWVRQAPGKGLEWVAFIRYDGSNKYYADSVKGRFTISRDNSKNTLYLQMNSLRAEDTAVYYCKTHGSHDNWGQGTMVTVSS	DNSKNTLYLQMNSLRAEDTAVYYCKTHGSH	Brimab_HC	CKTHGSHDNW	73	102	96	105	6
AspN	QVQLVESGGGVVQPGRSLRLSCAASGFTFSSYGMHWVRQAPGKGLEWVAFIRYDGSNKYYADSVKGRFTISRDNSKNTLYLQMNSLRAEDTAVYYCKTHGSHDNWGQGTMVTVSS	DTAVYYCKTHGSHDNWGQGTMVTVSS	Brimab_HC	CKTHGSHDNW	90	115	96	105	9
AspN	QVQLVESGGGVVQPGRSLRLSCAASGFTFSSYGMHWVRQAPGKGLEWVAFIRYDGSNKYYADSVKGRFTISRDNSKNTLYLQMNSLRAEDTAVYYCKTHGSHDNWGQGTMVTVSS	DSVKGRFTISRDNSKNTLYLQMNSLRAEDTAVYYCKTHGSH	Brimab_HC	CKTHGSHDNW	62	102	96	105	6
AspN	QVQLVESGGGVVQPGRSLRLSCAASGFTFSSYGMHWVRQAPGKGLEWVAFIRYDGSNKYYADSVKGRFTISRDNSKNTLYLQMNSLRAEDTAVYYCKTHGSHDNWGQGTMVTVSS	DNSKNTLYLQMNSLRAEDTAVYYCKTHGSHDNWGQGTMVTVSS	Brimab_HC	CKTHGSHDNW	73	115	96	105	9
AspN	QSVLTQPPSVSGAPGQRVTISCSGSRSNIGSNTVKWYQQLPGTAPKLLIYYNDQRPSGVPDRFSGSKSGTSASLAITGLQAEDEADYYCQSYDRYTHPALLFGTGTKVTVL	DYYCQSY	Brimab_LC	CQSYDRYTHPALLF	86	92	89	102	3
AspN	QSVLTQPPSVSGAPGQRVTISCSGSRSNIGSNTVKWYQQLPGTAPKLLIYYNDQRPSGVPDRFSGSKSGTSASLAITGLQAEDEADYYCQSYDRYTHPALLFGTGTKVTVL	DRYTHPALLFGTGTKVTVL	Brimab_LC	CQSYDRYTHPALLF	93	111	89	102	9
AspN	QSVLTQPPSVSGAPGQRVTISCSGSRSNIGSNTVKWYQQLPGTAPKLLIYYNDQRPSGVPDRFSGSKSGTSASLAITGLQAEDEADYYCQSYDRYTHPALLFGTGTKVTVL	DEADYYCQSY	Brimab_LC	CQSYDRYTHPALLF	83	92	89	102	3
AspN	QSVLTQPPSVSGAPGQRVTISCSGSRSNIGSNTVKWYQQLPGTAPKLLIYYNDQRPSGVPDRFSGSKSGTSASLAITGLQAEDEADYYCQSYDRYTHPALLFGTGTKVTVL	DYYCQSYDRYTHPALLFGTGTKVTVL	Brimab_LC	CQSYDRYTHPALLF	86	111	89	102	13
AspN	QSVLTQPPSVSGAPGQRVTISCSGSRSNIGSNTVKWYQQLPGTAPKLLIYYNDQRPSGVPDRFSGSKSGTSASLAITGLQAEDEADYYCQSYDRYTHPALLFGTGTKVTVL	DRFSGSKSGTSASLAITGLQAEDEADYYCQSY	Brimab_LC	CQSYDRYTHPALLF	61	92	89	102	3
AspN	QSVLTQPPSVSGAPGQRVTISCSGSRSNIGSNTVKWYQQLPGTAPKLLIYYNDQRPSGVPDRFSGSKSGTSASLAITGLQAEDEADYYCQSYDRYTHPALLFGTGTKVTVL	DEADYYCQSYDRYTHPALLFGTGTKVTVL	Brimab_LC	CQSYDRYTHPALLF	83	111	89	102	13
AspN	QVQLKQSGPGLLQPSQRLSITCTVSGFSLGRYGVHWIRQSPGKGLEWLGVIWRGGTTDYNAVFMSRLSINKDDSKSQVFFTMNSLRPDDTAIYYCARQGSNFPLAYWGQGTLVTVSA	DTAIYYCARQGSNFPLAYWGQGTLVTVSA	h9C12-WT_HC	CARQGSNFPLAYW	89	117	95	107	12
AspN	QVQLKQSGPGLLQPSQRLSITCTVSGFSLGRYGVHWIRQSPGKGLEWLGVIWRGGTTDYNAVFMSRLSINKDDSKSQVFFTMNSLRPDDTAIYYCARQGSNFPLAYWGQGTLVTVSA	DDTAIYYCARQGSNFPLAYWGQGTLVTVSA	h9C12-WT_HC	CARQGSNFPLAYW	88	117	95	107	12
AspN	QVQLKQSGPGLLQPSQRLSITCTVSGFSLGRYGVHWIRQSPGKGLEWLGVIWRGGTTDYNAVFMSRLSINKDDSKSQVFFTMNSLRPDDTAIYYCARQGSNFPLAYWGQGTLVTVSA	DSKSQVFFTMNSLRPDDTAIYYCARQGSNFPLAYWGQGTLVTVSA	h9C12-WT_HC	CARQGSNFPLAYW	73	117	95	107	12
AspN	QVQLKQSGPGLLQPSQRLSITCTVSGFSLGRYGVHWIRQSPGKGLEWLGVIWRGGTTDYNAVFMSRLSINKDDSKSQVFFTMNSLRPDDTAIYYCARAGSNFPLAYWGQGTLVTVS	DTAIYYCARAGSNFPLAYWGQGTLVTVS	h9C12-Q97A_HC	CARAGSNFPLAYW	89	116	95	107	12
AspN	QVQLKQSGPGLLQPSQRLSITCTVSGFSLGRYGVHWIRQSPGKGLEWLGVIWRGGTTDYNAVFMSRLSINKDDSKSQVFFTMNSLRPDDTAIYYCARAGSNFPLAYWGQGTLVTVS	DDTAIYYCARAGSNFPLAYWGQGTLVTVS	h9C12-Q97A_HC	CARAGSNFPLAYW	88	116	95	107	12
AspN	QVQLKQSGPGLLQPSQRLSITCTVSGFSLGRYGVHWIRQSPGKGLEWLGVIWRGGTTDYNAVFMSRLSINKDDSKSQVFFTMNSLRPDDTAIYYCARAGSNFPLAYWGQGTLVTVS	DSKSQVFFTMNSLRPDDTAIYYCARAGSNFPLAYWGQGTLVTVS	h9C12-Q97A_HC	CARAGSNFPLAYW	73	116	95	107	12
AspN	NIVMTQTPKFLLVSIGDSITITCKASQSVTNDAAWYQKKPGQSPQLLIYQASTRYTGVPDRFSGSGYGTDFTFTISAVQAEDLAVYFCHQDYSSPLTFGAGTKLELK	DYSSPLTFGAGTKLELK	h9C12_LC	CHQDYSSPLTF	91	107	88	98	7
AspN	NIVMTQTPKFLLVSIGDSITITCKASQSVTNDAAWYQKKPGQSPQLLIYQASTRYTGVPDRFSGSGYGTDFTFTISAVQAEDLAVYFCHQDYSSPLTFGAGTKLELK	DLAVYFCHQDYSSPLTFGAGTKLELK	h9C12_LC	CHQDYSSPLTF	82	107	88	98	10
AspN	NIVMTQTPKFLLVSIGDSITITCKASQSVTNDAAWYQKKPGQSPQLLIYQASTRYTGVPDRFSGSGYGTDFTFTISAVQAEDLAVYFCHQDYSSPLTFGAGTKLELK	DFTFTISAVQAEDLAVYFCHQDYSSPLTFGAGTKLELK	h9C12_LC	CHQDYSSPLTF	70	107	88	98	10
