PGDM1400_HC	PGDM1400_LC	PGT121_HC	PGT121_LC	Ust_HC	Ust_LC	Bri_HC	Bri_LC	h9C12-WT_HC	h9C12-Q97A_HC	h9C12_LC
				QLVQSG;FWGQGT		DTAVYYC				
					RFSGSGS;TFGQGTK		SGVPDRFSGS			SPQLLIY;GVPDRFSGSG
						PGKGLEW		SPGKGLEW	SPGKGLEW	
							DEADYYC			
QLVQSG;FWGQGT								WGQGTLVTVS	WGQGTLVTVS	
	RFSGSGS;TFGQGTK									RFSGSG
DTAVYYC		PGKGLEW						PGKGLEW	PGKGLEW	
	SGVPDRFSGS		DEADYYC							GVPDRFSGS
		SPGKGLEW		WGQGTLVTVS		PGKGLEW				
		SPGKGLEW		WGQGTLVTVS		PGKGLEW				
	SPQLLIY;GVPDRFSGSG				RFSGSG		GVPDRFSGS			
