seq_name	subseq	enzyme	subseq_len	n_miscleavages
PGDM1400_HC	QAQLVQSGPEVR	Tryp	12	0
PGDM1400_HC	KPGTSVK	Tryp	7	0
PGDM1400_HC	APGNTLK	Tryp	7	0
PGDM1400_HC	TYDLHWVR	Tryp	8	0
PGDM1400_HC	SVPGQGLQWMGWISHEGDK	Tryp	19	0
PGDM1400_HC	VTIDWDR	Tryp	7	0
PGDM1400_HC	STNTAYLQLSGLTSGDTAVYYCAK	Tryp	24	0
PGDM1400_HC	DYALYDDDGALNWAVDVDYLSNLEFWGQGTAVTVSS	Tryp	36	0
PGDM1400_LC	DFVLTQSPHSLSVTPGESASISCK	Tryp	24	0
PGDM1400_LC	SSHSLIHGDR	Tryp	10	0
PGDM1400_LC	NNYLAWYVQKPGR	Tryp	13	0
PGDM1400_LC	SPQLLIYLASSR	Tryp	12	0
PGDM1400_LC	ASGVPDR	Tryp	7	0
PGDM1400_LC	FSGSGSDKDFTLK	Tryp	13	0
PGDM1400_LC	VETEDVGTYYCMQGR	Tryp	15	0
PGDM1400_LC	ESPWTFGQGTK	Tryp	11	0
PGT121_HC	QMQLQESGPGLVKPSETLSLTCSVSGASISDSYWSWIR	Tryp	38	0
PGT121_HC	GLEWIGYVHK	Tryp	10	0
PGT121_HC	SGDTNYSPSLK	Tryp	11	0
PGT121_HC	VNLSLDTSK	Tryp	9	0
PGT121_HC	NQVSLSLVAATAADSGK	Tryp	17	0
PGT121_HC	IYGIVAFNEWFTYFYMDVWGNGTQVTVSS	Tryp	29	0
PGT121_LC	SDISVAPGETAR	Tryp	12	0
PGT121_LC	AVQWYQHR	Tryp	8	0
PGT121_LC	AGQAPSLIIYNNQDRPSGIPER	Tryp	22	0
PGT121_LC	FSGSPDSPFGTTATLTITSVEAGDEADYYCHIWDSR	Tryp	36	0
PGT121_LC	WVFGGGTTLTVL	Tryp	12	0
Umab_HC	EVQLVQSGAEVK	Tryp	12	0
Umab_HC	KPGESLK	Tryp	7	0
Umab_HC	GSGYSFTTYWLGWVR	Tryp	15	0
Umab_HC	GLDWIGIMSPVDSDIR	Tryp	16	0
Umab_HC	YSPSFQGQVTMSVDK	Tryp	15	0
Umab_HC	SITTAYLQWNSLK	Tryp	13	0
Umab_HC	ASDTAMYYCAR	Tryp	11	0
Umab_HC	RRPGQGYFDFWGQGTLVTVSS	Tryp	21	0
Umab_LC	DIQMTQSPSSLSASVGDR	Tryp	18	0
Umab_LC	ASQGISSWLAWYQQKPEK	Tryp	18	0
Umab_LC	SLIYAASSLQSGVPSR	Tryp	16	0
Umab_LC	FSGSGSGTDFTLTISSLQPEDFATYYCQQYNIYPYTFGQGTK	Tryp	42	0
Brimab_HC	QVQLVESGGGVVQPGR	Tryp	16	0
Brimab_HC	LSCAASGFTFSSYGMHWVR	Tryp	19	0
Brimab_HC	GLEWVAFIR	Tryp	9	0
Brimab_HC	YYADSVK	Tryp	7	0
Brimab_HC	NTLYLQMNSLR	Tryp	11	0
Brimab_HC	AEDTAVYYCK	Tryp	10	0
Brimab_HC	THGSHDNWGQGTMVTVSS	Tryp	18	0
Brimab_LC	QSVLTQPPSVSGAPGQR	Tryp	17	0
Brimab_LC	VTISCSGSR	Tryp	9	0
Brimab_LC	SNIGSNTVK	Tryp	9	0
Brimab_LC	WYQQLPGTAPK	Tryp	11	0
Brimab_LC	LLIYYNDQRPSGVPDR	Tryp	16	0
Brimab_LC	SGTSASLAITGLQAEDEADYYCQSYDR	Tryp	27	0
Brimab_LC	YTHPALLFGTGTK	Tryp	13	0
h9C12-WT_HC	QSGPGLLQPSQR	Tryp	12	0
h9C12-WT_HC	LSITCTVSGFSLGR	Tryp	14	0
h9C12-WT_HC	YGVHWIR	Tryp	7	0
h9C12-WT_HC	GLEWLGVIWR	Tryp	10	0
h9C12-WT_HC	GGTTDYNAVFMSR	Tryp	13	0
h9C12-WT_HC	SQVFFTMNSLRPDDTAIYYCAR	Tryp	22	0
h9C12-WT_HC	QGSNFPLAYWGQGTLVTVSA	Tryp	20	0
h9C12-Q97A_HC	QSGPGLLQPSQR	Tryp	12	0
h9C12-Q97A_HC	LSITCTVSGFSLGR	Tryp	14	0
h9C12-Q97A_HC	YGVHWIR	Tryp	7	0
h9C12-Q97A_HC	GLEWLGVIWR	Tryp	10	0
h9C12-Q97A_HC	GGTTDYNAVFMSR	Tryp	13	0
h9C12-Q97A_HC	SQVFFTMNSLRPDDTAIYYCAR	Tryp	22	0
h9C12-Q97A_HC	AGSNFPLAYWGQGTLVTVS	Tryp	19	0
h9C12_LC	NIVMTQTPK	Tryp	9	0
h9C12_LC	FLLVSIGDSITITCK	Tryp	15	0
h9C12_LC	ASQSVTNDAAWYQK	Tryp	14	0
h9C12_LC	KPGQSPQLLIYQASTR	Tryp	16	0
h9C12_LC	YTGVPDR	Tryp	7	0
h9C12_LC	FSGSGYGTDFTFTISAVQAEDLAVYFCHQDYSSPLTFGAGTK	Tryp	42	0
PGDM1400_HC	QAQLVQSGPEVRKPGTSVKVSCKAPGNTLKTY	Ct	32	0
PGDM1400_HC	VRSVPGQGLQWMGW	Ct	14	0
PGDM1400_HC	ISHEGDKKVIVERF	Ct	14	0
PGDM1400_HC	KAKVTIDW	Ct	8	0
PGDM1400_HC	DRSTNTAY	Ct	8	0
PGDM1400_HC	LQLSGLTSGDTAVY	Ct	14	0
PGDM1400_HC	CAKGSKHRLRDY	Ct	12	0
PGDM1400_HC	DDDGALNW	Ct	8	0
PGDM1400_HC	GQGTAVTVSS	Ct	10	0
PGDM1400_LC	VLTQSPHSLSVTPGESASISCKSSHSLIHGDRNNY	Ct	35	0
PGDM1400_LC	VQKPGRSPQLLIY	Ct	13	0
PGDM1400_LC	LASSRASGVPDRF	Ct	13	0
PGDM1400_LC	SGSGSDKDF	Ct	9	0
PGDM1400_LC	TLKISRVETEDVGTY	Ct	15	0
PGDM1400_LC	CMQGRESPW	Ct	9	0
PGDM1400_LC	GQGTKVDIK	Ct	9	0
PGT121_HC	QMQLQESGPGLVKPSETLSLTCSVSGASISDSY	Ct	33	0
PGT121_HC	IRRSPGKGLEW	Ct	11	0
PGT121_HC	VHKSGDTNY	Ct	9	0
PGT121_HC	SPSLKSRVNLSLDTSKNQVSLSLVAATAADSGKY	Ct	34	0
PGT121_HC	CARTLHGRRIY	Ct	11	0
PGT121_HC	GNGTQVTVSS	Ct	10	0
PGT121_LC	SDISVAPGETARISCGEKSLGSRAVQW	Ct	27	0
PGT121_LC	QHRAGQAPSLIIY	Ct	13	0
PGT121_LC	NNQDRPSGIPERF	Ct	13	0
PGT121_LC	SGSPDSPF	Ct	8	0
PGT121_LC	GTTATLTITSVEAGDEADY	Ct	19	0
PGT121_LC	DSRVPTKW	Ct	8	0
PGT121_LC	GGGTTLTVL	Ct	9	0
Umab_HC	EVQLVQSGAEVKKPGESLKISCKGSGY	Ct	27	0
Umab_HC	VRQMPGKGLDW	Ct	11	0
Umab_HC	IGIMSPVDSDIRY	Ct	13	0
Umab_HC	QGQVTMSVDKSITTAY	Ct	16	0
Umab_HC	NSLKASDTAMY	Ct	11	0
Umab_HC	CARRRPGQGY	Ct	10	0
Umab_HC	GQGTLVTVSS	Ct	10	0
Umab_LC	DIQMTQSPSSLSASVGDRVTITCRASQGISSW	Ct	32	0
Umab_LC	QQKPEKAPKSLIY	Ct	13	0
Umab_LC	AASSLQSGVPSRF	Ct	13	0
Umab_LC	SGSGSGTDF	Ct	9	0
Umab_LC	TLTISSLQPEDF	Ct	12	0
Umab_LC	GQGTKLEIK	Ct	9	0
Brimab_HC	QVQLVESGGGVVQPGRSLRLSCAASGF	Ct	27	0
Brimab_HC	VRQAPGKGLEW	Ct	11	0
Brimab_HC	ADSVKGRF	Ct	8	0
Brimab_HC	TISRDNSKNTLY	Ct	12	0
Brimab_HC	LQMNSLRAEDTAVY	Ct	14	0
Brimab_HC	CKTHGSHDNW	Ct	10	0
Brimab_HC	GQGTMVTVSS	Ct	10	0
Brimab_LC	QSVLTQPPSVSGAPGQRVTISCSGSRSNIGSNTVKW	Ct	36	0
Brimab_LC	QQLPGTAPKLLIY	Ct	13	0
Brimab_LC	NDQRPSGVPDRF	Ct	12	0
Brimab_LC	SGSKSGTSASLAITGLQAEDEADY	Ct	24	0
Brimab_LC	THPALLF	Ct	7	0
Brimab_LC	GTGTKVTVL	Ct	9	0
h9C12-WT_HC	QVQLKQSGPGLLQPSQRLSITCTVSGF	Ct	27	0
h9C12-WT_HC	IRQSPGKGLEW	Ct	11	0
h9C12-WT_HC	RGGTTDY	Ct	7	0
h9C12-WT_HC	MSRLSINKDDSKSQVF	Ct	16	0
h9C12-WT_HC	TMNSLRPDDTAIY	Ct	13	0
h9C12-WT_HC	CARQGSNFPLAY	Ct	12	0
h9C12-WT_HC	GQGTLVTVSA	Ct	10	0
h9C12-Q97A_HC	QVQLKQSGPGLLQPSQRLSITCTVSGF	Ct	27	0
h9C12-Q97A_HC	IRQSPGKGLEW	Ct	11	0
h9C12-Q97A_HC	RGGTTDY	Ct	7	0
h9C12-Q97A_HC	MSRLSINKDDSKSQVF	Ct	16	0
h9C12-Q97A_HC	TMNSLRPDDTAIY	Ct	13	0
h9C12-Q97A_HC	CARAGSNFPLAY	Ct	12	0
h9C12-Q97A_HC	GQGTLVTVS	Ct	9	0
h9C12_LC	NIVMTQTPKF	Ct	10	0
h9C12_LC	LLVSIGDSITITCKASQSVTNDAAW	Ct	25	0
h9C12_LC	QKKPGQSPQLLIY	Ct	13	0
h9C12_LC	TGVPDRF	Ct	7	0
h9C12_LC	TISAVQAEDLAVY	Ct	13	0
h9C12_LC	GAGTKLELK	Ct	9	0
PGDM1400_HC	QAQLVQSGPEVR	Ct+Tryp	12	0
PGDM1400_HC	KPGTSVK	Ct+Tryp	7	0
PGDM1400_HC	APGNTLK	Ct+Tryp	7	0
PGDM1400_HC	SVPGQGLQWMGW	Ct+Tryp	12	0
PGDM1400_HC	ISHEGDK	Ct+Tryp	7	0
PGDM1400_HC	LQLSGLTSGDTAVY	Ct+Tryp	14	0
PGDM1400_HC	DDDGALNW	Ct+Tryp	8	0
PGDM1400_HC	GQGTAVTVSS	Ct+Tryp	10	0
PGDM1400_LC	VLTQSPHSLSVTPGESASISCK	Ct+Tryp	22	0
PGDM1400_LC	SSHSLIHGDR	Ct+Tryp	10	0
PGDM1400_LC	SPQLLIY	Ct+Tryp	7	0
PGDM1400_LC	ASGVPDR	Ct+Tryp	7	0
PGDM1400_LC	SGSGSDKDF	Ct+Tryp	9	0
PGDM1400_LC	VETEDVGTY	Ct+Tryp	9	0
PGT121_HC	QMQLQESGPGLVKPSETLSLTCSVSGASISDSY	Ct+Tryp	33	0
PGT121_HC	VNLSLDTSK	Ct+Tryp	9	0
PGT121_HC	NQVSLSLVAATAADSGK	Ct+Tryp	17	0
PGT121_HC	GNGTQVTVSS	Ct+Tryp	10	0
PGT121_LC	SDISVAPGETAR	Ct+Tryp	12	0
PGT121_LC	AGQAPSLIIY	Ct+Tryp	10	0
PGT121_LC	NNQDRPSGIPER	Ct+Tryp	12	0
PGT121_LC	SGSPDSPF	Ct+Tryp	8	0
PGT121_LC	GTTATLTITSVEAGDEADY	Ct+Tryp	19	0
PGT121_LC	GGGTTLTVL	Ct+Tryp	9	0
Umab_HC	EVQLVQSGAEVK	Ct+Tryp	12	0
Umab_HC	KPGESLK	Ct+Tryp	7	0
Umab_HC	IGIMSPVDSDIR	Ct+Tryp	12	0
Umab_HC	QGQVTMSVDK	Ct+Tryp	10	0
Umab_HC	ASDTAMY	Ct+Tryp	7	0
Umab_HC	RRPGQGY	Ct+Tryp	7	0
Umab_HC	GQGTLVTVSS	Ct+Tryp	10	0
Umab_LC	DIQMTQSPSSLSASVGDR	Ct+Tryp	18	0
Umab_LC	ASQGISSW	Ct+Tryp	8	0
Umab_LC	AASSLQSGVPSR	Ct+Tryp	12	0
Umab_LC	SGSGSGTDF	Ct+Tryp	9	0
Umab_LC	TLTISSLQPEDF	Ct+Tryp	12	0
Brimab_HC	QVQLVESGGGVVQPGR	Ct+Tryp	16	0
Brimab_HC	LSCAASGF	Ct+Tryp	8	0
Brimab_HC	LQMNSLR	Ct+Tryp	7	0
Brimab_HC	AEDTAVY	Ct+Tryp	7	0
Brimab_HC	THGSHDNW	Ct+Tryp	8	0
Brimab_HC	GQGTMVTVSS	Ct+Tryp	10	0
Brimab_LC	QSVLTQPPSVSGAPGQR	Ct+Tryp	17	0
Brimab_LC	VTISCSGSR	Ct+Tryp	9	0
Brimab_LC	SNIGSNTVK	Ct+Tryp	9	0
Brimab_LC	QQLPGTAPK	Ct+Tryp	9	0
Brimab_LC	NDQRPSGVPDR	Ct+Tryp	11	0
Brimab_LC	SGTSASLAITGLQAEDEADY	Ct+Tryp	20	0
Brimab_LC	THPALLF	Ct+Tryp	7	0
h9C12-WT_HC	QSGPGLLQPSQR	Ct+Tryp	12	0
h9C12-WT_HC	LSITCTVSGF	Ct+Tryp	10	0
h9C12-WT_HC	TMNSLRPDDTAIY	Ct+Tryp	13	0
h9C12-WT_HC	QGSNFPLAY	Ct+Tryp	9	0
h9C12-WT_HC	GQGTLVTVSA	Ct+Tryp	10	0
h9C12-Q97A_HC	QSGPGLLQPSQR	Ct+Tryp	12	0
h9C12-Q97A_HC	LSITCTVSGF	Ct+Tryp	10	0
h9C12-Q97A_HC	TMNSLRPDDTAIY	Ct+Tryp	13	0
h9C12-Q97A_HC	AGSNFPLAY	Ct+Tryp	9	0
h9C12-Q97A_HC	GQGTLVTVS	Ct+Tryp	9	0
h9C12_LC	NIVMTQTPK	Ct+Tryp	9	0
h9C12_LC	LLVSIGDSITITCK	Ct+Tryp	14	0
h9C12_LC	ASQSVTNDAAW	Ct+Tryp	11	0
h9C12_LC	KPGQSPQLLIY	Ct+Tryp	11	0
h9C12_LC	TISAVQAEDLAVY	Ct+Tryp	13	0
PGDM1400_HC	QAQLVQSGPEVRKPGTSVKVSCKAPGNTLKTY	AspN	32	0
PGDM1400_HC	DLHWVRSVPGQGLQWMGWISHEG	AspN	23	0
PGDM1400_HC	DKKVIVERFKAKVTI	AspN	15	0
PGDM1400_HC	DRSTNTAYLQLSGLTSG	AspN	17	0
PGDM1400_HC	DTAVYYCAKGSKHRLR	AspN	16	0
PGDM1400_HC	DGALNWAV	AspN	8	0
PGDM1400_HC	DYLSNLEFWGQGTAVTVSS	AspN	19	0
PGDM1400_LC	DFVLTQSPHSLSVTPGESASISCKSSHSLIHG	AspN	32	0
PGDM1400_LC	DRNNYLAWYVQKPGRSPQLLIYLASSRASGVP	AspN	32	0
PGDM1400_LC	DRFSGSGS	AspN	8	0
PGDM1400_LC	DFTLKISRVETE	AspN	12	0
PGDM1400_LC	DVGTYYCMQGRESPWTFGQGTKV	AspN	23	0
PGT121_HC	QMQLQESGPGLVKPSETLSLTCSVSGASIS	AspN	30	0
PGT121_HC	DSYWSWIRRSPGKGLEWIGYVHKSG	AspN	25	0
PGT121_HC	DTNYSPSLKSRVNLSL	AspN	16	0
PGT121_HC	DTSKNQVSLSLVAATAA	AspN	17	0
PGT121_HC	DSGKYYCARTLHGRRIYGIVAFNEWFTYFYM	AspN	31	0
PGT121_HC	DVWGNGTQVTVSS	AspN	13	0
PGT121_LC	DISVAPGETARISCGEKSLGSRAVQWYQHRAGQAPSLIIYNNQ	AspN	43	0
PGT121_LC	DRPSGIPERFSGSP	AspN	14	0
PGT121_LC	DSPFGTTATLTITSVEAG	AspN	18	0
PGT121_LC	DYYCHIW	AspN	7	0
PGT121_LC	DSRVPTKWVFGGGTTLTVL	AspN	19	0
Umab_HC	EVQLVQSGAEVKKPGESLKISCKGSGYSFTTYWLGWVRQMPGKGL	AspN	45	0
Umab_HC	DWIGIMSPV	AspN	9	0
Umab_HC	DIRYSPSFQGQVTMSV	AspN	16	0
Umab_HC	DKSITTAYLQWNSLKAS	AspN	17	0
Umab_HC	DTAMYYCARRRPGQGYF	AspN	17	0
Umab_HC	DFWGQGTLVTVSS	AspN	13	0
Umab_LC	DIQMTQSPSSLSASVG	AspN	16	0
Umab_LC	DRVTITCRASQGISSWLAWYQQKPEKAPKSLIYAASSLQSGVPSRFSGSGSGT	AspN	53	0
Umab_LC	DFTLTISSLQPE	AspN	12	0
Umab_LC	DFATYYCQQYNIYPYTFGQGTKLEIK	AspN	26	0
Brimab_HC	QVQLVESGGGVVQPGRSLRLSCAASGFTFSSYGMHWVRQAPGKGLEWVAFIRY	AspN	53	0
Brimab_HC	DGSNKYYA	AspN	8	0
Brimab_HC	DSVKGRFTISR	AspN	11	0
Brimab_HC	DNSKNTLYLQMNSLRAE	AspN	17	0
Brimab_HC	DTAVYYCKTHGSH	AspN	13	0
Brimab_HC	DNWGQGTMVTVSS	AspN	13	0
Brimab_LC	QSVLTQPPSVSGAPGQRVTISCSGSRSNIGSNTVKWYQQLPGTAPKLLIYYN	AspN	52	0
Brimab_LC	DQRPSGVP	AspN	8	0
Brimab_LC	DRFSGSKSGTSASLAITGLQAE	AspN	22	0
Brimab_LC	DYYCQSY	AspN	7	0
Brimab_LC	DRYTHPALLFGTGTKVTVL	AspN	19	0
h9C12-WT_HC	QVQLKQSGPGLLQPSQRLSITCTVSGFSLGRYGVHWIRQSPGKGLEWLGVIWRGGTT	AspN	57	0
h9C12-WT_HC	DYNAVFMSRLSINK	AspN	14	0
h9C12-WT_HC	DSKSQVFFTMNSLRP	AspN	15	0
h9C12-WT_HC	DTAIYYCARQGSNFPLAYWGQGTLVTVSA	AspN	29	0
h9C12-Q97A_HC	QVQLKQSGPGLLQPSQRLSITCTVSGFSLGRYGVHWIRQSPGKGLEWLGVIWRGGTT	AspN	57	0
h9C12-Q97A_HC	DYNAVFMSRLSINK	AspN	14	0
h9C12-Q97A_HC	DSKSQVFFTMNSLRP	AspN	15	0
h9C12-Q97A_HC	DTAIYYCARAGSNFPLAYWGQGTLVTVS	AspN	28	0
h9C12_LC	NIVMTQTPKFLLVSIG	AspN	16	0
h9C12_LC	DSITITCKASQSVTN	AspN	15	0
h9C12_LC	DAAWYQKKPGQSPQLLIYQASTRYTGVP	AspN	28	0
h9C12_LC	DRFSGSGYGT	AspN	10	0
h9C12_LC	DFTFTISAVQAE	AspN	12	0
h9C12_LC	DLAVYFCHQ	AspN	9	0
h9C12_LC	DYSSPLTFGAGTKLELK	AspN	17	0
PGDM1400_HC	QAQLVQSGPEVRKPGTSVK	Tryp	19	1
PGDM1400_HC	KPGTSVKVSCK	Tryp	11	1
PGDM1400_HC	VSCKAPGNTLK	Tryp	11	1
PGDM1400_HC	APGNTLKTYDLHWVR	Tryp	15	1
PGDM1400_HC	TYDLHWVRSVPGQGLQWMGWISHEGDK	Tryp	27	1
PGDM1400_HC	SVPGQGLQWMGWISHEGDKK	Tryp	20	1
PGDM1400_HC	VIVERFK	Tryp	7	1
PGDM1400_HC	AKVTIDWDR	Tryp	9	1
PGDM1400_HC	VTIDWDRSTNTAYLQLSGLTSGDTAVYYCAK	Tryp	31	1
PGDM1400_HC	STNTAYLQLSGLTSGDTAVYYCAKGSK	Tryp	27	1
PGDM1400_HC	LRDYALYDDDGALNWAVDVDYLSNLEFWGQGTAVTVSS	Tryp	38	1
PGDM1400_LC	DFVLTQSPHSLSVTPGESASISCKSSHSLIHGDR	Tryp	34	1
PGDM1400_LC	SSHSLIHGDRNNYLAWYVQKPGR	Tryp	23	1
PGDM1400_LC	NNYLAWYVQKPGRSPQLLIYLASSR	Tryp	25	1
PGDM1400_LC	SPQLLIYLASSRASGVPDR	Tryp	19	1
PGDM1400_LC	ASGVPDRFSGSGSDKDFTLK	Tryp	20	1
PGDM1400_LC	FSGSGSDKDFTLKISR	Tryp	16	1
PGDM1400_LC	ISRVETEDVGTYYCMQGR	Tryp	18	1
PGDM1400_LC	VETEDVGTYYCMQGRESPWTFGQGTK	Tryp	26	1
PGDM1400_LC	ESPWTFGQGTKVDIK	Tryp	15	1
PGT121_HC	QMQLQESGPGLVKPSETLSLTCSVSGASISDSYWSWIRR	Tryp	39	1
PGT121_HC	SPGKGLEWIGYVHK	Tryp	14	1
PGT121_HC	GLEWIGYVHKSGDTNYSPSLK	Tryp	21	1
PGT121_HC	SGDTNYSPSLKSR	Tryp	13	1
PGT121_HC	SRVNLSLDTSK	Tryp	11	1
PGT121_HC	VNLSLDTSKNQVSLSLVAATAADSGK	Tryp	26	1
PGT121_HC	NQVSLSLVAATAADSGKYYCAR	Tryp	22	1
PGT121_HC	YYCARTLHGR	Tryp	10	1
PGT121_HC	RIYGIVAFNEWFTYFYMDVWGNGTQVTVSS	Tryp	30	1
PGT121_LC	SDISVAPGETARISCGEK	Tryp	18	1
PGT121_LC	ISCGEKSLGSR	Tryp	11	1
PGT121_LC	SLGSRAVQWYQHR	Tryp	13	1
PGT121_LC	AVQWYQHRAGQAPSLIIYNNQDRPSGIPER	Tryp	30	1
PGT121_LC	AGQAPSLIIYNNQDRPSGIPERFSGSPDSPFGTTATLTITSVEAGDEADYYCHIWDSR	Tryp	58	1
PGT121_LC	FSGSPDSPFGTTATLTITSVEAGDEADYYCHIWDSRVPTK	Tryp	40	1
PGT121_LC	VPTKWVFGGGTTLTVL	Tryp	16	1
Umab_HC	EVQLVQSGAEVKKPGESLK	Tryp	19	1
Umab_HC	KPGESLKISCK	Tryp	11	1
Umab_HC	ISCKGSGYSFTTYWLGWVR	Tryp	19	1
Umab_HC	GSGYSFTTYWLGWVRQMPGK	Tryp	20	1
Umab_HC	QMPGKGLDWIGIMSPVDSDIR	Tryp	21	1
Umab_HC	GLDWIGIMSPVDSDIRYSPSFQGQVTMSVDK	Tryp	31	1
Umab_HC	YSPSFQGQVTMSVDKSITTAYLQWNSLK	Tryp	28	1
Umab_HC	SITTAYLQWNSLKASDTAMYYCAR	Tryp	24	1
Umab_HC	ASDTAMYYCARRRPGQGYFDFWGQGTLVTVSS	Tryp	32	1
Umab_LC	DIQMTQSPSSLSASVGDRVTITCR	Tryp	24	1
Umab_LC	VTITCRASQGISSWLAWYQQKPEK	Tryp	24	1
Umab_LC	ASQGISSWLAWYQQKPEKAPK	Tryp	21	1
Umab_LC	APKSLIYAASSLQSGVPSR	Tryp	19	1
Umab_LC	SLIYAASSLQSGVPSRFSGSGSGTDFTLTISSLQPEDFATYYCQQYNIYPYTFGQGTK	Tryp	58	1
Umab_LC	FSGSGSGTDFTLTISSLQPEDFATYYCQQYNIYPYTFGQGTKLEIK	Tryp	46	1
Brimab_HC	QVQLVESGGGVVQPGRSLR	Tryp	19	1
Brimab_HC	SLRLSCAASGFTFSSYGMHWVR	Tryp	22	1
Brimab_HC	LSCAASGFTFSSYGMHWVRQAPGK	Tryp	24	1
Brimab_HC	QAPGKGLEWVAFIR	Tryp	14	1
Brimab_HC	GLEWVAFIRYDGSNK	Tryp	15	1
Brimab_HC	YDGSNKYYADSVK	Tryp	13	1
Brimab_HC	YYADSVKGR	Tryp	9	1
Brimab_HC	GRFTISR	Tryp	7	1
Brimab_HC	FTISRDNSK	Tryp	9	1
Brimab_HC	DNSKNTLYLQMNSLR	Tryp	15	1
Brimab_HC	NTLYLQMNSLRAEDTAVYYCK	Tryp	21	1
Brimab_HC	AEDTAVYYCKTHGSHDNWGQGTMVTVSS	Tryp	28	1
Brimab_LC	QSVLTQPPSVSGAPGQRVTISCSGSR	Tryp	26	1
Brimab_LC	VTISCSGSRSNIGSNTVK	Tryp	18	1
Brimab_LC	SNIGSNTVKWYQQLPGTAPK	Tryp	20	1
Brimab_LC	WYQQLPGTAPKLLIYYNDQRPSGVPDR	Tryp	27	1
Brimab_LC	LLIYYNDQRPSGVPDRFSGSK	Tryp	21	1
Brimab_LC	FSGSKSGTSASLAITGLQAEDEADYYCQSYDR	Tryp	32	1
Brimab_LC	SGTSASLAITGLQAEDEADYYCQSYDRYTHPALLFGTGTK	Tryp	40	1
Brimab_LC	YTHPALLFGTGTKVTVL	Tryp	17	1
h9C12-WT_HC	QVQLKQSGPGLLQPSQR	Tryp	17	1
h9C12-WT_HC	QSGPGLLQPSQRLSITCTVSGFSLGR	Tryp	26	1
h9C12-WT_HC	LSITCTVSGFSLGRYGVHWIR	Tryp	21	1
h9C12-WT_HC	YGVHWIRQSPGK	Tryp	12	1
h9C12-WT_HC	QSPGKGLEWLGVIWR	Tryp	15	1
h9C12-WT_HC	GLEWLGVIWRGGTTDYNAVFMSR	Tryp	23	1
h9C12-WT_HC	GGTTDYNAVFMSRLSINK	Tryp	18	1
h9C12-WT_HC	LSINKDDSK	Tryp	9	1
h9C12-WT_HC	DDSKSQVFFTMNSLRPDDTAIYYCAR	Tryp	26	1
h9C12-WT_HC	SQVFFTMNSLRPDDTAIYYCARQGSNFPLAYWGQGTLVTVSA	Tryp	42	1
h9C12-Q97A_HC	QVQLKQSGPGLLQPSQR	Tryp	17	1
h9C12-Q97A_HC	QSGPGLLQPSQRLSITCTVSGFSLGR	Tryp	26	1
h9C12-Q97A_HC	LSITCTVSGFSLGRYGVHWIR	Tryp	21	1
h9C12-Q97A_HC	YGVHWIRQSPGK	Tryp	12	1
h9C12-Q97A_HC	QSPGKGLEWLGVIWR	Tryp	15	1
h9C12-Q97A_HC	GLEWLGVIWRGGTTDYNAVFMSR	Tryp	23	1
h9C12-Q97A_HC	GGTTDYNAVFMSRLSINK	Tryp	18	1
h9C12-Q97A_HC	LSINKDDSK	Tryp	9	1
h9C12-Q97A_HC	DDSKSQVFFTMNSLRPDDTAIYYCAR	Tryp	26	1
h9C12-Q97A_HC	SQVFFTMNSLRPDDTAIYYCARAGSNFPLAYWGQGTLVTVS	Tryp	41	1
h9C12_LC	NIVMTQTPKFLLVSIGDSITITCK	Tryp	24	1
h9C12_LC	FLLVSIGDSITITCKASQSVTNDAAWYQK	Tryp	29	1
h9C12_LC	ASQSVTNDAAWYQKKPGQSPQLLIYQASTR	Tryp	30	1
h9C12_LC	KPGQSPQLLIYQASTRYTGVPDR	Tryp	23	1
h9C12_LC	YTGVPDRFSGSGYGTDFTFTISAVQAEDLAVYFCHQDYSSPLTFGAGTK	Tryp	49	1
h9C12_LC	FSGSGYGTDFTFTISAVQAEDLAVYFCHQDYSSPLTFGAGTKLELK	Tryp	46	1
PGDM1400_HC	QAQLVQSGPEVRKPGTSVKVSCKAPGNTLKTYDLHW	Ct	36	1
PGDM1400_HC	DLHWVRSVPGQGLQWMGW	Ct	18	1
PGDM1400_HC	VRSVPGQGLQWMGWISHEGDKKVIVERF	Ct	28	1
PGDM1400_HC	ISHEGDKKVIVERFKAKVTIDW	Ct	22	1
PGDM1400_HC	KAKVTIDWDRSTNTAY	Ct	16	1
PGDM1400_HC	DRSTNTAYLQLSGLTSGDTAVY	Ct	22	1
PGDM1400_HC	LQLSGLTSGDTAVYY	Ct	15	1
PGDM1400_HC	YCAKGSKHRLRDY	Ct	13	1
PGDM1400_HC	CAKGSKHRLRDYALY	Ct	15	1
PGDM1400_HC	ALYDDDGALNW	Ct	11	1
PGDM1400_HC	DDDGALNWAVDVDY	Ct	14	1
PGDM1400_HC	AVDVDYLSNLEF	Ct	12	1
PGDM1400_HC	LSNLEFW	Ct	7	1
PGDM1400_HC	WGQGTAVTVSS	Ct	11	1
PGDM1400_LC	DFVLTQSPHSLSVTPGESASISCKSSHSLIHGDRNNY	Ct	37	1
PGDM1400_LC	VLTQSPHSLSVTPGESASISCKSSHSLIHGDRNNYLAW	Ct	38	1
PGDM1400_LC	YVQKPGRSPQLLIY	Ct	14	1
PGDM1400_LC	VQKPGRSPQLLIYLASSRASGVPDRF	Ct	26	1
PGDM1400_LC	LASSRASGVPDRFSGSGSDKDF	Ct	22	1
PGDM1400_LC	SGSGSDKDFTLKISRVETEDVGTY	Ct	24	1
PGDM1400_LC	TLKISRVETEDVGTYY	Ct	16	1
PGDM1400_LC	YCMQGRESPW	Ct	10	1
PGDM1400_LC	CMQGRESPWTF	Ct	11	1
PGDM1400_LC	TFGQGTKVDIK	Ct	11	1
PGT121_HC	QMQLQESGPGLVKPSETLSLTCSVSGASISDSYW	Ct	34	1
PGT121_HC	SWIRRSPGKGLEW	Ct	13	1
PGT121_HC	IRRSPGKGLEWIGY	Ct	14	1
PGT121_HC	IGYVHKSGDTNY	Ct	12	1
PGT121_HC	VHKSGDTNYSPSLKSRVNLSLDTSKNQVSLSLVAATAADSGKY	Ct	43	1
PGT121_HC	SPSLKSRVNLSLDTSKNQVSLSLVAATAADSGKYY	Ct	35	1
PGT121_HC	YCARTLHGRRIY	Ct	12	1
PGT121_HC	CARTLHGRRIYGIVAF	Ct	16	1
PGT121_HC	GIVAFNEW	Ct	8	1
PGT121_HC	MDVWGNGTQVTVSS	Ct	14	1
PGT121_LC	SDISVAPGETARISCGEKSLGSRAVQWY	Ct	28	1
PGT121_LC	YQHRAGQAPSLIIY	Ct	14	1
PGT121_LC	QHRAGQAPSLIIYNNQDRPSGIPERF	Ct	26	1
PGT121_LC	NNQDRPSGIPERFSGSPDSPF	Ct	21	1
PGT121_LC	SGSPDSPFGTTATLTITSVEAGDEADY	Ct	27	1
PGT121_LC	GTTATLTITSVEAGDEADYY	Ct	20	1
PGT121_LC	CHIWDSRVPTKW	Ct	12	1
PGT121_LC	DSRVPTKWVF	Ct	10	1
PGT121_LC	VFGGGTTLTVL	Ct	11	1
Umab_HC	EVQLVQSGAEVKKPGESLKISCKGSGYSF	Ct	29	1
Umab_HC	LGWVRQMPGKGLDW	Ct	14	1
Umab_HC	VRQMPGKGLDWIGIMSPVDSDIRY	Ct	24	1
Umab_HC	IGIMSPVDSDIRYSPSF	Ct	17	1
Umab_HC	SPSFQGQVTMSVDKSITTAY	Ct	20	1
Umab_HC	QGQVTMSVDKSITTAYLQW	Ct	19	1
Umab_HC	LQWNSLKASDTAMY	Ct	14	1
Umab_HC	NSLKASDTAMYY	Ct	12	1
Umab_HC	YCARRRPGQGY	Ct	11	1
Umab_HC	CARRRPGQGYF	Ct	11	1
Umab_HC	WGQGTLVTVSS	Ct	11	1
Umab_LC	DIQMTQSPSSLSASVGDRVTITCRASQGISSWLAW	Ct	35	1
Umab_LC	YQQKPEKAPKSLIY	Ct	14	1
Umab_LC	QQKPEKAPKSLIYAASSLQSGVPSRF	Ct	26	1
Umab_LC	AASSLQSGVPSRFSGSGSGTDF	Ct	22	1
Umab_LC	SGSGSGTDFTLTISSLQPEDF	Ct	21	1
Umab_LC	TLTISSLQPEDFATY	Ct	15	1
Umab_LC	CQQYNIYPY	Ct	9	1
Umab_LC	NIYPYTF	Ct	7	1
Umab_LC	TFGQGTKLEIK	Ct	11	1
Brimab_HC	QVQLVESGGGVVQPGRSLRLSCAASGFTF	Ct	29	1
Brimab_HC	SSYGMHW	Ct	7	1
Brimab_HC	GMHWVRQAPGKGLEW	Ct	15	1
Brimab_HC	VRQAPGKGLEWVAF	Ct	14	1
Brimab_HC	IRYDGSNKY	Ct	9	1
Brimab_HC	DGSNKYY	Ct	7	1
Brimab_HC	YADSVKGRF	Ct	9	1
Brimab_HC	ADSVKGRFTISRDNSKNTLY	Ct	20	1
Brimab_HC	TISRDNSKNTLYLQMNSLRAEDTAVY	Ct	26	1
Brimab_HC	LQMNSLRAEDTAVYY	Ct	15	1
Brimab_HC	YCKTHGSHDNW	Ct	11	1
Brimab_HC	CKTHGSHDNWGQGTMVTVSS	Ct	20	1
Brimab_LC	QSVLTQPPSVSGAPGQRVTISCSGSRSNIGSNTVKWY	Ct	37	1
Brimab_LC	YQQLPGTAPKLLIY	Ct	14	1
Brimab_LC	QQLPGTAPKLLIYY	Ct	14	1
Brimab_LC	YNDQRPSGVPDRF	Ct	13	1
Brimab_LC	NDQRPSGVPDRFSGSKSGTSASLAITGLQAEDEADY	Ct	36	1
Brimab_LC	SGSKSGTSASLAITGLQAEDEADYY	Ct	25	1
Brimab_LC	CQSYDRY	Ct	7	1
Brimab_LC	DRYTHPALLF	Ct	10	1
Brimab_LC	THPALLFGTGTKVTVL	Ct	16	1
h9C12-WT_HC	QVQLKQSGPGLLQPSQRLSITCTVSGFSLGRY	Ct	32	1
h9C12-WT_HC	SLGRYGVHW	Ct	9	1
h9C12-WT_HC	GVHWIRQSPGKGLEW	Ct	15	1
h9C12-WT_HC	IRQSPGKGLEWLGVIW	Ct	16	1
h9C12-WT_HC	LGVIWRGGTTDY	Ct	12	1
h9C12-WT_HC	RGGTTDYNAVF	Ct	11	1
h9C12-WT_HC	NAVFMSRLSINKDDSKSQVF	Ct	20	1
h9C12-WT_HC	MSRLSINKDDSKSQVFF	Ct	17	1
h9C12-WT_HC	FTMNSLRPDDTAIY	Ct	14	1
h9C12-WT_HC	TMNSLRPDDTAIYY	Ct	14	1
h9C12-WT_HC	YCARQGSNFPLAY	Ct	13	1
h9C12-WT_HC	CARQGSNFPLAYW	Ct	13	1
h9C12-WT_HC	WGQGTLVTVSA	Ct	11	1
h9C12-Q97A_HC	QVQLKQSGPGLLQPSQRLSITCTVSGFSLGRY	Ct	32	1
h9C12-Q97A_HC	SLGRYGVHW	Ct	9	1
h9C12-Q97A_HC	GVHWIRQSPGKGLEW	Ct	15	1
h9C12-Q97A_HC	IRQSPGKGLEWLGVIW	Ct	16	1
h9C12-Q97A_HC	LGVIWRGGTTDY	Ct	12	1
h9C12-Q97A_HC	RGGTTDYNAVF	Ct	11	1
h9C12-Q97A_HC	NAVFMSRLSINKDDSKSQVF	Ct	20	1
h9C12-Q97A_HC	MSRLSINKDDSKSQVFF	Ct	17	1
h9C12-Q97A_HC	FTMNSLRPDDTAIY	Ct	14	1
h9C12-Q97A_HC	TMNSLRPDDTAIYY	Ct	14	1
h9C12-Q97A_HC	YCARAGSNFPLAY	Ct	13	1
h9C12-Q97A_HC	CARAGSNFPLAYW	Ct	13	1
h9C12-Q97A_HC	WGQGTLVTVS	Ct	10	1
h9C12_LC	NIVMTQTPKFLLVSIGDSITITCKASQSVTNDAAW	Ct	35	1
h9C12_LC	LLVSIGDSITITCKASQSVTNDAAWY	Ct	26	1
h9C12_LC	YQKKPGQSPQLLIY	Ct	14	1
h9C12_LC	QKKPGQSPQLLIYQASTRY	Ct	19	1
h9C12_LC	QASTRYTGVPDRF	Ct	13	1
h9C12_LC	TGVPDRFSGSGY	Ct	12	1
h9C12_LC	SGSGYGTDF	Ct	9	1
h9C12_LC	TFTISAVQAEDLAVY	Ct	15	1
h9C12_LC	TISAVQAEDLAVYF	Ct	14	1
h9C12_LC	CHQDYSSPLTF	Ct	11	1
h9C12_LC	SSPLTFGAGTKLELK	Ct	15	1
PGDM1400_HC	QAQLVQSGPEVRKPGTSVK	Ct+Tryp	19	1
PGDM1400_HC	KPGTSVKVSCK	Ct+Tryp	11	1
PGDM1400_HC	VSCKAPGNTLK	Ct+Tryp	11	1
PGDM1400_HC	APGNTLKTYDLHW	Ct+Tryp	13	1
PGDM1400_HC	DLHWVRSVPGQGLQWMGW	Ct+Tryp	18	1
PGDM1400_HC	VRSVPGQGLQWMGWISHEGDK	Ct+Tryp	21	1
PGDM1400_HC	SVPGQGLQWMGWISHEGDKK	Ct+Tryp	20	1
PGDM1400_HC	ISHEGDKK	Ct+Tryp	8	1
PGDM1400_HC	VIVERFK	Ct+Tryp	7	1
PGDM1400_HC	AKVTIDW	Ct+Tryp	7	1
PGDM1400_HC	AKVTIDWDR	Ct+Tryp	9	1
PGDM1400_HC	VTIDWDRSTNTAY	Ct+Tryp	13	1
PGDM1400_HC	DRSTNTAYLQLSGLTSGDTAVY	Ct+Tryp	22	1
PGDM1400_HC	LQLSGLTSGDTAVYY	Ct+Tryp	15	1
PGDM1400_HC	YCAKGSK	Ct+Tryp	7	1
PGDM1400_HC	LRDYALY	Ct+Tryp	7	1
PGDM1400_HC	ALYDDDGALNW	Ct+Tryp	11	1
PGDM1400_HC	DDDGALNWAVDVDY	Ct+Tryp	14	1
PGDM1400_HC	AVDVDYLSNLEF	Ct+Tryp	12	1
PGDM1400_HC	LSNLEFW	Ct+Tryp	7	1
PGDM1400_HC	WGQGTAVTVSS	Ct+Tryp	11	1
PGDM1400_LC	DFVLTQSPHSLSVTPGESASISCKSSHSLIHGDR	Ct+Tryp	34	1
PGDM1400_LC	SSHSLIHGDRNNY	Ct+Tryp	13	1
PGDM1400_LC	VLTQSPHSLSVTPGESASISCKSSHSLIHGDR	Ct+Tryp	32	1
PGDM1400_LC	SSHSLIHGDRNNYLAW	Ct+Tryp	16	1
PGDM1400_LC	YVQKPGRSPQLLIY	Ct+Tryp	14	1
PGDM1400_LC	VQKPGRSPQLLIYLASSR	Ct+Tryp	18	1
PGDM1400_LC	SPQLLIYLASSRASGVPDR	Ct+Tryp	19	1
PGDM1400_LC	ASGVPDRF	Ct+Tryp	8	1
PGDM1400_LC	LASSRASGVPDR	Ct+Tryp	12	1
PGDM1400_LC	ASGVPDRFSGSGSDKDF	Ct+Tryp	17	1
PGDM1400_LC	SGSGSDKDFTLKISR	Ct+Tryp	15	1
PGDM1400_LC	ISRVETEDVGTY	Ct+Tryp	12	1
PGDM1400_LC	ISRVETEDVGTYY	Ct+Tryp	13	1
PGDM1400_LC	YCMQGRESPW	Ct+Tryp	10	1
PGDM1400_LC	CMQGRESPWTF	Ct+Tryp	11	1
PGDM1400_LC	TFGQGTKVDIK	Ct+Tryp	11	1
PGT121_HC	QMQLQESGPGLVKPSETLSLTCSVSGASISDSYW	Ct+Tryp	34	1
PGT121_HC	SPGKGLEW	Ct+Tryp	8	1
PGT121_HC	SPGKGLEWIGY	Ct+Tryp	11	1
PGT121_HC	IGYVHKSGDTNY	Ct+Tryp	12	1
PGT121_HC	VHKSGDTNYSPSLK	Ct+Tryp	14	1
PGT121_HC	SGDTNYSPSLKSR	Ct+Tryp	13	1
PGT121_HC	SRVNLSLDTSK	Ct+Tryp	11	1
PGT121_HC	VNLSLDTSKNQVSLSLVAATAADSGK	Ct+Tryp	26	1
PGT121_HC	NQVSLSLVAATAADSGKY	Ct+Tryp	18	1
PGT121_HC	SPSLKSR	Ct+Tryp	7	1
PGT121_HC	SRVNLSLDTSK	Ct+Tryp	11	1
PGT121_HC	VNLSLDTSKNQVSLSLVAATAADSGK	Ct+Tryp	26	1
PGT121_HC	NQVSLSLVAATAADSGKYY	Ct+Tryp	19	1
PGT121_HC	YCARTLHGR	Ct+Tryp	9	1
PGT121_HC	CARTLHGR	Ct+Tryp	8	1
PGT121_HC	RIYGIVAF	Ct+Tryp	8	1
PGT121_HC	GIVAFNEW	Ct+Tryp	8	1
PGT121_HC	MDVWGNGTQVTVSS	Ct+Tryp	14	1
PGT121_LC	SDISVAPGETARISCGEK	Ct+Tryp	18	1
PGT121_LC	ISCGEKSLGSR	Ct+Tryp	11	1
PGT121_LC	SLGSRAVQWY	Ct+Tryp	10	1
PGT121_LC	YQHRAGQAPSLIIY	Ct+Tryp	14	1
PGT121_LC	QHRAGQAPSLIIYNNQDRPSGIPER	Ct+Tryp	25	1
PGT121_LC	AGQAPSLIIYNNQDRPSGIPERF	Ct+Tryp	23	1
PGT121_LC	NNQDRPSGIPERFSGSPDSPF	Ct+Tryp	21	1
PGT121_LC	SGSPDSPFGTTATLTITSVEAGDEADY	Ct+Tryp	27	1
PGT121_LC	GTTATLTITSVEAGDEADYY	Ct+Tryp	20	1
PGT121_LC	CHIWDSRVPTK	Ct+Tryp	11	1
PGT121_LC	DSRVPTK	Ct+Tryp	7	1
PGT121_LC	VPTKWVF	Ct+Tryp	7	1
PGT121_LC	VFGGGTTLTVL	Ct+Tryp	11	1
Umab_HC	EVQLVQSGAEVKKPGESLK	Ct+Tryp	19	1
Umab_HC	KPGESLKISCK	Ct+Tryp	11	1
Umab_HC	ISCKGSGYSF	Ct+Tryp	10	1
Umab_HC	LGWVRQMPGK	Ct+Tryp	10	1
Umab_HC	QMPGKGLDW	Ct+Tryp	9	1
Umab_HC	VRQMPGK	Ct+Tryp	7	1
Umab_HC	QMPGKGLDWIGIMSPVDSDIR	Ct+Tryp	21	1
Umab_HC	GLDWIGIMSPVDSDIRY	Ct+Tryp	17	1
Umab_HC	IGIMSPVDSDIRYSPSF	Ct+Tryp	17	1
Umab_HC	SPSFQGQVTMSVDKSITTAY	Ct+Tryp	20	1
Umab_HC	QGQVTMSVDKSITTAYLQW	Ct+Tryp	19	1
Umab_HC	LQWNSLKASDTAMY	Ct+Tryp	14	1
Umab_HC	NSLKASDTAMYY	Ct+Tryp	12	1
Umab_HC	YCARRRPGQGY	Ct+Tryp	11	1
Umab_HC	CARRRPGQGYF	Ct+Tryp	11	1
Umab_HC	WGQGTLVTVSS	Ct+Tryp	11	1
Umab_LC	DIQMTQSPSSLSASVGDRVTITCR	Ct+Tryp	24	1
Umab_LC	VTITCRASQGISSWLAW	Ct+Tryp	17	1
Umab_LC	YQQKPEKAPK	Ct+Tryp	10	1
Umab_LC	APKSLIY	Ct+Tryp	7	1
Umab_LC	QQKPEKAPK	Ct+Tryp	9	1
Umab_LC	APKSLIYAASSLQSGVPSR	Ct+Tryp	19	1
Umab_LC	SLIYAASSLQSGVPSRF	Ct+Tryp	17	1
Umab_LC	AASSLQSGVPSRFSGSGSGTDF	Ct+Tryp	22	1
Umab_LC	SGSGSGTDFTLTISSLQPEDF	Ct+Tryp	21	1
Umab_LC	TLTISSLQPEDFATY	Ct+Tryp	15	1
Umab_LC	CQQYNIYPY	Ct+Tryp	9	1
Umab_LC	NIYPYTF	Ct+Tryp	7	1
Umab_LC	TFGQGTKLEIK	Ct+Tryp	11	1
Brimab_HC	QVQLVESGGGVVQPGRSLR	Ct+Tryp	19	1
Brimab_HC	SLRLSCAASGFTF	Ct+Tryp	13	1
Brimab_HC	SSYGMHW	Ct+Tryp	7	1
Brimab_HC	GMHWVRQAPGK	Ct+Tryp	11	1
Brimab_HC	QAPGKGLEW	Ct+Tryp	9	1
Brimab_HC	VRQAPGK	Ct+Tryp	7	1
Brimab_HC	QAPGKGLEWVAF	Ct+Tryp	12	1
Brimab_HC	IRYDGSNK	Ct+Tryp	8	1
Brimab_HC	YDGSNKY	Ct+Tryp	7	1
Brimab_HC	DGSNKYY	Ct+Tryp	7	1
Brimab_HC	YADSVKGR	Ct+Tryp	8	1
Brimab_HC	ADSVKGR	Ct+Tryp	7	1
Brimab_HC	GRFTISR	Ct+Tryp	7	1
Brimab_HC	FTISRDNSK	Ct+Tryp	9	1
Brimab_HC	DNSKNTLY	Ct+Tryp	8	1
Brimab_HC	TISRDNSK	Ct+Tryp	8	1
Brimab_HC	DNSKNTLYLQMNSLR	Ct+Tryp	15	1
Brimab_HC	NTLYLQMNSLRAEDTAVY	Ct+Tryp	18	1
Brimab_HC	LQMNSLRAEDTAVYY	Ct+Tryp	15	1
Brimab_HC	YCKTHGSHDNW	Ct+Tryp	11	1
Brimab_HC	CKTHGSHDNWGQGTMVTVSS	Ct+Tryp	20	1
Brimab_LC	QSVLTQPPSVSGAPGQRVTISCSGSR	Ct+Tryp	26	1
Brimab_LC	VTISCSGSRSNIGSNTVK	Ct+Tryp	18	1
Brimab_LC	SNIGSNTVKWY	Ct+Tryp	11	1
Brimab_LC	YQQLPGTAPKLLIY	Ct+Tryp	14	1
Brimab_LC	QQLPGTAPKLLIYY	Ct+Tryp	14	1
Brimab_LC	YNDQRPSGVPDRF	Ct+Tryp	13	1
Brimab_LC	NDQRPSGVPDRFSGSK	Ct+Tryp	16	1
Brimab_LC	FSGSKSGTSASLAITGLQAEDEADY	Ct+Tryp	25	1
Brimab_LC	SGSKSGTSASLAITGLQAEDEADYY	Ct+Tryp	25	1
Brimab_LC	CQSYDRY	Ct+Tryp	7	1
Brimab_LC	DRYTHPALLF	Ct+Tryp	10	1
Brimab_LC	THPALLFGTGTKVTVL	Ct+Tryp	16	1
h9C12-WT_HC	QVQLKQSGPGLLQPSQR	Ct+Tryp	17	1
h9C12-WT_HC	QSGPGLLQPSQRLSITCTVSGFSLGR	Ct+Tryp	26	1
h9C12-WT_HC	LSITCTVSGFSLGRY	Ct+Tryp	15	1
h9C12-WT_HC	SLGRYGVHW	Ct+Tryp	9	1
h9C12-WT_HC	GVHWIRQSPGK	Ct+Tryp	11	1
h9C12-WT_HC	QSPGKGLEW	Ct+Tryp	9	1
h9C12-WT_HC	IRQSPGK	Ct+Tryp	7	1
h9C12-WT_HC	QSPGKGLEWLGVIW	Ct+Tryp	14	1
h9C12-WT_HC	LGVIWRGGTTDY	Ct+Tryp	12	1
h9C12-WT_HC	RGGTTDYNAVF	Ct+Tryp	11	1
h9C12-WT_HC	NAVFMSRLSINK	Ct+Tryp	12	1
h9C12-WT_HC	LSINKDDSK	Ct+Tryp	9	1
h9C12-WT_HC	DDSKSQVF	Ct+Tryp	8	1
h9C12-WT_HC	MSRLSINK	Ct+Tryp	8	1
h9C12-WT_HC	LSINKDDSK	Ct+Tryp	9	1
h9C12-WT_HC	DDSKSQVFF	Ct+Tryp	9	1
h9C12-WT_HC	FTMNSLRPDDTAIY	Ct+Tryp	14	1
h9C12-WT_HC	TMNSLRPDDTAIYY	Ct+Tryp	14	1
h9C12-WT_HC	YCARQGSNFPLAY	Ct+Tryp	13	1
h9C12-WT_HC	CARQGSNFPLAYW	Ct+Tryp	13	1
h9C12-WT_HC	WGQGTLVTVSA	Ct+Tryp	11	1
h9C12-Q97A_HC	QVQLKQSGPGLLQPSQR	Ct+Tryp	17	1
h9C12-Q97A_HC	QSGPGLLQPSQRLSITCTVSGFSLGR	Ct+Tryp	26	1
h9C12-Q97A_HC	LSITCTVSGFSLGRY	Ct+Tryp	15	1
h9C12-Q97A_HC	SLGRYGVHW	Ct+Tryp	9	1
h9C12-Q97A_HC	GVHWIRQSPGK	Ct+Tryp	11	1
h9C12-Q97A_HC	QSPGKGLEW	Ct+Tryp	9	1
h9C12-Q97A_HC	IRQSPGK	Ct+Tryp	7	1
h9C12-Q97A_HC	QSPGKGLEWLGVIW	Ct+Tryp	14	1
h9C12-Q97A_HC	LGVIWRGGTTDY	Ct+Tryp	12	1
h9C12-Q97A_HC	RGGTTDYNAVF	Ct+Tryp	11	1
h9C12-Q97A_HC	NAVFMSRLSINK	Ct+Tryp	12	1
h9C12-Q97A_HC	LSINKDDSK	Ct+Tryp	9	1
h9C12-Q97A_HC	DDSKSQVF	Ct+Tryp	8	1
h9C12-Q97A_HC	MSRLSINK	Ct+Tryp	8	1
h9C12-Q97A_HC	LSINKDDSK	Ct+Tryp	9	1
h9C12-Q97A_HC	DDSKSQVFF	Ct+Tryp	9	1
h9C12-Q97A_HC	FTMNSLRPDDTAIY	Ct+Tryp	14	1
h9C12-Q97A_HC	TMNSLRPDDTAIYY	Ct+Tryp	14	1
h9C12-Q97A_HC	YCARAGSNFPLAY	Ct+Tryp	13	1
h9C12-Q97A_HC	CARAGSNFPLAYW	Ct+Tryp	13	1
h9C12-Q97A_HC	WGQGTLVTVS	Ct+Tryp	10	1
h9C12_LC	NIVMTQTPKFLLVSIGDSITITCK	Ct+Tryp	24	1
h9C12_LC	FLLVSIGDSITITCKASQSVTNDAAW	Ct+Tryp	26	1
h9C12_LC	LLVSIGDSITITCKASQSVTNDAAWY	Ct+Tryp	26	1
h9C12_LC	YQKKPGQSPQLLIY	Ct+Tryp	14	1
h9C12_LC	QKKPGQSPQLLIYQASTR	Ct+Tryp	18	1
h9C12_LC	KPGQSPQLLIYQASTRY	Ct+Tryp	17	1
h9C12_LC	QASTRYTGVPDR	Ct+Tryp	12	1
h9C12_LC	YTGVPDRF	Ct+Tryp	8	1
h9C12_LC	TGVPDRFSGSGY	Ct+Tryp	12	1
h9C12_LC	SGSGYGTDF	Ct+Tryp	9	1
h9C12_LC	TFTISAVQAEDLAVY	Ct+Tryp	15	1
h9C12_LC	TISAVQAEDLAVYF	Ct+Tryp	14	1
h9C12_LC	CHQDYSSPLTF	Ct+Tryp	11	1
h9C12_LC	SSPLTFGAGTKLELK	Ct+Tryp	15	1
PGDM1400_HC	QAQLVQSGPEVRKPGTSVKVSCKAPGNTLKTYDLHWVRSVPGQGLQWMGWISHEG	AspN	55	1
PGDM1400_HC	DLHWVRSVPGQGLQWMGWISHEGDKKVIVERFKAKVTI	AspN	38	1
PGDM1400_HC	DKKVIVERFKAKVTIDW	AspN	17	1
PGDM1400_HC	DWDRSTNTAYLQLSGLTSG	AspN	19	1
PGDM1400_HC	DRSTNTAYLQLSGLTSGDTAVYYCAKGSKHRLR	AspN	33	1
PGDM1400_HC	DTAVYYCAKGSKHRLRDYALY	AspN	21	1
PGDM1400_HC	DDGALNWAV	AspN	9	1
PGDM1400_HC	DGALNWAVDV	AspN	10	1
PGDM1400_HC	DVDYLSNLEFWGQGTAVTVSS	AspN	21	1
PGDM1400_LC	DFVLTQSPHSLSVTPGESASISCKSSHSLIHGDRNNYLAWYVQKPGRSPQLLIYLASSRASGVP	AspN	64	1
PGDM1400_LC	DRNNYLAWYVQKPGRSPQLLIYLASSRASGVPDRFSGSGS	AspN	40	1
PGDM1400_LC	DRFSGSGSDK	AspN	10	1
PGDM1400_LC	DKDFTLKISRVETE	AspN	14	1
PGDM1400_LC	DFTLKISRVETEDVGTYYCMQGRESPWTFGQGTKV	AspN	35	1
PGDM1400_LC	DVGTYYCMQGRESPWTFGQGTKVDIK	AspN	26	1
PGT121_HC	QMQLQESGPGLVKPSETLSLTCSVSGASISDSYWSWIRRSPGKGLEWIGYVHKSG	AspN	55	1
PGT121_HC	DSYWSWIRRSPGKGLEWIGYVHKSGDTNYSPSLKSRVNLSL	AspN	41	1
PGT121_HC	DTNYSPSLKSRVNLSLDTSKNQVSLSLVAATAA	AspN	33	1
PGT121_HC	DTSKNQVSLSLVAATAADSGKYYCARTLHGRRIYGIVAFNEWFTYFYM	AspN	48	1
PGT121_HC	DSGKYYCARTLHGRRIYGIVAFNEWFTYFYMDVWGNGTQVTVSS	AspN	44	1
PGT121_LC	SDISVAPGETARISCGEKSLGSRAVQWYQHRAGQAPSLIIYNNQ	AspN	44	1
PGT121_LC	DISVAPGETARISCGEKSLGSRAVQWYQHRAGQAPSLIIYNNQDRPSGIPERFSGSP	AspN	57	1
PGT121_LC	DRPSGIPERFSGSPDSPFGTTATLTITSVEAG	AspN	32	1
PGT121_LC	DSPFGTTATLTITSVEAGDEA	AspN	21	1
PGT121_LC	DEADYYCHIW	AspN	10	1
PGT121_LC	DYYCHIWDSRVPTKWVFGGGTTLTVL	AspN	26	1
Umab_HC	EVQLVQSGAEVKKPGESLKISCKGSGYSFTTYWLGWVRQMPGKGLDWIGIMSPV	AspN	54	1
Umab_HC	DWIGIMSPVDS	AspN	11	1
Umab_HC	DSDIRYSPSFQGQVTMSV	AspN	18	1
Umab_HC	DIRYSPSFQGQVTMSVDKSITTAYLQWNSLKAS	AspN	33	1
Umab_HC	DKSITTAYLQWNSLKASDTAMYYCARRRPGQGYF	AspN	34	1
Umab_HC	DTAMYYCARRRPGQGYFDFWGQGTLVTVSS	AspN	30	1
Umab_LC	DIQMTQSPSSLSASVGDRVTITCRASQGISSWLAWYQQKPEKAPKSLIYAASSLQSGVPSRFSGSGSGT	AspN	69	1
Umab_LC	DRVTITCRASQGISSWLAWYQQKPEKAPKSLIYAASSLQSGVPSRFSGSGSGTDFTLTISSLQPE	AspN	65	1
Umab_LC	DFTLTISSLQPEDFATYYCQQYNIYPYTFGQGTKLEIK	AspN	38	1
Brimab_HC	QVQLVESGGGVVQPGRSLRLSCAASGFTFSSYGMHWVRQAPGKGLEWVAFIRYDGSNKYYA	AspN	61	1
Brimab_HC	DGSNKYYADSVKGRFTISR	AspN	19	1
Brimab_HC	DSVKGRFTISRDNSKNTLYLQMNSLRAE	AspN	28	1
Brimab_HC	DNSKNTLYLQMNSLRAEDTAVYYCKTHGSH	AspN	30	1
Brimab_HC	DTAVYYCKTHGSHDNWGQGTMVTVSS	AspN	26	1
Brimab_LC	QSVLTQPPSVSGAPGQRVTISCSGSRSNIGSNTVKWYQQLPGTAPKLLIYYNDQRPSGVP	AspN	60	1
Brimab_LC	DQRPSGVPDRFSGSKSGTSASLAITGLQAE	AspN	30	1
Brimab_LC	DRFSGSKSGTSASLAITGLQAEDEA	AspN	25	1
Brimab_LC	DEADYYCQSY	AspN	10	1
Brimab_LC	DYYCQSYDRYTHPALLFGTGTKVTVL	AspN	26	1
h9C12-WT_HC	QVQLKQSGPGLLQPSQRLSITCTVSGFSLGRYGVHWIRQSPGKGLEWLGVIWRGGTTDYNAVFMSRLSINK	AspN	71	1
h9C12-WT_HC	DYNAVFMSRLSINKD	AspN	15	1
h9C12-WT_HC	DDSKSQVFFTMNSLRP	AspN	16	1
h9C12-WT_HC	DSKSQVFFTMNSLRPD	AspN	16	1
h9C12-WT_HC	DDTAIYYCARQGSNFPLAYWGQGTLVTVSA	AspN	30	1
h9C12-Q97A_HC	QVQLKQSGPGLLQPSQRLSITCTVSGFSLGRYGVHWIRQSPGKGLEWLGVIWRGGTTDYNAVFMSRLSINK	AspN	71	1
h9C12-Q97A_HC	DYNAVFMSRLSINKD	AspN	15	1
h9C12-Q97A_HC	DDSKSQVFFTMNSLRP	AspN	16	1
h9C12-Q97A_HC	DSKSQVFFTMNSLRPD	AspN	16	1
h9C12-Q97A_HC	DDTAIYYCARAGSNFPLAYWGQGTLVTVS	AspN	29	1
h9C12_LC	NIVMTQTPKFLLVSIGDSITITCKASQSVTN	AspN	31	1
h9C12_LC	DSITITCKASQSVTNDAAWYQKKPGQSPQLLIYQASTRYTGVP	AspN	43	1
h9C12_LC	DAAWYQKKPGQSPQLLIYQASTRYTGVPDRFSGSGYGT	AspN	38	1
h9C12_LC	DRFSGSGYGTDFTFTISAVQAE	AspN	22	1
h9C12_LC	DFTFTISAVQAEDLAVYFCHQ	AspN	21	1
h9C12_LC	DLAVYFCHQDYSSPLTFGAGTKLELK	AspN	26	1
PGDM1400_HC	QAQLVQSGPEVRKPGTSVKVSCK	Tryp	23	2
PGDM1400_HC	KPGTSVKVSCKAPGNTLK	Tryp	18	2
PGDM1400_HC	VSCKAPGNTLKTYDLHWVR	Tryp	19	2
PGDM1400_HC	APGNTLKTYDLHWVRSVPGQGLQWMGWISHEGDK	Tryp	34	2
PGDM1400_HC	TYDLHWVRSVPGQGLQWMGWISHEGDKK	Tryp	28	2
PGDM1400_HC	SVPGQGLQWMGWISHEGDKKVIVER	Tryp	25	2
PGDM1400_HC	KVIVERFK	Tryp	8	2
PGDM1400_HC	VIVERFKAK	Tryp	9	2
PGDM1400_HC	FKAKVTIDWDR	Tryp	11	2
PGDM1400_HC	AKVTIDWDRSTNTAYLQLSGLTSGDTAVYYCAK	Tryp	33	2
PGDM1400_HC	VTIDWDRSTNTAYLQLSGLTSGDTAVYYCAKGSK	Tryp	34	2
PGDM1400_HC	STNTAYLQLSGLTSGDTAVYYCAKGSKHR	Tryp	29	2
PGDM1400_HC	GSKHRLR	Tryp	7	2
PGDM1400_HC	HRLRDYALYDDDGALNWAVDVDYLSNLEFWGQGTAVTVSS	Tryp	40	2
PGDM1400_LC	DFVLTQSPHSLSVTPGESASISCKSSHSLIHGDRNNYLAWYVQKPGR	Tryp	47	2
PGDM1400_LC	SSHSLIHGDRNNYLAWYVQKPGRSPQLLIYLASSR	Tryp	35	2
PGDM1400_LC	NNYLAWYVQKPGRSPQLLIYLASSRASGVPDR	Tryp	32	2
PGDM1400_LC	SPQLLIYLASSRASGVPDRFSGSGSDKDFTLK	Tryp	32	2
PGDM1400_LC	ASGVPDRFSGSGSDKDFTLKISR	Tryp	23	2
PGDM1400_LC	FSGSGSDKDFTLKISRVETEDVGTYYCMQGR	Tryp	31	2
PGDM1400_LC	ISRVETEDVGTYYCMQGRESPWTFGQGTK	Tryp	29	2
PGDM1400_LC	VETEDVGTYYCMQGRESPWTFGQGTKVDIK	Tryp	30	2
PGT121_HC	QMQLQESGPGLVKPSETLSLTCSVSGASISDSYWSWIRRSPGK	Tryp	43	2
PGT121_HC	RSPGKGLEWIGYVHK	Tryp	15	2
PGT121_HC	SPGKGLEWIGYVHKSGDTNYSPSLK	Tryp	25	2
PGT121_HC	GLEWIGYVHKSGDTNYSPSLKSR	Tryp	23	2
PGT121_HC	SGDTNYSPSLKSRVNLSLDTSK	Tryp	22	2
PGT121_HC	SRVNLSLDTSKNQVSLSLVAATAADSGK	Tryp	28	2
PGT121_HC	VNLSLDTSKNQVSLSLVAATAADSGKYYCAR	Tryp	31	2
PGT121_HC	NQVSLSLVAATAADSGKYYCARTLHGR	Tryp	27	2
PGT121_HC	YYCARTLHGRR	Tryp	11	2
PGT121_HC	TLHGRRIYGIVAFNEWFTYFYMDVWGNGTQVTVSS	Tryp	35	2
PGT121_LC	SDISVAPGETARISCGEKSLGSR	Tryp	23	2
PGT121_LC	ISCGEKSLGSRAVQWYQHR	Tryp	19	2
PGT121_LC	SLGSRAVQWYQHRAGQAPSLIIYNNQDRPSGIPER	Tryp	35	2
PGT121_LC	AVQWYQHRAGQAPSLIIYNNQDRPSGIPERFSGSPDSPFGTTATLTITSVEAGDEADYYCHIWDSR	Tryp	66	2
PGT121_LC	AGQAPSLIIYNNQDRPSGIPERFSGSPDSPFGTTATLTITSVEAGDEADYYCHIWDSRVPTK	Tryp	62	2
PGT121_LC	FSGSPDSPFGTTATLTITSVEAGDEADYYCHIWDSRVPTKWVFGGGTTLTVL	Tryp	52	2
Umab_HC	EVQLVQSGAEVKKPGESLKISCK	Tryp	23	2
Umab_HC	KPGESLKISCKGSGYSFTTYWLGWVR	Tryp	26	2
Umab_HC	ISCKGSGYSFTTYWLGWVRQMPGK	Tryp	24	2
Umab_HC	GSGYSFTTYWLGWVRQMPGKGLDWIGIMSPVDSDIR	Tryp	36	2
Umab_HC	QMPGKGLDWIGIMSPVDSDIRYSPSFQGQVTMSVDK	Tryp	36	2
Umab_HC	GLDWIGIMSPVDSDIRYSPSFQGQVTMSVDKSITTAYLQWNSLK	Tryp	44	2
Umab_HC	YSPSFQGQVTMSVDKSITTAYLQWNSLKASDTAMYYCAR	Tryp	39	2
Umab_HC	SITTAYLQWNSLKASDTAMYYCARRRPGQGYFDFWGQGTLVTVSS	Tryp	45	2
Umab_LC	DIQMTQSPSSLSASVGDRVTITCRASQGISSWLAWYQQKPEK	Tryp	42	2
Umab_LC	VTITCRASQGISSWLAWYQQKPEKAPK	Tryp	27	2
Umab_LC	ASQGISSWLAWYQQKPEKAPKSLIYAASSLQSGVPSR	Tryp	37	2
Umab_LC	APKSLIYAASSLQSGVPSRFSGSGSGTDFTLTISSLQPEDFATYYCQQYNIYPYTFGQGTK	Tryp	61	2
Umab_LC	SLIYAASSLQSGVPSRFSGSGSGTDFTLTISSLQPEDFATYYCQQYNIYPYTFGQGTKLEIK	Tryp	62	2
Brimab_HC	QVQLVESGGGVVQPGRSLRLSCAASGFTFSSYGMHWVR	Tryp	38	2
Brimab_HC	SLRLSCAASGFTFSSYGMHWVRQAPGK	Tryp	27	2
Brimab_HC	LSCAASGFTFSSYGMHWVRQAPGKGLEWVAFIR	Tryp	33	2
Brimab_HC	QAPGKGLEWVAFIRYDGSNK	Tryp	20	2
Brimab_HC	GLEWVAFIRYDGSNKYYADSVK	Tryp	22	2
Brimab_HC	YDGSNKYYADSVKGR	Tryp	15	2
Brimab_HC	YYADSVKGRFTISR	Tryp	14	2
Brimab_HC	GRFTISRDNSK	Tryp	11	2
Brimab_HC	FTISRDNSKNTLYLQMNSLR	Tryp	20	2
Brimab_HC	DNSKNTLYLQMNSLRAEDTAVYYCK	Tryp	25	2
Brimab_HC	NTLYLQMNSLRAEDTAVYYCKTHGSHDNWGQGTMVTVSS	Tryp	39	2
Brimab_LC	QSVLTQPPSVSGAPGQRVTISCSGSRSNIGSNTVK	Tryp	35	2
Brimab_LC	VTISCSGSRSNIGSNTVKWYQQLPGTAPK	Tryp	29	2
Brimab_LC	SNIGSNTVKWYQQLPGTAPKLLIYYNDQRPSGVPDR	Tryp	36	2
Brimab_LC	WYQQLPGTAPKLLIYYNDQRPSGVPDRFSGSK	Tryp	32	2
Brimab_LC	LLIYYNDQRPSGVPDRFSGSKSGTSASLAITGLQAEDEADYYCQSYDR	Tryp	48	2
Brimab_LC	FSGSKSGTSASLAITGLQAEDEADYYCQSYDRYTHPALLFGTGTK	Tryp	45	2
Brimab_LC	SGTSASLAITGLQAEDEADYYCQSYDRYTHPALLFGTGTKVTVL	Tryp	44	2
h9C12-WT_HC	QVQLKQSGPGLLQPSQRLSITCTVSGFSLGR	Tryp	31	2
h9C12-WT_HC	QSGPGLLQPSQRLSITCTVSGFSLGRYGVHWIR	Tryp	33	2
h9C12-WT_HC	LSITCTVSGFSLGRYGVHWIRQSPGK	Tryp	26	2
h9C12-WT_HC	YGVHWIRQSPGKGLEWLGVIWR	Tryp	22	2
h9C12-WT_HC	QSPGKGLEWLGVIWRGGTTDYNAVFMSR	Tryp	28	2
h9C12-WT_HC	GLEWLGVIWRGGTTDYNAVFMSRLSINK	Tryp	28	2
h9C12-WT_HC	GGTTDYNAVFMSRLSINKDDSK	Tryp	22	2
h9C12-WT_HC	LSINKDDSKSQVFFTMNSLRPDDTAIYYCAR	Tryp	31	2
h9C12-WT_HC	DDSKSQVFFTMNSLRPDDTAIYYCARQGSNFPLAYWGQGTLVTVSA	Tryp	46	2
h9C12-Q97A_HC	QVQLKQSGPGLLQPSQRLSITCTVSGFSLGR	Tryp	31	2
h9C12-Q97A_HC	QSGPGLLQPSQRLSITCTVSGFSLGRYGVHWIR	Tryp	33	2
h9C12-Q97A_HC	LSITCTVSGFSLGRYGVHWIRQSPGK	Tryp	26	2
h9C12-Q97A_HC	YGVHWIRQSPGKGLEWLGVIWR	Tryp	22	2
h9C12-Q97A_HC	QSPGKGLEWLGVIWRGGTTDYNAVFMSR	Tryp	28	2
h9C12-Q97A_HC	GLEWLGVIWRGGTTDYNAVFMSRLSINK	Tryp	28	2
h9C12-Q97A_HC	GGTTDYNAVFMSRLSINKDDSK	Tryp	22	2
h9C12-Q97A_HC	LSINKDDSKSQVFFTMNSLRPDDTAIYYCAR	Tryp	31	2
h9C12-Q97A_HC	DDSKSQVFFTMNSLRPDDTAIYYCARAGSNFPLAYWGQGTLVTVS	Tryp	45	2
h9C12_LC	NIVMTQTPKFLLVSIGDSITITCKASQSVTNDAAWYQK	Tryp	38	2
h9C12_LC	FLLVSIGDSITITCKASQSVTNDAAWYQKKPGQSPQLLIYQASTR	Tryp	45	2
h9C12_LC	ASQSVTNDAAWYQKKPGQSPQLLIYQASTRYTGVPDR	Tryp	37	2
h9C12_LC	KPGQSPQLLIYQASTRYTGVPDRFSGSGYGTDFTFTISAVQAEDLAVYFCHQDYSSPLTFGAGTK	Tryp	65	2
h9C12_LC	YTGVPDRFSGSGYGTDFTFTISAVQAEDLAVYFCHQDYSSPLTFGAGTKLELK	Tryp	53	2
PGDM1400_HC	QAQLVQSGPEVRKPGTSVKVSCKAPGNTLKTYDLHWVRSVPGQGLQWMGW	Ct	50	2
PGDM1400_HC	DLHWVRSVPGQGLQWMGWISHEGDKKVIVERF	Ct	32	2
PGDM1400_HC	VRSVPGQGLQWMGWISHEGDKKVIVERFKAKVTIDW	Ct	36	2
PGDM1400_HC	ISHEGDKKVIVERFKAKVTIDWDRSTNTAY	Ct	30	2
PGDM1400_HC	KAKVTIDWDRSTNTAYLQLSGLTSGDTAVY	Ct	30	2
PGDM1400_HC	DRSTNTAYLQLSGLTSGDTAVYY	Ct	23	2
PGDM1400_HC	LQLSGLTSGDTAVYYCAKGSKHRLRDY	Ct	27	2
PGDM1400_HC	YCAKGSKHRLRDYALY	Ct	16	2
PGDM1400_HC	CAKGSKHRLRDYALYDDDGALNW	Ct	23	2
PGDM1400_HC	ALYDDDGALNWAVDVDY	Ct	17	2
PGDM1400_HC	DDDGALNWAVDVDYLSNLEF	Ct	20	2
PGDM1400_HC	AVDVDYLSNLEFW	Ct	13	2
PGDM1400_HC	LSNLEFWGQGTAVTVSS	Ct	17	2
PGDM1400_LC	DFVLTQSPHSLSVTPGESASISCKSSHSLIHGDRNNYLAW	Ct	40	2
PGDM1400_LC	VLTQSPHSLSVTPGESASISCKSSHSLIHGDRNNYLAWY	Ct	39	2
PGDM1400_LC	LAWYVQKPGRSPQLLIY	Ct	17	2
PGDM1400_LC	YVQKPGRSPQLLIYLASSRASGVPDRF	Ct	27	2
PGDM1400_LC	VQKPGRSPQLLIYLASSRASGVPDRFSGSGSDKDF	Ct	35	2
PGDM1400_LC	LASSRASGVPDRFSGSGSDKDFTLKISRVETEDVGTY	Ct	37	2
PGDM1400_LC	SGSGSDKDFTLKISRVETEDVGTYY	Ct	25	2
PGDM1400_LC	TLKISRVETEDVGTYYCMQGRESPW	Ct	25	2
PGDM1400_LC	YCMQGRESPWTF	Ct	12	2
PGDM1400_LC	CMQGRESPWTFGQGTKVDIK	Ct	20	2
PGT121_HC	QMQLQESGPGLVKPSETLSLTCSVSGASISDSYWSW	Ct	36	2
PGT121_HC	WSWIRRSPGKGLEW	Ct	14	2
PGT121_HC	SWIRRSPGKGLEWIGY	Ct	16	2
PGT121_HC	IRRSPGKGLEWIGYVHKSGDTNY	Ct	23	2
PGT121_HC	IGYVHKSGDTNYSPSLKSRVNLSLDTSKNQVSLSLVAATAADSGKY	Ct	46	2
PGT121_HC	VHKSGDTNYSPSLKSRVNLSLDTSKNQVSLSLVAATAADSGKYY	Ct	44	2
PGT121_HC	SPSLKSRVNLSLDTSKNQVSLSLVAATAADSGKYYCARTLHGRRIY	Ct	46	2
PGT121_HC	YCARTLHGRRIYGIVAF	Ct	17	2
PGT121_HC	CARTLHGRRIYGIVAFNEW	Ct	19	2
PGT121_HC	GIVAFNEWF	Ct	9	2
PGT121_HC	YMDVWGNGTQVTVSS	Ct	15	2
PGT121_LC	SDISVAPGETARISCGEKSLGSRAVQWYQHRAGQAPSLIIY	Ct	41	2
PGT121_LC	YQHRAGQAPSLIIYNNQDRPSGIPERF	Ct	27	2
PGT121_LC	QHRAGQAPSLIIYNNQDRPSGIPERFSGSPDSPF	Ct	34	2
PGT121_LC	NNQDRPSGIPERFSGSPDSPFGTTATLTITSVEAGDEADY	Ct	40	2
PGT121_LC	SGSPDSPFGTTATLTITSVEAGDEADYY	Ct	28	2
PGT121_LC	GTTATLTITSVEAGDEADYYCHIW	Ct	24	2
PGT121_LC	YCHIWDSRVPTKW	Ct	13	2
PGT121_LC	CHIWDSRVPTKWVF	Ct	14	2
PGT121_LC	DSRVPTKWVFGGGTTLTVL	Ct	19	2
Umab_HC	EVQLVQSGAEVKKPGESLKISCKGSGYSFTTY	Ct	32	2
Umab_HC	TTYWLGW	Ct	7	2
Umab_HC	WLGWVRQMPGKGLDW	Ct	15	2
Umab_HC	LGWVRQMPGKGLDWIGIMSPVDSDIRY	Ct	27	2
Umab_HC	VRQMPGKGLDWIGIMSPVDSDIRYSPSF	Ct	28	2
Umab_HC	IGIMSPVDSDIRYSPSFQGQVTMSVDKSITTAY	Ct	33	2
Umab_HC	SPSFQGQVTMSVDKSITTAYLQW	Ct	23	2
Umab_HC	QGQVTMSVDKSITTAYLQWNSLKASDTAMY	Ct	30	2
Umab_HC	LQWNSLKASDTAMYY	Ct	15	2
Umab_HC	NSLKASDTAMYYCARRRPGQGY	Ct	22	2
Umab_HC	YCARRRPGQGYF	Ct	12	2
Umab_HC	CARRRPGQGYFDF	Ct	13	2
Umab_HC	DFWGQGTLVTVSS	Ct	13	2
Umab_LC	DIQMTQSPSSLSASVGDRVTITCRASQGISSWLAWY	Ct	36	2
Umab_LC	LAWYQQKPEKAPKSLIY	Ct	17	2
Umab_LC	YQQKPEKAPKSLIYAASSLQSGVPSRF	Ct	27	2
Umab_LC	QQKPEKAPKSLIYAASSLQSGVPSRFSGSGSGTDF	Ct	35	2
Umab_LC	AASSLQSGVPSRFSGSGSGTDFTLTISSLQPEDF	Ct	34	2
Umab_LC	SGSGSGTDFTLTISSLQPEDFATY	Ct	24	2
Umab_LC	TLTISSLQPEDFATYY	Ct	16	2
Umab_LC	ATYYCQQY	Ct	8	2
Umab_LC	YCQQYNIYPY	Ct	10	2
Umab_LC	CQQYNIYPYTF	Ct	11	2
Umab_LC	NIYPYTFGQGTKLEIK	Ct	16	2
Brimab_HC	QVQLVESGGGVVQPGRSLRLSCAASGFTFSSY	Ct	32	2
Brimab_HC	TFSSYGMHW	Ct	9	2
Brimab_HC	SSYGMHWVRQAPGKGLEW	Ct	18	2
Brimab_HC	GMHWVRQAPGKGLEWVAF	Ct	18	2
Brimab_HC	VRQAPGKGLEWVAFIRY	Ct	17	2
Brimab_HC	VAFIRYDGSNKY	Ct	12	2
Brimab_HC	IRYDGSNKYY	Ct	10	2
Brimab_HC	DGSNKYYADSVKGRF	Ct	15	2
Brimab_HC	YADSVKGRFTISRDNSKNTLY	Ct	21	2
Brimab_HC	ADSVKGRFTISRDNSKNTLYLQMNSLRAEDTAVY	Ct	34	2
Brimab_HC	TISRDNSKNTLYLQMNSLRAEDTAVYY	Ct	27	2
Brimab_HC	LQMNSLRAEDTAVYYCKTHGSHDNW	Ct	25	2
Brimab_HC	YCKTHGSHDNWGQGTMVTVSS	Ct	21	2
Brimab_LC	QSVLTQPPSVSGAPGQRVTISCSGSRSNIGSNTVKWYQQLPGTAPKLLIY	Ct	50	2
Brimab_LC	YQQLPGTAPKLLIYY	Ct	15	2
Brimab_LC	QQLPGTAPKLLIYYNDQRPSGVPDRF	Ct	26	2
Brimab_LC	YNDQRPSGVPDRFSGSKSGTSASLAITGLQAEDEADY	Ct	37	2
Brimab_LC	NDQRPSGVPDRFSGSKSGTSASLAITGLQAEDEADYY	Ct	37	2
Brimab_LC	SGSKSGTSASLAITGLQAEDEADYYCQSY	Ct	29	2
Brimab_LC	YCQSYDRY	Ct	8	2
Brimab_LC	CQSYDRYTHPALLF	Ct	14	2
Brimab_LC	DRYTHPALLFGTGTKVTVL	Ct	19	2
h9C12-WT_HC	QVQLKQSGPGLLQPSQRLSITCTVSGFSLGRYGVHW	Ct	36	2
h9C12-WT_HC	SLGRYGVHWIRQSPGKGLEW	Ct	20	2
h9C12-WT_HC	GVHWIRQSPGKGLEWLGVIW	Ct	20	2
h9C12-WT_HC	IRQSPGKGLEWLGVIWRGGTTDY	Ct	23	2
h9C12-WT_HC	LGVIWRGGTTDYNAVF	Ct	16	2
h9C12-WT_HC	RGGTTDYNAVFMSRLSINKDDSKSQVF	Ct	27	2
h9C12-WT_HC	NAVFMSRLSINKDDSKSQVFF	Ct	21	2
h9C12-WT_HC	MSRLSINKDDSKSQVFFTMNSLRPDDTAIY	Ct	30	2
h9C12-WT_HC	FTMNSLRPDDTAIYY	Ct	15	2
h9C12-WT_HC	TMNSLRPDDTAIYYCARQGSNFPLAY	Ct	26	2
h9C12-WT_HC	YCARQGSNFPLAYW	Ct	14	2
h9C12-WT_HC	CARQGSNFPLAYWGQGTLVTVSA	Ct	23	2
h9C12-Q97A_HC	QVQLKQSGPGLLQPSQRLSITCTVSGFSLGRYGVHW	Ct	36	2
h9C12-Q97A_HC	SLGRYGVHWIRQSPGKGLEW	Ct	20	2
h9C12-Q97A_HC	GVHWIRQSPGKGLEWLGVIW	Ct	20	2
h9C12-Q97A_HC	IRQSPGKGLEWLGVIWRGGTTDY	Ct	23	2
h9C12-Q97A_HC	LGVIWRGGTTDYNAVF	Ct	16	2
h9C12-Q97A_HC	RGGTTDYNAVFMSRLSINKDDSKSQVF	Ct	27	2
h9C12-Q97A_HC	NAVFMSRLSINKDDSKSQVFF	Ct	21	2
h9C12-Q97A_HC	MSRLSINKDDSKSQVFFTMNSLRPDDTAIY	Ct	30	2
h9C12-Q97A_HC	FTMNSLRPDDTAIYY	Ct	15	2
h9C12-Q97A_HC	TMNSLRPDDTAIYYCARAGSNFPLAY	Ct	26	2
h9C12-Q97A_HC	YCARAGSNFPLAYW	Ct	14	2
h9C12-Q97A_HC	CARAGSNFPLAYWGQGTLVTVS	Ct	22	2
h9C12_LC	NIVMTQTPKFLLVSIGDSITITCKASQSVTNDAAWY	Ct	36	2
h9C12_LC	LLVSIGDSITITCKASQSVTNDAAWYQKKPGQSPQLLIY	Ct	39	2
h9C12_LC	YQKKPGQSPQLLIYQASTRY	Ct	20	2
h9C12_LC	QKKPGQSPQLLIYQASTRYTGVPDRF	Ct	26	2
h9C12_LC	QASTRYTGVPDRFSGSGY	Ct	18	2
h9C12_LC	TGVPDRFSGSGYGTDF	Ct	16	2
h9C12_LC	SGSGYGTDFTF	Ct	11	2
h9C12_LC	GTDFTFTISAVQAEDLAVY	Ct	19	2
h9C12_LC	TFTISAVQAEDLAVYF	Ct	16	2
h9C12_LC	TISAVQAEDLAVYFCHQDY	Ct	19	2
h9C12_LC	FCHQDYSSPLTF	Ct	12	2
h9C12_LC	CHQDYSSPLTFGAGTKLELK	Ct	20	2
PGDM1400_HC	QAQLVQSGPEVRKPGTSVKVSCK	Ct+Tryp	23	2
PGDM1400_HC	KPGTSVKVSCKAPGNTLK	Ct+Tryp	18	2
PGDM1400_HC	VSCKAPGNTLKTYDLHWVR	Ct+Tryp	19	2
PGDM1400_HC	APGNTLKTYDLHWVRSVPGQGLQWMGW	Ct+Tryp	27	2
PGDM1400_HC	DLHWVRSVPGQGLQWMGWISHEGDKK	Ct+Tryp	26	2
PGDM1400_HC	SVPGQGLQWMGWISHEGDKKVIVER	Ct+Tryp	25	2
PGDM1400_HC	KVIVERF	Ct+Tryp	7	2
PGDM1400_HC	VRSVPGQGLQWMGWISHEGDKK	Ct+Tryp	22	2
PGDM1400_HC	SVPGQGLQWMGWISHEGDKKVIVER	Ct+Tryp	25	2
PGDM1400_HC	KVIVERFK	Ct+Tryp	8	2
PGDM1400_HC	VIVERFKAK	Ct+Tryp	9	2
PGDM1400_HC	FKAKVTIDW	Ct+Tryp	9	2
PGDM1400_HC	ISHEGDKKVIVER	Ct+Tryp	13	2
PGDM1400_HC	KVIVERFK	Ct+Tryp	8	2
PGDM1400_HC	VIVERFKAK	Ct+Tryp	9	2
PGDM1400_HC	FKAKVTIDWDR	Ct+Tryp	11	2
PGDM1400_HC	AKVTIDWDRSTNTAY	Ct+Tryp	15	2
PGDM1400_HC	KAKVTIDWDR	Ct+Tryp	10	2
PGDM1400_HC	AKVTIDWDRSTNTAYLQLSGLTSGDTAVY	Ct+Tryp	29	2
PGDM1400_HC	DRSTNTAYLQLSGLTSGDTAVYY	Ct+Tryp	23	2
PGDM1400_HC	LQLSGLTSGDTAVYYCAKGSKHR	Ct+Tryp	23	2
PGDM1400_HC	GSKHRLR	Ct+Tryp	7	2
PGDM1400_HC	YCAKGSKHR	Ct+Tryp	9	2
PGDM1400_HC	GSKHRLR	Ct+Tryp	7	2
PGDM1400_HC	HRLRDYALY	Ct+Tryp	9	2
PGDM1400_HC	CAKGSKHR	Ct+Tryp	8	2
PGDM1400_HC	GSKHRLR	Ct+Tryp	7	2
PGDM1400_HC	HRLRDYALYDDDGALNW	Ct+Tryp	17	2
PGDM1400_HC	ALYDDDGALNWAVDVDY	Ct+Tryp	17	2
PGDM1400_HC	DDDGALNWAVDVDYLSNLEF	Ct+Tryp	20	2
PGDM1400_HC	AVDVDYLSNLEFW	Ct+Tryp	13	2
PGDM1400_HC	LSNLEFWGQGTAVTVSS	Ct+Tryp	17	2
PGDM1400_LC	DFVLTQSPHSLSVTPGESASISCKSSHSLIHGDRNNYLAW	Ct+Tryp	40	2
PGDM1400_LC	VLTQSPHSLSVTPGESASISCKSSHSLIHGDRNNYLAWY	Ct+Tryp	39	2
PGDM1400_LC	LAWYVQKPGRSPQLLIY	Ct+Tryp	17	2
PGDM1400_LC	YVQKPGRSPQLLIYLASSRASGVPDR	Ct+Tryp	26	2
PGDM1400_LC	SPQLLIYLASSRASGVPDRF	Ct+Tryp	20	2
PGDM1400_LC	VQKPGRSPQLLIYLASSRASGVPDR	Ct+Tryp	25	2
PGDM1400_LC	SPQLLIYLASSRASGVPDRFSGSGSDKDF	Ct+Tryp	29	2
PGDM1400_LC	LASSRASGVPDRFSGSGSDKDFTLK	Ct+Tryp	25	2
PGDM1400_LC	ASGVPDRFSGSGSDKDFTLKISR	Ct+Tryp	23	2
PGDM1400_LC	FSGSGSDKDFTLKISRVETEDVGTY	Ct+Tryp	25	2
PGDM1400_LC	SGSGSDKDFTLKISRVETEDVGTYY	Ct+Tryp	25	2
PGDM1400_LC	TLKISRVETEDVGTYYCMQGR	Ct+Tryp	21	2
PGDM1400_LC	ISRVETEDVGTYYCMQGRESPW	Ct+Tryp	22	2
PGDM1400_LC	YCMQGRESPWTF	Ct+Tryp	12	2
PGDM1400_LC	CMQGRESPWTFGQGTKVDIK	Ct+Tryp	20	2
PGT121_HC	QMQLQESGPGLVKPSETLSLTCSVSGASISDSYWSW	Ct+Tryp	36	2
PGT121_HC	WSWIRRSPGK	Ct+Tryp	10	2
PGT121_HC	RSPGKGLEW	Ct+Tryp	9	2
PGT121_HC	SWIRRSPGK	Ct+Tryp	9	2
PGT121_HC	RSPGKGLEWIGY	Ct+Tryp	12	2
PGT121_HC	IRRSPGK	Ct+Tryp	7	2
PGT121_HC	RSPGKGLEWIGYVHK	Ct+Tryp	15	2
PGT121_HC	SPGKGLEWIGYVHKSGDTNY	Ct+Tryp	20	2
PGT121_HC	IGYVHKSGDTNYSPSLKSR	Ct+Tryp	19	2
PGT121_HC	SGDTNYSPSLKSRVNLSLDTSK	Ct+Tryp	22	2
PGT121_HC	SRVNLSLDTSKNQVSLSLVAATAADSGK	Ct+Tryp	28	2
PGT121_HC	VNLSLDTSKNQVSLSLVAATAADSGKY	Ct+Tryp	27	2
PGT121_HC	VHKSGDTNYSPSLKSR	Ct+Tryp	16	2
PGT121_HC	SGDTNYSPSLKSRVNLSLDTSK	Ct+Tryp	22	2
PGT121_HC	SRVNLSLDTSKNQVSLSLVAATAADSGK	Ct+Tryp	28	2
PGT121_HC	VNLSLDTSKNQVSLSLVAATAADSGKYY	Ct+Tryp	28	2
PGT121_HC	SPSLKSRVNLSLDTSK	Ct+Tryp	16	2
PGT121_HC	SRVNLSLDTSKNQVSLSLVAATAADSGK	Ct+Tryp	28	2
PGT121_HC	VNLSLDTSKNQVSLSLVAATAADSGKYYCAR	Ct+Tryp	31	2
PGT121_HC	NQVSLSLVAATAADSGKYYCARTLHGR	Ct+Tryp	27	2
PGT121_HC	YYCARTLHGRR	Ct+Tryp	11	2
PGT121_HC	TLHGRRIY	Ct+Tryp	8	2
PGT121_HC	YCARTLHGRR	Ct+Tryp	10	2
PGT121_HC	TLHGRRIYGIVAF	Ct+Tryp	13	2
PGT121_HC	CARTLHGRR	Ct+Tryp	9	2
PGT121_HC	TLHGRRIYGIVAFNEW	Ct+Tryp	16	2
PGT121_HC	GIVAFNEWF	Ct+Tryp	9	2
PGT121_HC	YMDVWGNGTQVTVSS	Ct+Tryp	15	2
PGT121_LC	SDISVAPGETARISCGEKSLGSR	Ct+Tryp	23	2
PGT121_LC	ISCGEKSLGSRAVQWYQHR	Ct+Tryp	19	2
PGT121_LC	SLGSRAVQWYQHRAGQAPSLIIY	Ct+Tryp	23	2
PGT121_LC	YQHRAGQAPSLIIYNNQDRPSGIPERF	Ct+Tryp	27	2
PGT121_LC	QHRAGQAPSLIIYNNQDRPSGIPERFSGSPDSPF	Ct+Tryp	34	2
PGT121_LC	NNQDRPSGIPERFSGSPDSPFGTTATLTITSVEAGDEADY	Ct+Tryp	40	2
PGT121_LC	SGSPDSPFGTTATLTITSVEAGDEADYY	Ct+Tryp	28	2
PGT121_LC	GTTATLTITSVEAGDEADYYCHIW	Ct+Tryp	24	2
PGT121_LC	YCHIWDSRVPTKW	Ct+Tryp	13	2
PGT121_LC	CHIWDSRVPTKWVF	Ct+Tryp	14	2
PGT121_LC	DSRVPTKWVFGGGTTLTVL	Ct+Tryp	19	2
Umab_HC	EVQLVQSGAEVKKPGESLKISCK	Ct+Tryp	23	2
Umab_HC	KPGESLKISCKGSGYSFTTY	Ct+Tryp	20	2
Umab_HC	TTYWLGW	Ct+Tryp	7	2
Umab_HC	WLGWVRQMPGKGLDW	Ct+Tryp	15	2
Umab_HC	LGWVRQMPGKGLDWIGIMSPVDSDIR	Ct+Tryp	26	2
Umab_HC	QMPGKGLDWIGIMSPVDSDIRY	Ct+Tryp	22	2
Umab_HC	VRQMPGKGLDWIGIMSPVDSDIR	Ct+Tryp	23	2
Umab_HC	QMPGKGLDWIGIMSPVDSDIRYSPSF	Ct+Tryp	26	2
Umab_HC	IGIMSPVDSDIRYSPSFQGQVTMSVDKSITTAY	Ct+Tryp	33	2
Umab_HC	SPSFQGQVTMSVDKSITTAYLQW	Ct+Tryp	23	2
Umab_HC	QGQVTMSVDKSITTAYLQWNSLKASDTAMY	Ct+Tryp	30	2
Umab_HC	LQWNSLKASDTAMYY	Ct+Tryp	15	2
Umab_HC	NSLKASDTAMYYCARRRPGQGY	Ct+Tryp	22	2
Umab_HC	YCARRRPGQGYF	Ct+Tryp	12	2
Umab_HC	CARRRPGQGYFDF	Ct+Tryp	13	2
Umab_HC	DFWGQGTLVTVSS	Ct+Tryp	13	2
Umab_LC	DIQMTQSPSSLSASVGDRVTITCRASQGISSWLAWY	Ct+Tryp	36	2
Umab_LC	LAWYQQKPEKAPKSLIY	Ct+Tryp	17	2
Umab_LC	YQQKPEKAPKSLIYAASSLQSGVPSR	Ct+Tryp	26	2
Umab_LC	APKSLIYAASSLQSGVPSRF	Ct+Tryp	20	2
Umab_LC	QQKPEKAPKSLIYAASSLQSGVPSR	Ct+Tryp	25	2
Umab_LC	APKSLIYAASSLQSGVPSRFSGSGSGTDF	Ct+Tryp	29	2
Umab_LC	AASSLQSGVPSRFSGSGSGTDFTLTISSLQPEDF	Ct+Tryp	34	2
Umab_LC	SGSGSGTDFTLTISSLQPEDFATY	Ct+Tryp	24	2
Umab_LC	TLTISSLQPEDFATYY	Ct+Tryp	16	2
Umab_LC	ATYYCQQY	Ct+Tryp	8	2
Umab_LC	YCQQYNIYPY	Ct+Tryp	10	2
Umab_LC	CQQYNIYPYTF	Ct+Tryp	11	2
Umab_LC	NIYPYTFGQGTKLEIK	Ct+Tryp	16	2
Brimab_HC	QVQLVESGGGVVQPGRSLRLSCAASGFTFSSY	Ct+Tryp	32	2
Brimab_HC	TFSSYGMHW	Ct+Tryp	9	2
Brimab_HC	SSYGMHWVRQAPGKGLEW	Ct+Tryp	18	2
Brimab_HC	GMHWVRQAPGKGLEWVAF	Ct+Tryp	18	2
Brimab_HC	VRQAPGKGLEWVAFIR	Ct+Tryp	16	2
Brimab_HC	QAPGKGLEWVAFIRY	Ct+Tryp	15	2
Brimab_HC	VAFIRYDGSNKY	Ct+Tryp	12	2
Brimab_HC	IRYDGSNKYY	Ct+Tryp	10	2
Brimab_HC	DGSNKYYADSVKGR	Ct+Tryp	14	2
Brimab_HC	YYADSVKGRF	Ct+Tryp	10	2
Brimab_HC	YADSVKGRFTISR	Ct+Tryp	13	2
Brimab_HC	GRFTISRDNSK	Ct+Tryp	11	2
Brimab_HC	FTISRDNSKNTLY	Ct+Tryp	13	2
Brimab_HC	ADSVKGRFTISR	Ct+Tryp	12	2
Brimab_HC	GRFTISRDNSK	Ct+Tryp	11	2
Brimab_HC	FTISRDNSKNTLYLQMNSLR	Ct+Tryp	20	2
Brimab_HC	DNSKNTLYLQMNSLRAEDTAVY	Ct+Tryp	22	2
Brimab_HC	TISRDNSKNTLYLQMNSLR	Ct+Tryp	19	2
Brimab_HC	DNSKNTLYLQMNSLRAEDTAVYY	Ct+Tryp	23	2
Brimab_HC	LQMNSLRAEDTAVYYCKTHGSHDNW	Ct+Tryp	25	2
Brimab_HC	YCKTHGSHDNWGQGTMVTVSS	Ct+Tryp	21	2
Brimab_LC	QSVLTQPPSVSGAPGQRVTISCSGSRSNIGSNTVK	Ct+Tryp	35	2
Brimab_LC	VTISCSGSRSNIGSNTVKWYQQLPGTAPK	Ct+Tryp	29	2
Brimab_LC	SNIGSNTVKWYQQLPGTAPKLLIY	Ct+Tryp	24	2
Brimab_LC	YQQLPGTAPKLLIYY	Ct+Tryp	15	2
Brimab_LC	QQLPGTAPKLLIYYNDQRPSGVPDRF	Ct+Tryp	26	2
Brimab_LC	YNDQRPSGVPDRFSGSKSGTSASLAITGLQAEDEADY	Ct+Tryp	37	2
Brimab_LC	NDQRPSGVPDRFSGSKSGTSASLAITGLQAEDEADYY	Ct+Tryp	37	2
Brimab_LC	SGSKSGTSASLAITGLQAEDEADYYCQSY	Ct+Tryp	29	2
Brimab_LC	YCQSYDRY	Ct+Tryp	8	2
Brimab_LC	CQSYDRYTHPALLF	Ct+Tryp	14	2
Brimab_LC	DRYTHPALLFGTGTKVTVL	Ct+Tryp	19	2
h9C12-WT_HC	QVQLKQSGPGLLQPSQRLSITCTVSGFSLGR	Ct+Tryp	31	2
h9C12-WT_HC	QSGPGLLQPSQRLSITCTVSGFSLGRYGVHW	Ct+Tryp	31	2
h9C12-WT_HC	SLGRYGVHWIRQSPGK	Ct+Tryp	16	2
h9C12-WT_HC	YGVHWIRQSPGKGLEW	Ct+Tryp	16	2
h9C12-WT_HC	GVHWIRQSPGKGLEWLGVIW	Ct+Tryp	20	2
h9C12-WT_HC	IRQSPGKGLEWLGVIWR	Ct+Tryp	17	2
h9C12-WT_HC	QSPGKGLEWLGVIWRGGTTDY	Ct+Tryp	21	2
h9C12-WT_HC	LGVIWRGGTTDYNAVF	Ct+Tryp	16	2
h9C12-WT_HC	RGGTTDYNAVFMSRLSINK	Ct+Tryp	19	2
h9C12-WT_HC	GGTTDYNAVFMSRLSINKDDSK	Ct+Tryp	22	2
h9C12-WT_HC	LSINKDDSKSQVF	Ct+Tryp	13	2
h9C12-WT_HC	NAVFMSRLSINKDDSK	Ct+Tryp	16	2
h9C12-WT_HC	LSINKDDSKSQVFF	Ct+Tryp	14	2
h9C12-WT_HC	MSRLSINKDDSK	Ct+Tryp	12	2
h9C12-WT_HC	LSINKDDSKSQVFFTMNSLRPDDTAIY	Ct+Tryp	27	2
h9C12-WT_HC	FTMNSLRPDDTAIYY	Ct+Tryp	15	2
h9C12-WT_HC	TMNSLRPDDTAIYYCARQGSNFPLAY	Ct+Tryp	26	2
h9C12-WT_HC	YCARQGSNFPLAYW	Ct+Tryp	14	2
h9C12-WT_HC	CARQGSNFPLAYWGQGTLVTVSA	Ct+Tryp	23	2
h9C12-Q97A_HC	QVQLKQSGPGLLQPSQRLSITCTVSGFSLGR	Ct+Tryp	31	2
h9C12-Q97A_HC	QSGPGLLQPSQRLSITCTVSGFSLGRYGVHW	Ct+Tryp	31	2
h9C12-Q97A_HC	SLGRYGVHWIRQSPGK	Ct+Tryp	16	2
h9C12-Q97A_HC	YGVHWIRQSPGKGLEW	Ct+Tryp	16	2
h9C12-Q97A_HC	GVHWIRQSPGKGLEWLGVIW	Ct+Tryp	20	2
h9C12-Q97A_HC	IRQSPGKGLEWLGVIWR	Ct+Tryp	17	2
h9C12-Q97A_HC	QSPGKGLEWLGVIWRGGTTDY	Ct+Tryp	21	2
h9C12-Q97A_HC	LGVIWRGGTTDYNAVF	Ct+Tryp	16	2
h9C12-Q97A_HC	RGGTTDYNAVFMSRLSINK	Ct+Tryp	19	2
h9C12-Q97A_HC	GGTTDYNAVFMSRLSINKDDSK	Ct+Tryp	22	2
h9C12-Q97A_HC	LSINKDDSKSQVF	Ct+Tryp	13	2
h9C12-Q97A_HC	NAVFMSRLSINKDDSK	Ct+Tryp	16	2
h9C12-Q97A_HC	LSINKDDSKSQVFF	Ct+Tryp	14	2
h9C12-Q97A_HC	MSRLSINKDDSK	Ct+Tryp	12	2
h9C12-Q97A_HC	LSINKDDSKSQVFFTMNSLRPDDTAIY	Ct+Tryp	27	2
h9C12-Q97A_HC	FTMNSLRPDDTAIYY	Ct+Tryp	15	2
h9C12-Q97A_HC	TMNSLRPDDTAIYYCARAGSNFPLAY	Ct+Tryp	26	2
h9C12-Q97A_HC	YCARAGSNFPLAYW	Ct+Tryp	14	2
h9C12-Q97A_HC	CARAGSNFPLAYWGQGTLVTVS	Ct+Tryp	22	2
h9C12_LC	NIVMTQTPKFLLVSIGDSITITCKASQSVTNDAAWY	Ct+Tryp	36	2
h9C12_LC	LLVSIGDSITITCKASQSVTNDAAWYQKKPGQSPQLLIY	Ct+Tryp	39	2
h9C12_LC	YQKKPGQSPQLLIYQASTRY	Ct+Tryp	20	2
h9C12_LC	QKKPGQSPQLLIYQASTRYTGVPDR	Ct+Tryp	25	2
h9C12_LC	KPGQSPQLLIYQASTRYTGVPDRF	Ct+Tryp	24	2
h9C12_LC	QASTRYTGVPDRFSGSGY	Ct+Tryp	18	2
h9C12_LC	TGVPDRFSGSGYGTDF	Ct+Tryp	16	2
h9C12_LC	SGSGYGTDFTF	Ct+Tryp	11	2
h9C12_LC	GTDFTFTISAVQAEDLAVY	Ct+Tryp	19	2
h9C12_LC	TFTISAVQAEDLAVYF	Ct+Tryp	16	2
h9C12_LC	TISAVQAEDLAVYFCHQDY	Ct+Tryp	19	2
h9C12_LC	FCHQDYSSPLTF	Ct+Tryp	12	2
h9C12_LC	CHQDYSSPLTFGAGTKLELK	Ct+Tryp	20	2
PGDM1400_HC	QAQLVQSGPEVRKPGTSVKVSCKAPGNTLKTYDLHWVRSVPGQGLQWMGWISHEGDKKVIVERFKAKVTI	AspN	70	2
PGDM1400_HC	DLHWVRSVPGQGLQWMGWISHEGDKKVIVERFKAKVTIDW	AspN	40	2
PGDM1400_HC	DKKVIVERFKAKVTIDWDRSTNTAYLQLSGLTSG	AspN	34	2
PGDM1400_HC	DWDRSTNTAYLQLSGLTSGDTAVYYCAKGSKHRLR	AspN	35	2
PGDM1400_HC	DRSTNTAYLQLSGLTSGDTAVYYCAKGSKHRLRDYALY	AspN	38	2
PGDM1400_HC	DTAVYYCAKGSKHRLRDYALYD	AspN	22	2
PGDM1400_HC	DYALYDD	AspN	7	2
PGDM1400_HC	DDDGALNWAV	AspN	10	2
PGDM1400_HC	DDGALNWAVDV	AspN	11	2
PGDM1400_HC	DGALNWAVDVDYLSNLEFWGQGTAVTVSS	AspN	29	2
PGDM1400_LC	DFVLTQSPHSLSVTPGESASISCKSSHSLIHGDRNNYLAWYVQKPGRSPQLLIYLASSRASGVPDRFSGSGS	AspN	72	2
PGDM1400_LC	DRNNYLAWYVQKPGRSPQLLIYLASSRASGVPDRFSGSGSDK	AspN	42	2
PGDM1400_LC	DRFSGSGSDKDFTLKISRVETE	AspN	22	2
PGDM1400_LC	DKDFTLKISRVETEDVGTYYCMQGRESPWTFGQGTKV	AspN	37	2
PGDM1400_LC	DFTLKISRVETEDVGTYYCMQGRESPWTFGQGTKVDIK	AspN	38	2
PGT121_HC	QMQLQESGPGLVKPSETLSLTCSVSGASISDSYWSWIRRSPGKGLEWIGYVHKSGDTNYSPSLKSRVNLSL	AspN	71	2
PGT121_HC	DSYWSWIRRSPGKGLEWIGYVHKSGDTNYSPSLKSRVNLSLDTSKNQVSLSLVAATAA	AspN	58	2
PGT121_HC	DTNYSPSLKSRVNLSLDTSKNQVSLSLVAATAADSGKYYCARTLHGRRIYGIVAFNEWFTYFYM	AspN	64	2
PGT121_HC	DTSKNQVSLSLVAATAADSGKYYCARTLHGRRIYGIVAFNEWFTYFYMDVWGNGTQVTVSS	AspN	61	2
PGT121_LC	SDISVAPGETARISCGEKSLGSRAVQWYQHRAGQAPSLIIYNNQDRPSGIPERFSGSP	AspN	58	2
PGT121_LC	DISVAPGETARISCGEKSLGSRAVQWYQHRAGQAPSLIIYNNQDRPSGIPERFSGSPDSPFGTTATLTITSVEAG	AspN	75	2
PGT121_LC	DRPSGIPERFSGSPDSPFGTTATLTITSVEAGDEA	AspN	35	2
PGT121_LC	DSPFGTTATLTITSVEAGDEADYYCHIW	AspN	28	2
PGT121_LC	DEADYYCHIWDSRVPTKWVFGGGTTLTVL	AspN	29	2
Umab_HC	EVQLVQSGAEVKKPGESLKISCKGSGYSFTTYWLGWVRQMPGKGLDWIGIMSPVDS	AspN	56	2
Umab_HC	DWIGIMSPVDSDIRYSPSFQGQVTMSV	AspN	27	2
Umab_HC	DSDIRYSPSFQGQVTMSVDKSITTAYLQWNSLKAS	AspN	35	2
Umab_HC	DIRYSPSFQGQVTMSVDKSITTAYLQWNSLKASDTAMYYCARRRPGQGYF	AspN	50	2
Umab_HC	DKSITTAYLQWNSLKASDTAMYYCARRRPGQGYFDFWGQGTLVTVSS	AspN	47	2
Umab_LC	DIQMTQSPSSLSASVGDRVTITCRASQGISSWLAWYQQKPEKAPKSLIYAASSLQSGVPSRFSGSGSGTDFTLTISSLQPE	AspN	81	2
Umab_LC	DRVTITCRASQGISSWLAWYQQKPEKAPKSLIYAASSLQSGVPSRFSGSGSGTDFTLTISSLQPEDFATYYCQQYNIYPYTFGQGTKLEIK	AspN	91	2
Brimab_HC	QVQLVESGGGVVQPGRSLRLSCAASGFTFSSYGMHWVRQAPGKGLEWVAFIRYDGSNKYYADSVKGRFTISR	AspN	72	2
Brimab_HC	DGSNKYYADSVKGRFTISRDNSKNTLYLQMNSLRAE	AspN	36	2
Brimab_HC	DSVKGRFTISRDNSKNTLYLQMNSLRAEDTAVYYCKTHGSH	AspN	41	2
Brimab_HC	DNSKNTLYLQMNSLRAEDTAVYYCKTHGSHDNWGQGTMVTVSS	AspN	43	2
Brimab_LC	QSVLTQPPSVSGAPGQRVTISCSGSRSNIGSNTVKWYQQLPGTAPKLLIYYNDQRPSGVPDRFSGSKSGTSASLAITGLQAE	AspN	82	2
Brimab_LC	DQRPSGVPDRFSGSKSGTSASLAITGLQAEDEA	AspN	33	2
Brimab_LC	DRFSGSKSGTSASLAITGLQAEDEADYYCQSY	AspN	32	2
Brimab_LC	DEADYYCQSYDRYTHPALLFGTGTKVTVL	AspN	29	2
h9C12-WT_HC	QVQLKQSGPGLLQPSQRLSITCTVSGFSLGRYGVHWIRQSPGKGLEWLGVIWRGGTTDYNAVFMSRLSINKD	AspN	72	2
h9C12-WT_HC	DYNAVFMSRLSINKDDSKSQVFFTMNSLRP	AspN	30	2
h9C12-WT_HC	DDSKSQVFFTMNSLRPD	AspN	17	2
h9C12-WT_HC	DSKSQVFFTMNSLRPDDTAIYYCARQGSNFPLAYWGQGTLVTVSA	AspN	45	2
h9C12-Q97A_HC	QVQLKQSGPGLLQPSQRLSITCTVSGFSLGRYGVHWIRQSPGKGLEWLGVIWRGGTTDYNAVFMSRLSINKD	AspN	72	2
h9C12-Q97A_HC	DYNAVFMSRLSINKDDSKSQVFFTMNSLRP	AspN	30	2
h9C12-Q97A_HC	DDSKSQVFFTMNSLRPD	AspN	17	2
h9C12-Q97A_HC	DSKSQVFFTMNSLRPDDTAIYYCARAGSNFPLAYWGQGTLVTVS	AspN	44	2
h9C12_LC	NIVMTQTPKFLLVSIGDSITITCKASQSVTNDAAWYQKKPGQSPQLLIYQASTRYTGVP	AspN	59	2
h9C12_LC	DSITITCKASQSVTNDAAWYQKKPGQSPQLLIYQASTRYTGVPDRFSGSGYGT	AspN	53	2
h9C12_LC	DAAWYQKKPGQSPQLLIYQASTRYTGVPDRFSGSGYGTDFTFTISAVQAE	AspN	50	2
h9C12_LC	DRFSGSGYGTDFTFTISAVQAEDLAVYFCHQ	AspN	31	2
h9C12_LC	DFTFTISAVQAEDLAVYFCHQDYSSPLTFGAGTKLELK	AspN	38	2
